0.0025756950490176678,-0.3118417263031006,0.6574902534484863,0.06905986368656158,0.028269538655877113,-0.6462346315383911,0.75948166847229,-1.5354127883911133,0.08038222789764404,-0.11249445378780365,1.3308193683624268,-0.06225467845797539,-0.08605672419071198,-1.5375549793243408,-0.14815065264701843,0.15891291201114655,1.3569077253341675,0.022616181522607803,0.10687217861413956,-0.05849869176745415,-0.14792324602603912,0.0,0.0,-0.05650869384407997,0.3074154853820801,-0.9963839054107666,0.5072278380393982,0.3115540146827698,-0.07038915902376175,0.36932748556137085,-0.13675077259540558,-0.21283702552318573,0.9441931843757629,0.6349201202392578,-0.3149402141571045,-0.01950027421116829,-0.2945605218410492
0.0027668948750942945,-0.312148779630661,0.6534669399261475,0.07751769572496414,0.031056609004735947,-0.6457265019416809,0.758988618850708,-1.551312804222107,0.0677267536520958,-0.12935753166675568,1.3246533870697021,-0.11182507127523422,-0.030352510511875153,-1.5700773000717163,-0.171363964676857,0.15797853469848633,1.3932180404663086,0.019624395295977592,0.1108781099319458,-0.07623663544654846,-0.1591256707906723,0.0,0.0,-0.09023064374923706,0.29138508439064026,-1.0221415758132935,0.5192290544509888,0.3646889925003052,-0.05685490742325783,0.39727267622947693,-0.11806449294090271,-0.24382072687149048,0.9404461979866028,0.6132820844650269,-0.36650556325912476,-0.030484456568956375,-0.3077859878540039
0.0028759813867509365,-0.31211474537849426,0.6531361937522888,0.07980471849441528,0.034335460513830185,-0.6486263871192932,0.7561323642730713,-1.563926339149475,0.0762161836028099,-0.1285116821527481,1.3326666355133057,-0.12124478816986084,-0.03302348032593727,-1.5774931907653809,-0.16319961845874786,0.16055701673030853,1.3898065090179443,0.0160918440669775,0.11138521134853363,-0.06568976491689682,-0.1598006784915924,0.0,0.0,-0.09867384284734726,0.2820098400115967,-1.032036542892456,0.5418545007705688,0.3752481937408447,-0.051174603402614594,0.3975279629230499,-0.124925896525383,-0.23185589909553528,0.9484086036682129,0.6320134997367859,-0.3732827305793762,-0.02800106257200241,-0.3074365258216858
0.0029805717058479786,-0.3120124936103821,0.6524637341499329,0.08173024654388428,0.03689571097493172,-0.6517543792724609,0.7531103491783142,-1.575979232788086,0.08666391670703888,-0.1259961873292923,1.3414943218231201,-0.13418056070804596,-0.033787649124860764,-1.5845484733581543,-0.15653455257415771,0.16307780146598816,1.387305736541748,0.010168761946260929,0.10961193591356277,-0.05302150547504425,-0.15827998518943787,0.0,0.0,-0.11092881113290787,0.27361199259757996,-1.035170555114746,0.5617669820785522,0.38797426223754883,-0.045419927686452866,0.39912959933280945,-0.13297468423843384,-0.219142347574234,0.9533381462097168,0.6543430089950562,-0.3827698230743408,-0.024156706407666206,-0.30580687522888184
0.003092150902375579,-0.3118414580821991,0.6518386602401733,0.08443762362003326,0.03990929573774338,-0.6540917754173279,0.7506274580955505,-1.5880882740020752,0.09594705700874329,-0.12216700613498688,1.3476252555847168,-0.14547352492809296,-0.03228121995925903,-1.5934778451919556,-0.15200237929821014,0.16557860374450684,1.3846529722213745,0.004795790649950504,0.10545788705348969,-0.04331622272729874,-0.1573522537946701,0.0,0.0,-0.12394456565380096,0.26570916175842285,-1.035929799079895,0.5781375169754028,0.3996086120605469,-0.039605479687452316,0.3996887803077698,-0.14287066459655762,-0.20855870842933655,0.9577096700668335,0.6753854751586914,-0.3921792507171631,-0.019781507551670074,-0.3035466969013214
0.003161035478115082,-0.311724454164505,0.651360034942627,0.08500871062278748,0.040681399405002594,-0.6561046242713928,0.7487625479698181,-1.592663288116455,0.10394944250583649,-0.11830101162195206,1.3533567190170288,-0.15556994080543518,-0.029853470623493195,-1.5962207317352295,-0.14923880994319916,0.16646715998649597,1.3843817710876465,-0.0005523208528757095,0.09832264482975006,-0.03638202324509621,-0.15220144391059875,0.0,0.0,-0.1344166398048401,0.26087042689323425,-1.0352904796600342,0.591016948223114,0.408753901720047,-0.03445754572749138,0.3975708484649658,-0.15186534821987152,-0.2006685435771942,0.9619547724723816,0.6918965578079224,-0.39974161982536316,-0.01602381095290184,-0.2989591360092163
0.0032480061054229736,-0.31158512830734253,0.6509489417076111,0.0867115929722786,0.042329058051109314,-0.657383143901825,0.747353196144104,-1.598520040512085,0.11023586988449097,-0.11394139379262924,1.3564245700836182,-0.16247710585594177,-0.02735770121216774,-1.601797103881836,-0.14757731556892395,0.1675635129213333,1.383737564086914,-0.003893828485161066,0.09145825356245041,-0.031850047409534454,-0.14932644367218018,0.0,0.0,-0.14516808092594147,0.25614407658576965,-1.0347892045974731,0.6015896797180176,0.4168452024459839,-0.02996251918375492,0.3954316973686218,-0.16118308901786804,-0.19388258457183838,0.9658468961715698,0.7054706811904907,-0.406308650970459,-0.012472396716475487,-0.29550662636756897
0.0032934658229351044,-0.31150180101394653,0.6505566835403442,0.08669158816337585,0.0424373596906662,-0.6584027409553528,0.7464512586593628,-1.5993430614471436,0.11523973941802979,-0.11044083535671234,1.3595607280731201,-0.1682111620903015,-0.024935007095336914,-1.6028544902801514,-0.14675012230873108,0.16736151278018951,1.3846796751022339,-0.0066199880093336105,0.084325410425663,-0.02943952940404415,-0.14337553083896637,0.0,0.0,-0.15384769439697266,0.253989577293396,-1.0348708629608154,0.6082687973976135,0.4228719174861908,-0.02699650079011917,0.39179617166519165,-0.16836047172546387,-0.18940618634223938,0.969575047492981,0.7141011357307434,-0.41090649366378784,-0.009842592291533947,-0.2911444902420044
0.0033644866198301315,-0.31138160824775696,0.6501035690307617,0.08766068518161774,0.04350855574011803,-0.6589853167533875,0.7457619905471802,-1.6024510860443115,0.11909233033657074,-0.10684764385223389,1.3613653182983398,-0.1716538369655609,-0.022244222462177277,-1.6068058013916016,-0.14626844227313995,0.1674579679965973,1.3852646350860596,-0.007503615692257881,0.0783587247133255,-0.02813669852912426,-0.1403569132089615,0.0,0.0,-0.16251593828201294,0.2513440251350403,-1.0354572534561157,0.6150413751602173,0.4289981424808502,-0.024144580587744713,0.3887828290462494,-0.17556115984916687,-0.1856357753276825,0.9727517366409302,0.7218286991119385,-0.4152354896068573,-0.007466587238013744,-0.28818070888519287
0.00340267363935709,-0.3113091289997101,0.6497616767883301,0.08714433014392853,0.0433177575469017,-0.6594608426094055,0.7454131841659546,-1.6014423370361328,0.12209337204694748,-0.10425584018230438,1.3634587526321411,-0.17483413219451904,-0.020064640790224075,-1.606614589691162,-0.14612416923046112,0.1666060984134674,1.3866649866104126,-0.008306199684739113,0.07303286343812943,-0.027501322329044342,-0.13454139232635498,0.0,0.0,-0.16901159286499023,0.2508206069469452,-1.0360784530639648,0.6184983253479004,0.4333072900772095,-0.02263651415705681,0.3851786255836487,-0.18043269217014313,-0.1833612322807312,0.9750320911407471,0.7253352403640747,-0.4178338050842285,-0.005986684467643499,-0.2848290205001831
0.0034696462098509073,-0.3112117648124695,0.6493141055107117,0.087974414229393,0.0443623922765255,-0.6596518754959106,0.7450851202011108,-1.6039139032363892,0.12449446320533752,-0.10133056342601776,1.3644580841064453,-0.1764412820339203,-0.017654718831181526,-1.6103103160858154,-0.14595772325992584,0.1663678139448166,1.3874485492706299,-0.007640944793820381,0.0690285935997963,-0.02722746878862381,-0.13238295912742615,0.0,0.0,-0.17586122453212738,0.24927017092704773,-1.037656307220459,0.622187077999115,0.4380846917629242,-0.02105671539902687,0.3825415372848511,-0.18585079908370972,-0.18087419867515564,0.9772348403930664,0.7287849187850952,-0.4205538034439087,-0.004527486395090818,-0.2829948365688324
0.0035066392738372087,-0.31115031242370605,0.6490270495414734,0.08728653937578201,0.0441114716231823,-0.6598812937736511,0.7449778318405151,-1.6023828983306885,0.12644526362419128,-0.09930475056171417,1.3660624027252197,-0.17849013209342957,-0.015426738187670708,-1.6096218824386597,-0.14599978923797607,0.16522808372974396,1.3887978792190552,-0.00744427926838398,0.06560251116752625,-0.027170978486537933,-0.12746860086917877,0.0,0.0,-0.18056020140647888,0.2500441074371338,-1.0387874841690063,0.6231357455253601,0.44155675172805786,-0.020540449768304825,0.37939050793647766,-0.18903551995754242,-0.1802334189414978,0.9784370064735413,0.7285962104797363,-0.42195451259613037,-0.004034455865621567,-0.28043943643569946
0.00357113778591156,-0.3110591769218445,0.6487184166908264,0.08794839680194855,0.04504718631505966,-0.6599040627479553,0.7448237538337708,-1.60419499874115,0.12800580263137817,-0.09685958921909332,1.3665859699249268,-0.17923018336296082,-0.013174246996641159,-1.6125136613845825,-0.14584870636463165,0.16500309109687805,1.3891692161560059,-0.006159285083413124,0.06336711347103119,-0.027058474719524384,-0.1260102391242981,0.0,0.0,-0.1853838711977005,0.24947309494018555,-1.0396971702575684,0.6251124143600464,0.4454415440559387,-0.01958627626299858,0.3774991035461426,-0.19276060163974762,-0.17906081676483154,0.9790980815887451,0.7291924953460693,-0.42366287112236023,-0.003406172152608633,-0.27938923239707947
0.0036073585506528616,-0.3110104203224182,0.648567795753479,0.08716180920600891,0.04473161697387695,-0.6599972248077393,0.7448527216911316,-1.6021864414215088,0.12930531799793243,-0.09523013234138489,1.3677080869674683,-0.18068644404411316,-0.01128449011594057,-1.6111838817596436,-0.1458337903022766,0.16399115324020386,1.389995813369751,-0.005531725473701954,0.06151355057954788,-0.027006253600120544,-0.12183269113302231,0.0,0.0,-0.18825101852416992,0.25076767802238464,-1.0404804944992065,0.6250094175338745,0.44822973012924194,-0.019408011808991432,0.37492337822914124,-0.19446715712547302,-0.17910677194595337,0.9793697595596313,0.7274320125579834,-0.42446786165237427,-0.0032971687614917755,-0.2773772180080414
0.003674008185043931,-0.31094080209732056,0.6483749151229858,0.08790762722492218,0.04580708220601082,-0.6598985195159912,0.7447871565818787,-1.6040873527526855,0.13035355508327484,-0.09322090446949005,1.3677278757095337,-0.18108603358268738,-0.009518550708889961,-1.614020824432373,-0.14554829895496368,0.16385430097579956,1.3898708820343018,-0.003931290470063686,0.06061181053519249,-0.026849446818232536,-0.12130437791347504,0.0,0.0,-0.1917707920074463,0.2504318654537201,-1.0418672561645508,0.6261507272720337,0.4517402946949005,-0.01868380233645439,0.37344199419021606,-0.19707132875919342,-0.17818665504455566,0.9801825284957886,0.7274065017700195,-0.4261200726032257,-0.0027223872020840645,-0.27671492099761963
0.003710215911269188,-0.3109227418899536,0.6482663750648499,0.0873284563422203,0.04568764194846153,-0.6599012613296509,0.7448602318763733,-1.6024739742279053,0.13129453361034393,-0.09186568111181259,1.36826491355896,-0.18225321173667908,-0.008432917296886444,-1.6131113767623901,-0.14535653591156006,0.16307325661182404,1.3903084993362427,-0.0030227135866880417,0.05980192497372627,-0.026635240763425827,-0.11847184598445892,0.0,0.0,-0.1938692033290863,0.25186967849731445,-1.044276237487793,0.6262757182121277,0.45471617579460144,-0.018523335456848145,0.37090393900871277,-0.1986149251461029,-0.1780492663383484,0.9815115928649902,0.7264182567596436,-0.42727845907211304,-0.002251893514767289,-0.2748558819293976
0.0037776899989694357,-0.3108624219894409,0.6480133533477783,0.08812131732702255,0.046640027314424515,-0.6598012447357178,0.7447964549064636,-1.6047018766403198,0.13208085298538208,-0.09047985076904297,1.3677570819854736,-0.18207599222660065,-0.007571167312562466,-1.6160645484924316,-0.1450364589691162,0.1631874293088913,1.3895764350891113,-0.0017026609275490046,0.059796370565891266,-0.026390988379716873,-0.11862003803253174,0.0,0.0,-0.19661831855773926,0.25123170018196106,-1.046022891998291,0.6277345418930054,0.4575488567352295,-0.017896059900522232,0.3701343536376953,-0.20090673863887787,-0.1771552562713623,0.9823461771011353,0.7275596857070923,-0.428727388381958,-0.0015897557605057955,-0.27485597133636475
0.003816732205450535,-0.31084609031677246,0.6478570103645325,0.08762337267398834,0.046347469091415405,-0.6598352789878845,0.7448432445526123,-1.6035351753234863,0.13272514939308167,-0.0900154858827591,1.3675363063812256,-0.18268659710884094,-0.007496243342757225,-1.6152799129486084,-0.1448768675327301,0.1626441776752472,1.3894176483154297,-0.0011565745808184147,0.05921231582760811,-0.026353951543569565,-0.11606226116418839,0.0,0.0,-0.1979781687259674,0.2520606815814972,-1.0470417737960815,0.6268983483314514,0.4584185481071472,-0.01807977445423603,0.3691204786300659,-0.20202822983264923,-0.17727403342723846,0.9826983213424683,0.726979672908783,-0.42881473898887634,-0.001360135618597269,-0.2741565704345703
0.0038858233019709587,-0.31079328060150146,0.6474778056144714,0.08860482275485992,0.04724738746881485,-0.6597422957420349,0.7447529435157776,-1.6064881086349487,0.13333752751350403,-0.08908841758966446,1.3667796850204468,-0.1823829561471939,-0.007208574563264847,-1.618880271911621,-0.1445619910955429,0.16308987140655518,1.3887650966644287,-0.00022616825299337506,0.058994174003601074,-0.026210788637399673,-0.11699691414833069,0.0,0.0,-0.2003524899482727,0.2510210871696472,-1.048192024230957,0.6271723508834839,0.4596211910247803,-0.017723124474287033,0.3692258596420288,-0.20473197102546692,-0.1763189733028412,0.9830852150917053,0.7280610799789429,-0.4293251037597656,-0.0006520277820527554,-0.27496054768562317
0.003926309756934643,-0.3107760548591614,0.6471095085144043,0.08811924606561661,0.046836819499731064,-0.659808337688446,0.7447779774665833,-1.606050968170166,0.1338556706905365,-0.0888499766588211,1.3671469688415527,-0.18277184665203094,-0.007068144157528877,-1.6185845136642456,-0.14436429738998413,0.16279557347297668,1.3892576694488525,-0.0005351005238480866,0.058368049561977386,-0.026149310171604156,-0.11500701308250427,0.0,0.0,-0.20144440233707428,0.251534640789032,-1.0485353469848633,0.6258099675178528,0.4593046307563782,-0.0177776962518692,0.3690250515937805,-0.2062448263168335,-0.17638148367404938,0.9827643632888794,0.7276451587677002,-0.42852163314819336,-0.00024334214685950428,-0.27513447403907776
0.003999284468591213,-0.31072497367858887,0.646562397480011,0.08917929977178574,0.04777851328253746,-0.6597252488136292,0.7446656227111816,-1.6097345352172852,0.13444535434246063,-0.08812529593706131,1.366875410079956,-0.1824013888835907,-0.006775003857910633,-1.6228282451629639,-0.1440703272819519,0.16330499947071075,1.389207363128662,-6.585434312000871e-05,0.0580010786652565,-0.026005420833826065,-0.11630161106586456,0.0,0.0,-0.2037971019744873,0.25038808584213257,-1.0488885641098022,0.6259641051292419,0.4597030282020569,-0.01704270765185356,0.36994582414627075,-0.2090616077184677,-0.17543604969978333,0.9829277992248535,0.7282780408859253,-0.4285200834274292,0.0004876194288954139,-0.2764800190925598
0.004042604006826878,-0.3107009530067444,0.6461577415466309,0.08863501250743866,0.04727417230606079,-0.6598381996154785,0.7446627020835876,-1.6092851161956787,0.13490423560142517,-0.08820156753063202,1.3676838874816895,-0.18291136622428894,-0.006617767736315727,-1.6224652528762817,-0.14404630661010742,0.162944033741951,1.3901450634002686,-0.0006209412240423262,0.05743716284632683,-0.026045165956020355,-0.11427249014377594,0.0,0.0,-0.20469772815704346,0.25121599435806274,-1.049190878868103,0.6246596574783325,0.45928990840911865,-0.01710054650902748,0.369970440864563,-0.21024583280086517,-0.17573794722557068,0.9830198884010315,0.7268360257148743,-0.42789965867996216,0.00041511302697472274,-0.2764590382575989
0.004121537320315838,-0.3106456398963928,0.6457399725914001,0.08948246389627457,0.048014335334300995,-0.6598328948020935,0.7445187568664551,-1.61224365234375,0.13524237275123596,-0.08784184604883194,1.367393136024475,-0.18252530694007874,-0.006452372297644615,-1.6258001327514648,-0.14390404522418976,0.16332808136940002,1.3901664018630981,-0.00019397663709241897,0.057299256324768066,-0.02598574012517929,-0.11532716453075409,0.0,0.0,-0.20659786462783813,0.2504503130912781,-1.0497169494628906,0.6247894763946533,0.4595949649810791,-0.01677435263991356,0.37063682079315186,-0.21246051788330078,-0.17517095804214478,0.9836236238479614,0.7265368700027466,-0.4281424283981323,0.0005085400771349669,-0.27731114625930786
0.004170693922787905,-0.3106229305267334,0.6455156803131104,0.08879557251930237,0.04739769548177719,-0.6599581241607666,0.7445294260978699,-1.6111184358596802,0.1355137676000595,-0.08820606768131256,1.3678532838821411,-0.1829620897769928,-0.006614387966692448,-1.624586582183838,-0.14403881132602692,0.16290102899074554,1.3907232284545898,-0.0006196998292580247,0.05703837797045708,-0.026127811521291733,-0.11302825808525085,0.0,0.0,-0.2070799320936203,0.25151923298835754,-1.0500564575195312,0.623813807964325,0.45913392305374146,-0.01700996607542038,0.370328426361084,-0.21291407942771912,-0.1757412850856781,0.9837687015533447,0.7247180938720703,-0.42755383253097534,0.00020509230671450496,-0.27689170837402344
0.004252229817211628,-0.3105641305446625,0.6452507972717285,0.08949089795351028,0.04798457399010658,-0.659974992275238,0.7443935871124268,-1.6134765148162842,0.1356867551803589,-0.08805648237466812,1.3674695491790771,-0.18248824775218964,-0.006584423594176769,-1.6270815134048462,-0.14394691586494446,0.1633351743221283,1.3905677795410156,-0.00014332847786135972,0.05728752911090851,-0.02617720514535904,-0.11384909600019455,0.0,0.0,-0.2084016501903534,0.25088736414909363,-1.0504322052001953,0.6247689127922058,0.4594053626060486,-0.01661043055355549,0.3707088828086853,-0.21450203657150269,-0.1754039078950882,0.9841755628585815,0.7246476411819458,-0.4277130365371704,0.00017538521206006408,-0.2772306799888611
0.004305417649447918,-0.31054434180259705,0.6451253294944763,0.08874548971652985,0.0473175048828125,-0.660132110118866,0.7443862557411194,-1.6120257377624512,0.1358778178691864,-0.0886278972029686,1.3679059743881226,-0.18280355632305145,-0.0066517735831439495,-1.6254281997680664,-0.14406174421310425,0.16300669312477112,1.3908534049987793,-0.00047507218550890684,0.05731705576181412,-0.02637750282883644,-0.11153201758861542,0.0,0.0,-0.20837730169296265,0.25191015005111694,-1.050134301185608,0.6245100498199463,0.4584904909133911,-0.016757691279053688,0.37035295367240906,-0.2145387977361679,-0.17621329426765442,0.9841026067733765,0.722815990447998,-0.426851749420166,-0.0002681069017853588,-0.2764647603034973
0.00439046137034893,-0.3104996681213379,0.6449624300003052,0.08956126868724823,0.048000942915678024,-0.6601386070251465,0.744239091873169,-1.6142888069152832,0.13608792424201965,-0.08843374252319336,1.3671605587005615,-0.1822497397661209,-0.006731349043548107,-1.6279405355453491,-0.1440277397632599,0.1635575294494629,1.3900493383407593,0.00027344797854311764,0.05771814286708832,-0.026336917653679848,-0.11254557222127914,0.0,0.0,-0.20949040353298187,0.2509608864784241,-1.050227403640747,0.6257445812225342,0.458525151014328,-0.016229920089244843,0.37081074714660645,-0.21599127352237701,-0.1757814735174179,0.9845813512802124,0.7233296632766724,-0.426989883184433,2.191936073359102e-05,-0.2767677307128906
0.004443073645234108,-0.31049230694770813,0.6449459791183472,0.08894932270050049,0.047423530369997025,-0.6602455973625183,0.744254469871521,-1.6128424406051636,0.13636791706085205,-0.08875826001167297,1.3670432567596436,-0.18254254758358002,-0.006912851706147194,-1.6263036727905273,-0.14417202770709991,0.16336022317409515,1.3896468877792358,0.00013123069948051125,0.05782356485724449,-0.026385217905044556,-0.11057557165622711,0.0,0.0,-0.20944583415985107,0.25172102451324463,-1.0498883724212646,0.6255521774291992,0.4577397108078003,-0.016240831464529037,0.3705764412879944,-0.21619856357574463,-0.1762898564338684,0.984406590461731,0.7225077152252197,-0.42623913288116455,-2.3431828594766557e-05,-0.27625879645347595
0.0045287031680345535,-0.31045374274253845,0.6447597146034241,0.08975237607955933,0.0480523556470871,-0.6602034568786621,0.7441551685333252,-1.6151245832443237,0.13665014505386353,-0.08835946768522263,1.3660812377929688,-0.18194764852523804,-0.00710470974445343,-1.6287808418273926,-0.14412781596183777,0.1640605926513672,1.388592004776001,0.0007903104415163398,0.05821887403726578,-0.026113007217645645,-0.11195411533117294,0.0,0.0,-0.21064388751983643,0.25081589818000793,-1.0500473976135254,0.6266905665397644,0.45826107263565063,-0.0155813442543149,0.37111541628837585,-0.2178816944360733,-0.17565831542015076,0.9846601486206055,0.7238157987594604,-0.4266335368156433,0.0005182235618121922,-0.27681899070739746
0.004581982735544443,-0.31043514609336853,0.6446994543075562,0.0890066847205162,0.0473194494843483,-0.6603162884712219,0.744191586971283,-1.613518476486206,0.13688132166862488,-0.08867982029914856,1.3662514686584473,-0.18232424557209015,-0.00739660207182169,-1.6268796920776367,-0.14432966709136963,0.16392484307289124,1.388574242591858,0.00037145952228456736,0.0583016499876976,-0.025987569242715836,-0.10984402894973755,0.0,0.0,-0.21030522882938385,0.25179222226142883,-1.0499818325042725,0.626346230506897,0.45813530683517456,-0.01563948579132557,0.37063539028167725,-0.2179088294506073,-0.17631866037845612,0.9842343330383301,0.7231877446174622,-0.4262152910232544,0.00021055869001429528,-0.27617162466049194
0.004665661603212357,-0.31037887930870056,0.6446946263313293,0.08950687199831009,0.04770675674080849,-0.6603105664253235,0.744111955165863,-1.6148569583892822,0.13700613379478455,-0.08850834518671036,1.365699291229248,-0.1816544532775879,-0.0077067092061042786,-1.62810480594635,-0.14418916404247284,0.16446687281131744,1.387750506401062,0.0007728776545263827,0.058736760169267654,-0.026176828891038895,-0.11090120673179626,0.0,0.0,-0.2112119346857071,0.25081831216812134,-1.0501770973205566,0.6285061240196228,0.45875221490859985,-0.014912068843841553,0.37062308192253113,-0.2187986820936203,-0.17604601383209229,0.9843336343765259,0.7244362831115723,-0.4266025722026825,0.00021266753901727498,-0.2763800323009491
0.004717993550002575,-0.31035566329956055,0.6448585987091064,0.088520348072052,0.04682028293609619,-0.6603789329528809,0.7442255616188049,-1.6122069358825684,0.1370893120765686,-0.08907844126224518,1.3658099174499512,-0.18190625309944153,-0.008038672618567944,-1.6250360012054443,-0.14444486796855927,0.164078950881958,1.3875632286071777,0.0004933540476486087,0.058893099427223206,-0.026488110423088074,-0.10873991250991821,0.0,0.0,-0.21078304946422577,0.2519321143627167,-1.0499138832092285,0.628352165222168,0.45840132236480713,-0.0152557622641325,0.36983346939086914,-0.2179318368434906,-0.17737123370170593,0.9840123057365417,0.7229055166244507,-0.4260016083717346,-0.0007149135344661772,-0.27517735958099365
0.004800628870725632,-0.310284823179245,0.6448065042495728,0.0889836996793747,0.04724480211734772,-0.6602811217308044,0.7442302703857422,-1.6134626865386963,0.137062206864357,-0.08913429081439972,1.3654003143310547,-0.18167367577552795,-0.007989726029336452,-1.6263868808746338,-0.1445949226617813,0.16446590423583984,1.3871785402297974,0.0008384744869545102,0.05933661013841629,-0.026365317404270172,-0.10980191826820374,0.0,0.0,-0.21115273237228394,0.2515256404876709,-1.049588918685913,0.6290630102157593,0.4587737023830414,-0.015221781097352505,0.369814932346344,-0.2181798815727234,-0.17805463075637817,0.9837260842323303,0.723013162612915,-0.4262470006942749,-0.0011859089136123657,-0.27476605772972107
0.004851735197007656,-0.310257226228714,0.6448931694030762,0.08805926889181137,0.046470023691654205,-0.6603286862373352,0.7443468570709229,-1.6110334396362305,0.1370585560798645,-0.08979509770870209,1.3656073808670044,-0.18207654356956482,-0.008107260800898075,-1.6237571239471436,-0.14485353231430054,0.16397784650325775,1.3873791694641113,0.000372177513781935,0.05947142466902733,-0.02652915008366108,-0.10784027725458145,0.0,0.0,-0.21025647222995758,0.252915620803833,-1.0483853816986084,0.6283257603645325,0.4581605792045593,-0.015455067157745361,0.369218647480011,-0.21684002876281738,-0.1797366738319397,0.9829213619232178,0.7209590673446655,-0.42579638957977295,-0.0019396409625187516,-0.27342352271080017
0.0049361917190253735,-0.31020256876945496,0.6449688076972961,0.08870450407266617,0.047076065093278885,-0.6602176427841187,0.7443305850028992,-1.6123132705688477,0.13705959916114807,-0.08971373736858368,1.3643289804458618,-0.18151797354221344,-0.008009519428014755,-1.6252851486206055,-0.14500591158866882,0.16415908932685852,1.3864461183547974,0.0010158894583582878,0.05994361639022827,-0.02640474960207939,-0.10924220085144043,0.0,0.0,-0.2103508710861206,0.25276175141334534,-1.0476130247116089,0.6284419298171997,0.4586549401283264,-0.015318980440497398,0.3695225715637207,-0.2167806625366211,-0.18034270405769348,0.9825652241706848,0.7206463813781738,-0.42634475231170654,-0.002117117866873741,-0.27324914932250977
0.004989424254745245,-0.3101818263530731,0.6452316045761108,0.08785277605056763,0.04635195806622505,-0.6602081656455994,0.7444854378700256,-1.6095480918884277,0.1369413584470749,-0.09015793353319168,1.3637609481811523,-0.18174928426742554,-0.007977130822837353,-1.622373104095459,-0.1454211175441742,0.16364262998104095,1.3861184120178223,0.0008115058881230652,0.06027478724718094,-0.026243947446346283,-0.10761727392673492,0.0,0.0,-0.20900599658489227,0.2543201446533203,-1.0469996929168701,0.6271578669548035,0.457979679107666,-0.016061771661043167,0.3684651553630829,-0.21552546322345734,-0.18167845904827118,0.981684148311615,0.719558835029602,-0.4258173406124115,-0.002444824203848839,-0.27196425199508667
0.005077597219496965,-0.3101447820663452,0.6454474329948425,0.08865054696798325,0.047151144593954086,-0.6600322723388672,0.7444967031478882,-1.610924243927002,0.1368904709815979,-0.08984756469726562,1.3619725704193115,-0.18091681599617004,-0.007884432561695576,-1.6239805221557617,-0.14562508463859558,0.16383926570415497,1.3848298788070679,0.0016267208848148584,0.06066175550222397,-0.025900721549987793,-0.10940583050251007,0.0,0.0,-0.20898476243019104,0.25402551889419556,-1.0468682050704956,0.6272075176239014,0.458257794380188,-0.016115043312311172,0.3685186505317688,-0.21574655175209045,-0.18164218962192535,0.9815629720687866,0.7201471328735352,-0.42612940073013306,-0.002249625511467457,-0.2721565067768097
0.005134115926921368,-0.31013476848602295,0.6456515192985535,0.08818816393613815,0.046876005828380585,-0.6599770188331604,0.7446179389953613,-1.6093661785125732,0.1369498372077942,-0.08998344838619232,1.3613204956054688,-0.18121114373207092,-0.007600374519824982,-1.6223762035369873,-0.1460510492324829,0.16320133209228516,1.3846441507339478,0.00132410554215312,0.06032789498567581,-0.02590627782046795,-0.1080847680568695,0.0,0.0,-0.2079179883003235,0.2553779184818268,-1.046630620956421,0.6249798536300659,0.45754581689834595,-0.017004510387778282,0.36808645725250244,-0.2145070731639862,-0.18265947699546814,0.981101393699646,0.7185559272766113,-0.42557671666145325,-0.0026464704424142838,-0.271738201379776
0.005221045576035976,-0.31009793281555176,0.6457217931747437,0.08908642083406448,0.04777580499649048,-0.6597930788993835,0.7446167469024658,-1.611313819885254,0.1369529366493225,-0.08935752511024475,1.3597131967544556,-0.18043120205402374,-0.007447702810168266,-1.6246604919433594,-0.14615029096603394,0.16337603330612183,1.3838295936584473,0.0019002521876245737,0.060382355004549026,-0.025532761588692665,-0.11022191494703293,0.0,0.0,-0.20802177488803864,0.25499850511550903,-1.0471293926239014,0.6247332096099854,0.45809078216552734,-0.01708975061774254,0.36824503540992737,-0.21506842970848083,-0.18242350220680237,0.9813278317451477,0.7193314433097839,-0.42592811584472656,-0.002322958782315254,-0.2722724676132202
0.00527624785900116,-0.3100844919681549,0.6458359360694885,0.0884958878159523,0.0473305843770504,-0.6597777605056763,0.744729220867157,-1.6096453666687012,0.13701944053173065,-0.08939884603023529,1.359224557876587,-0.18057984113693237,-0.007399074733257294,-1.6229162216186523,-0.14639563858509064,0.16266463696956635,1.3839497566223145,0.0014846937265247107,0.06011326611042023,-0.025440266355872154,-0.10904961079359055,0.0,0.0,-0.2069384902715683,0.2562154531478882,-1.0472142696380615,0.6234132647514343,0.45790430903434753,-0.017573481425642967,0.36776918172836304,-0.21416038274765015,-0.18317019939422607,0.9812501668930054,0.7182918787002563,-0.42551660537719727,-0.0026433661114424467,-0.27184754610061646
0.00536201149225235,-0.31003665924072266,0.6458600163459778,0.08935964852571487,0.048078641295433044,-0.6596623063087463,0.7446804642677307,-1.6116609573364258,0.13707749545574188,-0.08871058374643326,1.3577189445495605,-0.17985422909259796,-0.007191683165729046,-1.6251640319824219,-0.1465531885623932,0.1627044677734375,1.3832894563674927,0.0021021964494138956,0.06027321517467499,-0.02516157552599907,-0.11106504499912262,0.0,0.0,-0.20688903331756592,0.2558183968067169,-1.0475943088531494,0.6235461235046387,0.4587697982788086,-0.017510490491986275,0.3679881691932678,-0.21469247341156006,-0.18289963901042938,0.9814530611038208,0.7189627885818481,-0.425996869802475,-0.0025257249362766743,-0.272411048412323
0.005417192354798317,-0.3100225031375885,0.6459924578666687,0.08873240649700165,0.0475040040910244,-0.6597100496292114,0.7447500228881836,-1.6099374294281006,0.1371193379163742,-0.08878584206104279,1.3573346138000488,-0.17981643974781036,-0.007226648740470409,-1.623205542564392,-0.14681173861026764,0.16199137270450592,1.3835430145263672,0.0018171485280618072,0.060180507600307465,-0.025192301720380783,-0.10977572202682495,0.0,0.0,-0.20552492141723633,0.25700798630714417,-1.0478661060333252,0.6226608157157898,0.45860928297042847,-0.017979556694626808,0.3671959638595581,-0.2139284759759903,-0.1833656132221222,0.9813888072967529,0.7184795141220093,-0.42560064792633057,-0.002713259309530258,-0.27190932631492615
0.005505138076841831,-0.3099828362464905,0.646050751209259,0.08961465209722519,0.04825642704963684,-0.6596294045448303,0.7446674704551697,-1.6119873523712158,0.13715335726737976,-0.08834153413772583,1.3561208248138428,-0.1788821816444397,-0.00734042190015316,-1.6254072189331055,-0.1468295156955719,0.16208824515342712,1.3832056522369385,0.0025454354472458363,0.06036311015486717,-0.025136038661003113,-0.11174321174621582,0.0,0.0,-0.20548281073570251,0.2563589811325073,-1.048384428024292,0.6228094696998596,0.4590250849723816,-0.01808324083685875,0.3672441244125366,-0.21461957693099976,-0.18269214034080505,0.9815937280654907,0.7197271585464478,-0.425865113735199,-0.0024113052058964968,-0.2726418375968933
0.005565025843679905,-0.309974730014801,0.6462039947509766,0.08901917934417725,0.04776885360479355,-0.6597009897232056,0.744706928730011,-1.6104247570037842,0.13722719252109528,-0.08868088573217392,1.3561484813690186,-0.17886778712272644,-0.007552118040621281,-1.6235451698303223,-0.14707350730895996,0.16130021214485168,1.3838107585906982,0.0023745892103761435,0.06009186804294586,-0.02537170797586441,-0.11047426611185074,0.0,0.0,-0.20436520874500275,0.257442831993103,-1.0482975244522095,0.62095046043396,0.4578089416027069,-0.019100604578852654,0.36646074056625366,-0.21394489705562592,-0.18313640356063843,0.9809989333152771,0.718936562538147,-0.42480459809303284,-0.0026292502880096436,-0.2726457715034485
0.005662957206368446,-0.30993378162384033,0.6462762355804443,0.08977846801280975,0.048611633479595184,-0.6596777439117432,0.7445818185806274,-1.6124993562698364,0.137333482503891,-0.08870982378721237,1.3552616834640503,-0.17801056802272797,-0.007489279378205538,-1.6255662441253662,-0.14710453152656555,0.16097351908683777,1.3834655284881592,0.0031640047673135996,0.05996107682585716,-0.025641463696956635,-0.11237189173698425,0.0,0.0,-0.204619899392128,0.2567519545555115,-1.0476330518722534,0.6202702522277832,0.45719605684280396,-0.019496776163578033,0.366955041885376,-0.21441926062107086,-0.1828840672969818,0.9804640412330627,0.7190051078796387,-0.4244581460952759,-0.002659945748746395,-0.2740413546562195
0.0057375174947083,-0.3099328279495239,0.6465774774551392,0.08892778307199478,0.048041682690382004,-0.6598405241966248,0.744576632976532,-1.6099379062652588,0.13748134672641754,-0.08956290781497955,1.3547013998031616,-0.17760790884494781,-0.007839648053050041,-1.6227422952651978,-0.14726823568344116,0.15968585014343262,1.3832221031188965,0.003477895399555564,0.060051992535591125,-0.02613169327378273,-0.11066102981567383,0.0,0.0,-0.20344886183738708,0.2579076290130615,-1.0472944974899292,0.618918240070343,0.45612064003944397,-0.02023334614932537,0.3663293123245239,-0.2133791297674179,-0.1839313507080078,0.9801093339920044,0.717519223690033,-0.42343947291374207,-0.003040200099349022,-0.2740820646286011
0.005822078324854374,-0.3099226951599121,0.6467008590698242,0.08815348893404007,0.04758395254611969,-0.6600012183189392,0.7445557117462158,-1.607865333557129,0.13761021196842194,-0.09056519716978073,1.3547649383544922,-0.17741823196411133,-0.008266732096672058,-1.6206278800964355,-0.1473214030265808,0.1585327535867691,1.3836345672607422,0.0036495188251137733,0.06000379100441933,-0.026755305007100105,-0.10888338834047318,0.0,0.0,-0.20267224311828613,0.25839269161224365,-1.046891212463379,0.618385910987854,0.45529741048812866,-0.020339956507086754,0.3658406138420105,-0.21248699724674225,-0.18486183881759644,0.979814887046814,0.7164663076400757,-0.42260074615478516,-0.0029429830610752106,-0.2741558253765106
0.005942669231444597,-0.3098658323287964,0.6465747952461243,0.08889859169721603,0.04847576096653938,-0.6600619554519653,0.7443556785583496,-1.60992431640625,0.13786467909812927,-0.09095501899719238,1.3544946908950806,-0.17677587270736694,-0.008305286057293415,-1.6231937408447266,-0.14721424877643585,0.1581205576658249,1.3838610649108887,0.004511132836341858,0.060265421867370605,-0.02725803852081299,-0.11063273996114731,0.0,0.0,-0.20314662158489227,0.25692135095596313,-1.0466800928115845,0.6198009252548218,0.4556754231452942,-0.019733021035790443,0.36646968126296997,-0.2129535675048828,-0.18470874428749084,0.9795016050338745,0.716856837272644,-0.4224732518196106,-0.0026681479066610336,-0.27533039450645447
0.00604154821485281,-0.3098410367965698,0.6463457942008972,0.08813336491584778,0.04807475954294205,-0.6602858901023865,0.7442740797996521,-1.6084314584732056,0.1381532996892929,-0.09210850298404694,1.3556115627288818,-0.17742222547531128,-0.008254523389041424,-1.6221272945404053,-0.1471986323595047,0.15682896971702576,1.3857519626617432,0.004298537969589233,0.059872448444366455,-0.027557268738746643,-0.10927534103393555,0.0,0.0,-0.20232251286506653,0.25704890489578247,-1.046025276184082,0.6196547746658325,0.45493263006210327,-0.01977442018687725,0.36621975898742676,-0.21207964420318604,-0.1857999861240387,0.9788576364517212,0.7152817845344543,-0.42127591371536255,-0.0028750100173056126,-0.27507656812667847
0.0061505758203566074,-0.30981916189193726,0.6460325121879578,0.08748268336057663,0.04775814712047577,-0.6605395078659058,0.7441461682319641,-1.6071704626083374,0.13854306936264038,-0.09318163245916367,1.3568578958511353,-0.1782304048538208,-0.0080122584477067,-1.6216086149215698,-0.14721469581127167,0.15545135736465454,1.3882149457931519,0.004049499984830618,0.05920394882559776,-0.027866091579198837,-0.10805222392082214,0.0,0.0,-0.20183372497558594,0.257126122713089,-1.045485496520996,0.6188012361526489,0.45437556505203247,-0.019641492515802383,0.36594194173812866,-0.21141058206558228,-0.1869797259569168,0.9786049723625183,0.713368833065033,-0.4203450679779053,-0.0028766687028110027,-0.2746222913265228
0.006266955751925707,-0.3098008632659912,0.6456592082977295,0.08690730482339859,0.04749821871519089,-0.6608016490936279,0.7439974546432495,-1.6059954166412354,0.13903072476387024,-0.09407626837491989,1.357795000076294,-0.17886129021644592,-0.007655155844986439,-1.6214590072631836,-0.14718298614025116,0.15396277606487274,1.3908817768096924,0.0037923739291727543,0.058461956679821014,-0.02824094146490097,-0.10713005065917969,0.0,0.0,-0.2016254961490631,0.25685620307922363,-1.045261263847351,0.6188222169876099,0.45440423488616943,-0.019091658294200897,0.365683376789093,-0.2109520435333252,-0.18800684809684753,0.9787249565124512,0.7120647430419922,-0.4198959469795227,-0.0027549760416150093,-0.27422183752059937
0.006387324072420597,-0.30978909134864807,0.6452407836914062,0.08651155233383179,0.047393567860126495,-0.6610234379768372,0.7438532710075378,-1.6051613092422485,0.1394978165626526,-0.09488081932067871,1.358810544013977,-0.17951789498329163,-0.007539828773587942,-1.6219229698181152,-0.14710865914821625,0.15256404876708984,1.3942430019378662,0.003364243544638157,0.05737604200839996,-0.02869819849729538,-0.10672054439783096,0.0,0.0,-0.201975017786026,0.2558763027191162,-1.045533537864685,0.6200507283210754,0.45443689823150635,-0.018250513821840286,0.3651960492134094,-0.21078583598136902,-0.18840184807777405,0.9794399738311768,0.7123434543609619,-0.4196842610836029,-0.0022347550839185715,-0.27372831106185913
0.006504900753498077,-0.309782475233078,0.6447176337242126,0.08631753921508789,0.047416429966688156,-0.661206841468811,0.7437112927436829,-1.6047265529632568,0.14005133509635925,-0.09546124935150146,1.359845519065857,-0.1804656982421875,-0.007306405808776617,-1.6231927871704102,-0.14710243046283722,0.15125545859336853,1.398592472076416,0.0029944786801934242,0.05602800473570824,-0.029249290004372597,-0.10666105151176453,0.0,0.0,-0.2025993913412094,0.25492048263549805,-1.0464509725570679,0.6210625171661377,0.4545232057571411,-0.017805136740207672,0.3645988702774048,-0.21095719933509827,-0.1886460781097412,0.9805353283882141,0.7129909992218018,-0.4196702241897583,-0.0019823028706014156,-0.27323251962661743
0.006619718857109547,-0.3097892105579376,0.6440650820732117,0.08615006506443024,0.04739496856927872,-0.6613649725914001,0.7435914874076843,-1.6041755676269531,0.14068269729614258,-0.09587201476097107,1.3608036041259766,-0.1812535524368286,-0.007407172117382288,-1.624842643737793,-0.1469782590866089,0.1499805897474289,1.4040780067443848,0.0026055185589939356,0.05439736694097519,-0.029794547706842422,-0.10695978999137878,0.0,0.0,-0.20341980457305908,0.2540604770183563,-1.0480810403823853,0.6219768524169922,0.4547252953052521,-0.01762627623975277,0.36389636993408203,-0.21168065071105957,-0.18883159756660461,0.9822603464126587,0.7140027284622192,-0.4197772443294525,-0.001888068625703454,-0.27267828583717346
0.006730874069035053,-0.3097986578941345,0.6433695554733276,0.08596216887235641,0.047281015664339066,-0.6615089774131775,0.7434923648834229,-1.6033844947814941,0.14134171605110168,-0.09621891379356384,1.361593246459961,-0.18195977807044983,-0.007697338238358498,-1.6265062093734741,-0.14692920446395874,0.1487092673778534,1.4103329181671143,0.0022248406894505024,0.05275298282504082,-0.030300848186016083,-0.10713281482458115,0.0,0.0,-0.20422011613845825,0.25330179929733276,-1.0496678352355957,0.6225256323814392,0.45505088567733765,-0.017677724361419678,0.363085001707077,-0.21244236826896667,-0.18923622369766235,0.9836694002151489,0.7154535055160522,-0.4198525547981262,-0.001948584453202784,-0.27218762040138245
0.006837001536041498,-0.3098182678222656,0.6426312923431396,0.08589065819978714,0.04724201187491417,-0.6616464257240295,0.7433808445930481,-1.6027536392211914,0.14194077253341675,-0.096638023853302,1.3622685670852661,-0.18276342749595642,-0.008268073201179504,-1.6285706758499146,-0.14675943553447723,0.1474660038948059,1.4175748825073242,0.0015994745772331953,0.050872933119535446,-0.030679795891046524,-0.10739041864871979,0.0,0.0,-0.20490795373916626,0.2523089647293091,-1.0510292053222656,0.6223864555358887,0.45498859882354736,-0.0178677961230278,0.36242347955703735,-0.21363405883312225,-0.18954627215862274,0.9848883152008057,0.7174714803695679,-0.41966673731803894,-0.0019462481141090393,-0.27193117141723633
0.006936685647815466,-0.3098390996456146,0.6418471932411194,0.08577436953783035,0.04711087420582771,-0.6618145108222961,0.7432529330253601,-1.6020281314849854,0.14244285225868225,-0.09720928966999054,1.3629478216171265,-0.18351970613002777,-0.009034429676830769,-1.6305615901947021,-0.1464700549840927,0.14631280303001404,1.4256789684295654,0.0007697035325691104,0.048821233212947845,-0.031151361763477325,-0.10740841925144196,0.0,0.0,-0.2054373174905777,0.25105345249176025,-1.0518624782562256,0.6224951148033142,0.45473605394363403,-0.017926201224327087,0.36190953850746155,-0.21474876999855042,-0.18977892398834229,0.985801637172699,0.7191683650016785,-0.4193180501461029,-0.00228571193292737,-0.27189451456069946
0.007027176674455404,-0.30987516045570374,0.6412103176116943,0.08561292290687561,0.046790219843387604,-0.6619759202003479,0.7431480288505554,-1.600769281387329,0.14270927011966705,-0.09761624038219452,1.363337516784668,-0.18410815298557281,-0.010172925889492035,-1.631846308708191,-0.14613081514835358,0.14553971588611603,1.4338245391845703,-0.00014360458590090275,0.04693876579403877,-0.0315554216504097,-0.10758672654628754,0.0,0.0,-0.20620769262313843,0.2495134174823761,-1.0530242919921875,0.623923659324646,0.4543970227241516,-0.017689146101474762,0.36089643836021423,-0.2161104828119278,-0.18941326439380646,0.9869067668914795,0.7223434448242188,-0.4190855622291565,-0.002118583768606186,-0.2716541588306427
0.007108233869075775,-0.3099146783351898,0.6407892107963562,0.08553561568260193,0.04641711711883545,-0.6621164679527283,0.7430551052093506,-1.5993931293487549,0.14270523190498352,-0.0979020968079567,1.363408088684082,-0.18468916416168213,-0.01152869127690792,-1.6326091289520264,-0.14591066539287567,0.14511820673942566,1.4416751861572266,-0.0015509722288697958,0.045116107910871506,-0.03180336207151413,-0.10760529339313507,0.0,0.0,-0.20721980929374695,0.24769815802574158,-1.0544459819793701,0.625902533531189,0.45409274101257324,-0.01743457466363907,0.3598265051841736,-0.21731027960777283,-0.18854749202728271,0.9878249168395996,0.7263115644454956,-0.4190599322319031,-0.0018127337098121643,-0.27167925238609314
0.00717806164175272,-0.3099551498889923,0.6406029462814331,0.08552736043930054,0.04599997028708458,-0.6622256636619568,0.7429847121238708,-1.5980167388916016,0.1424480527639389,-0.09809590131044388,1.363273024559021,-0.18532395362854004,-0.012902222573757172,-1.6327755451202393,-0.1457919478416443,0.14498329162597656,1.4486801624298096,-0.0032988241873681545,0.04338866472244263,-0.03209370747208595,-0.10749952495098114,0.0,0.0,-0.20853981375694275,0.24602079391479492,-1.0557626485824585,0.6272498965263367,0.4539424479007721,-0.01736249029636383,0.3587380349636078,-0.21810263395309448,-0.18789267539978027,0.9881347417831421,0.7295977473258972,-0.4190772771835327,-0.0016506537795066833,-0.2717842161655426
0.0072597418911755085,-0.30997133255004883,0.6404771208763123,0.08697022497653961,0.0468793548643589,-0.6621444821357727,0.7428345680236816,-1.6005125045776367,0.14199379086494446,-0.09769078344106674,1.3620738983154297,-0.18498142063617706,-0.01428464986383915,-1.6365997791290283,-0.1454630196094513,0.14571326971054077,1.4542932510375977,-0.004728720989078283,0.0418679416179657,-0.031763706356287,-0.1105111762881279,0.0,0.0,-0.21102643013000488,0.2430855929851532,-1.0578062534332275,0.6300720572471619,0.45493388175964355,-0.016710065305233,0.35848283767700195,-0.21988481283187866,-0.18612685799598694,0.9890488982200623,0.7346292734146118,-0.41995108127593994,-0.001032656873576343,-0.27258962392807007
0.00729537196457386,-0.3100259304046631,0.6406275033950806,0.08666806668043137,0.046166934072971344,-0.6621651649475098,0.7428960800170898,-1.5986835956573486,0.14133389294147491,-0.09788423776626587,1.362107753753662,-0.18554341793060303,-0.015622731298208237,-1.634925127029419,-0.14530812203884125,0.14593307673931122,1.4599993228912354,-0.007812968455255032,0.040441274642944336,-0.03133911266922951,-0.1099734753370285,0.0,0.0,-0.21217334270477295,0.24188169836997986,-1.0594418048858643,0.6320512294769287,0.45485520362854004,-0.016664646565914154,0.3570917844772339,-0.21987582743167877,-0.18554244935512543,0.9895278215408325,0.7382849454879761,-0.4201411008834839,-0.0011207519564777613,-0.2718903124332428
0.007343529723584652,-0.31003761291503906,0.640929102897644,0.08768722414970398,0.04671624302864075,-0.6619505286216736,0.742933452129364,-1.6002962589263916,0.14057815074920654,-0.09745258092880249,1.3606164455413818,-0.18510746955871582,-0.016591990366578102,-1.6364285945892334,-0.1450452208518982,0.1467670053243637,1.4636318683624268,-0.010169543325901031,0.039703212678432465,-0.030562959611415863,-0.11175143718719482,0.0,0.0,-0.21390439569950104,0.23981206119060516,-1.0603725910186768,0.6331313252449036,0.45565253496170044,-0.01691487245261669,0.3570675253868103,-0.2202155888080597,-0.18479858338832855,0.9888553619384766,0.7417670488357544,-0.4209672808647156,-0.0013355801347643137,-0.2725427746772766
0.007349576335400343,-0.3100912868976593,0.6414347290992737,0.08720223605632782,0.04587925598025322,-0.6617699265480042,0.7432035207748413,-1.5980923175811768,0.13969245553016663,-0.09737248718738556,1.3600132465362549,-0.18538159132003784,-0.01761079952120781,-1.63326096534729,-0.1448667198419571,0.1473553329706192,1.4670850038528442,-0.01357412151992321,0.03909829258918762,-0.029736392199993134,-0.11014343053102493,0.0,0.0,-0.21424607932567596,0.23979401588439941,-1.0609359741210938,0.632145881652832,0.4555588960647583,-0.017735792323946953,0.3560091257095337,-0.21891461312770844,-0.18558050692081451,0.9872923493385315,0.7423809766769409,-0.4209628105163574,-0.0021106386557221413,-0.2716938257217407
0.007376247551292181,-0.31010985374450684,0.6419553756713867,0.08812107890844345,0.046385545283555984,-0.6613808870315552,0.743410050868988,-1.5999054908752441,0.1388961672782898,-0.09654530882835388,1.3588155508041382,-0.18463629484176636,-0.017831234261393547,-1.6339077949523926,-0.1448451429605484,0.14858904480934143,1.4687238931655884,-0.016183219850063324,0.039036888629198074,-0.028658665716648102,-0.11148065328598022,0.0,0.0,-0.2156880795955658,0.23841750621795654,-1.061554193496704,0.6318675875663757,0.45651334524154663,-0.018027419224381447,0.35605013370513916,-0.2184903472661972,-0.1854069083929062,0.9859924912452698,0.743532657623291,-0.4219661355018616,-0.0025547798722982407,-0.2717995345592499
0.007370475679636002,-0.3101643919944763,0.6426171660423279,0.08759839087724686,0.04557287320494652,-0.6610541343688965,0.7438125610351562,-1.5981160402297974,0.13813075423240662,-0.09601634740829468,1.358523964881897,-0.1847204566001892,-0.0180211141705513,-1.6302664279937744,-0.14520615339279175,0.1494271457195282,1.470341444015503,-0.019569044932723045,0.03890098258852959,-0.027834303677082062,-0.10948652029037476,0.0,0.0,-0.2158023566007614,0.23890547454357147,-1.0621720552444458,0.6292638182640076,0.45706844329833984,-0.018977563828229904,0.3553889989852905,-0.21650254726409912,-0.18650449812412262,0.9843814969062805,0.7423017621040344,-0.4227830469608307,-0.0035753920674324036,-0.27055588364601135
0.007381962146610022,-0.31018561124801636,0.6432753205299377,0.08852747827768326,0.04606958106160164,-0.6605242490768433,0.7441425919532776,-1.600149393081665,0.13730061054229736,-0.09477518498897552,1.3574090003967285,-0.18374693393707275,-0.018075305968523026,-1.6304957866668701,-0.14528197050094604,0.15139155089855194,1.470681071281433,-0.021983839571475983,0.03945302963256836,-0.027013346552848816,-0.1107010543346405,0.0,0.0,-0.2170124351978302,0.2379697561264038,-1.0628061294555664,0.6277749538421631,0.45864447951316833,-0.01930190622806549,0.35581615567207336,-0.21594470739364624,-0.1863146424293518,0.9827946424484253,0.7427002787590027,-0.4245901107788086,-0.0038718022406101227,-0.27054184675216675
0.0073612406849861145,-0.3102385103702545,0.6439832448959351,0.08811771124601364,0.04537298530340195,-0.6600770354270935,0.7446306943893433,-1.5990321636199951,0.13651010394096375,-0.09388177841901779,1.3575700521469116,-0.18363645672798157,-0.017882846295833588,-1.626980185508728,-0.14565299451351166,0.15297508239746094,1.4713225364685059,-0.025063302367925644,0.04011018946766853,-0.02657974697649479,-0.10875929892063141,0.0,0.0,-0.21717895567417145,0.2391878366470337,-1.0631357431411743,0.6242432594299316,0.45950695872306824,-0.020119821652770042,0.355838418006897,-0.21396827697753906,-0.18701069056987762,0.9810193777084351,0.7404641509056091,-0.4260868728160858,-0.004724534228444099,-0.26958638429641724
0.007363798096776009,-0.31025230884552,0.6445286870002747,0.08925759047269821,0.04598097875714302,-0.6595101356506348,0.7449598908424377,-1.6019140481948853,0.13571518659591675,-0.09208102524280548,1.3568377494812012,-0.18263013660907745,-0.017563357949256897,-1.6279850006103516,-0.14591895043849945,0.15565435588359833,1.4711072444915771,-0.02673282101750374,0.04136648401618004,-0.026132632046937943,-0.10990062355995178,0.0,0.0,-0.21841520071029663,0.23934683203697205,-1.0636292695999146,0.621757984161377,0.4614192843437195,-0.020463787019252777,0.3570021390914917,-0.2133345603942871,-0.1867130547761917,0.979407548904419,0.7393192052841187,-0.4283500015735626,-0.0051331897266209126,-0.2698717713356018
0.007336601614952087,-0.3102869689464569,0.6450235247612,0.08900109678506851,0.04530995339155197,-0.6591291427612305,0.7453688383102417,-1.6016721725463867,0.13492143154144287,-0.09060516208410263,1.3573360443115234,-0.18249297142028809,-0.016861895099282265,-1.6253328323364258,-0.1464870572090149,0.1577664464712143,1.4718174934387207,-0.029234904795885086,0.04289098083972931,-0.025985877960920334,-0.10790254175662994,0.0,0.0,-0.21826407313346863,0.24228106439113617,-1.064253330230713,0.6165306568145752,0.4630231261253357,-0.021534472703933716,0.35744595527648926,-0.21133941411972046,-0.18793052434921265,0.9778902530670166,0.7349242568016052,-0.43008288741111755,-0.006383124738931656,-0.2687562108039856
0.007336103357374668,-0.3102772831916809,0.645187258720398,0.09039800614118576,0.04610230773687363,-0.658650815486908,0.745574951171875,-1.6063305139541626,0.13415773212909698,-0.08812253177165985,1.357405662536621,-0.18160760402679443,-0.01567462459206581,-1.6279513835906982,-0.1466749906539917,0.16118118166923523,1.4722418785095215,-0.030853986740112305,0.0448116660118103,-0.025841031223535538,-0.10904774814844131,0.0,0.0,-0.2190650999546051,0.24390369653701782,-1.0648467540740967,0.6118736267089844,0.46527740359306335,-0.02212151139974594,0.3590255379676819,-0.21066802740097046,-0.18854033946990967,0.9763137698173523,0.7310119271278381,-0.4320965111255646,-0.00728991674259305,-0.2691000699996948
0.00731619680300355,-0.31029486656188965,0.6452922821044922,0.09063015878200531,0.045950159430503845,-0.6583556532859802,0.745816707611084,-1.6088658571243286,0.1334766149520874,-0.08570653200149536,1.3585045337677002,-0.1815183311700821,-0.013905045576393604,-1.627655267715454,-0.14705735445022583,0.16397425532341003,1.473451852798462,-0.033225297927856445,0.04658620432019234,-0.025949208065867424,-0.10674522817134857,0.0,0.0,-0.21830663084983826,0.24799486994743347,-1.0647060871124268,0.6037060618400574,0.46690237522125244,-0.0232471264898777,0.360771119594574,-0.20817768573760986,-0.1912916600704193,0.9748287200927734,0.7211034297943115,-0.43323659896850586,-0.009582243859767914,-0.2685058116912842
0.007310222834348679,-0.3103069067001343,0.6451106071472168,0.09131154417991638,0.04621567204594612,-0.6580319404602051,0.7460028529167175,-1.6135927438735962,0.13292992115020752,-0.08252070844173431,1.3602641820907593,-0.18172098696231842,-0.011122793890535831,-1.6293213367462158,-0.1473836898803711,0.16728854179382324,1.4749623537063599,-0.03534023091197014,0.049024611711502075,-0.02636762708425522,-0.10395398736000061,0.0,0.0,-0.21726125478744507,0.25373363494873047,-1.0652433633804321,0.592845618724823,0.46947866678237915,-0.024667736142873764,0.3628814220428467,-0.20508788526058197,-0.19594785571098328,0.9735652208328247,0.707487940788269,-0.43444791436195374,-0.012176640331745148,-0.26783496141433716
0.0073240152560174465,-0.310312420129776,0.6444544792175293,0.09246037900447845,0.047167789191007614,-0.6576989889144897,0.7460954189300537,-1.6217689514160156,0.13233987987041473,-0.07909481227397919,1.3634799718856812,-0.1824440211057663,-0.007481603417545557,-1.6337136030197144,-0.14768217504024506,0.17073194682598114,1.477426528930664,-0.037208810448646545,0.05306501314043999,-0.026233341544866562,-0.10137378424406052,0.0,0.0,-0.21574002504348755,0.26215019822120667,-1.065895438194275,0.5769542455673218,0.4726882576942444,-0.027129782363772392,0.36572253704071045,-0.20170718431472778,-0.202879399061203,0.9731974005699158,0.6883580684661865,-0.43600618839263916,-0.01580006815493107,-0.2667232155799866
0.007366693578660488,-0.3103330433368683,0.6435438394546509,0.09418171644210815,0.048718489706516266,-0.6573793292045593,0.7460620999336243,-1.6326072216033936,0.1318872720003128,-0.07524577528238297,1.3672943115234375,-0.18360736966133118,-0.003618810325860977,-1.6404056549072266,-0.14811331033706665,0.1743568778038025,1.4801115989685059,-0.03908821940422058,0.059619128704071045,-0.025440581142902374,-0.0988822877407074,0.0,0.0,-0.21373793482780457,0.27350446581840515,-1.0694092512130737,0.5549458861351013,0.47769811749458313,-0.031066443771123886,0.36870044469833374,-0.19752240180969238,-0.2123711109161377,0.9751235246658325,0.6641619205474854,-0.439139723777771,-0.020458213984966278,-0.26492711901664734
0.007439417764544487,-0.3104219138622284,0.6419670581817627,0.09673663228750229,0.051247525960206985,-0.6570413708686829,0.7458635568618774,-1.6476614475250244,0.1317315399646759,-0.07104544341564178,1.3721508979797363,-0.18587860465049744,-0.00010068295523524284,-1.651241660118103,-0.14797604084014893,0.17846518754959106,1.4841856956481934,-0.04115700349211693,0.0681549608707428,-0.02492917701601982,-0.09772026538848877,0.0,0.0,-0.21218301355838776,0.2888666093349457,-1.0772285461425781,0.5269572734832764,0.4848160147666931,-0.036179207265377045,0.37206804752349854,-0.19369548559188843,-0.22593894600868225,0.9804079532623291,0.6339318156242371,-0.44335201382637024,-0.02591506391763687,-0.2627587914466858
0.0075525203719735146,-0.31060054898262024,0.6394873857498169,0.10039012134075165,0.05556358024477959,-0.6565591096878052,0.7454962134361267,-1.669426441192627,0.1322549432516098,-0.06678342819213867,1.3768980503082275,-0.18898385763168335,0.0031294566579163074,-1.6681300401687622,-0.1473134458065033,0.1821194291114807,1.4891953468322754,-0.043541789054870605,0.07899811863899231,-0.023855365812778473,-0.09761034697294235,0.0,0.0,-0.21160629391670227,0.30667269229888916,-1.0865663290023804,0.49071067571640015,0.4929291009902954,-0.04211360588669777,0.37948960065841675,-0.19022759795188904,-0.24374225735664368,0.988516628742218,0.5949113368988037,-0.4484183192253113,-0.0325155034661293,-0.2630682587623596
0.007715360261499882,-0.3108574151992798,0.6358963847160339,0.104996457695961,0.06137366592884064,-0.6559520363807678,0.7449402213096619,-1.698504090309143,0.13366933166980743,-0.061773091554641724,1.3820397853851318,-0.19296294450759888,0.00728233577683568,-1.6911323070526123,-0.14627940952777863,0.1852157562971115,1.4954910278320312,-0.047080449759960175,0.09256228059530258,-0.021994370967149734,-0.09756007790565491,0.0,0.0,-0.21147939562797546,0.32731062173843384,-1.0977327823638916,0.44719842076301575,0.5025092363357544,-0.04857376962900162,0.3916644752025604,-0.18671272695064545,-0.2656048536300659,0.9990370869636536,0.5484232306480408,-0.4545334279537201,-0.04030953347682953,-0.2660454511642456
0.008015061728656292,-0.31130069494247437,0.6315352916717529,0.11032060533761978,0.06900010257959366,-0.6551284790039062,0.7442278265953064,-1.7344508171081543,0.13601535558700562,-0.05702940374612808,1.386002540588379,-0.19645224511623383,0.011571547016501427,-1.7192327976226807,-0.14523474872112274,0.18673735857009888,1.500502586364746,-0.05177559703588486,0.10640421509742737,-0.019127044826745987,-0.09592941403388977,0.0,0.0,-0.21109497547149658,0.34698188304901123,-1.105783224105835,0.4029543399810791,0.5128949284553528,-0.05259738117456436,0.41040924191474915,-0.18229570984840393,-0.28956979513168335,1.0094913244247437,0.5007003545761108,-0.4615299701690674,-0.04703926667571068,-0.27345767617225647
0.008546801283955574,-0.31222695112228394,0.6268550157546997,0.11622027307748795,0.0781143307685852,-0.6540565490722656,0.7433713674545288,-1.7746710777282715,0.13896802067756653,-0.05245120823383331,1.3866931200027466,-0.19882941246032715,0.015107372775673866,-1.7504215240478516,-0.14407749474048615,0.1878204047679901,1.5032813549041748,-0.05730806291103363,0.11846733838319778,-0.015178409405052662,-0.09415002167224884,0.0,0.0,-0.21051615476608276,0.362585186958313,-1.1090797185897827,0.3639352321624756,0.5235135555267334,-0.052740782499313354,0.43397438526153564,-0.1792607456445694,-0.3112725019454956,1.0180649757385254,0.4583333134651184,-0.46902167797088623,-0.050450649112463,-0.28520965576171875
0.00945440586656332,-0.31401878595352173,0.6226317882537842,0.12215124070644379,0.08763707429170609,-0.6528658866882324,0.7424048185348511,-1.8146296739578247,0.14152038097381592,-0.04795845225453377,1.3866517543792725,-0.20058053731918335,0.018282519653439522,-1.780420184135437,-0.14339298009872437,0.1895601749420166,1.5054017305374146,-0.063918337225914,0.12736302614212036,-0.010681269690394402,-0.09057411551475525,0.0,0.0,-0.2078951597213745,0.3745754361152649,-1.1068617105484009,0.3317403495311737,0.5337397456169128,-0.05080737918615341,0.4588330090045929,-0.1765555739402771,-0.3293653428554535,1.0214247703552246,0.4239577651023865,-0.4764794409275055,-0.05138354003429413,-0.2997860312461853
0.010861711576581001,-0.31719234585762024,0.6199899315834045,0.1279667466878891,0.09776408970355988,-0.6512710452079773,0.7415609955787659,-1.8508727550506592,0.1425570249557495,-0.04533211141824722,1.3863282203674316,-0.20205280184745789,0.020058855414390564,-1.80607008934021,-0.14372195303440094,0.19132307171821594,1.5066993236541748,-0.07237912714481354,0.13267329335212708,-0.006204037927091122,-0.08633095771074295,0.0,0.0,-0.20445020496845245,0.3812873959541321,-1.1045647859573364,0.30853399634361267,0.5438233613967896,-0.04782839119434357,0.4797024726867676,-0.17388427257537842,-0.3433602452278137,1.0244051218032837,0.4025357961654663,-0.4845829904079437,-0.049779728055000305,-0.313173770904541
0.012715529650449753,-0.32180845737457275,0.619160532951355,0.13281719386577606,0.10747076570987701,-0.6492040157318115,0.7411772012710571,-1.8803001642227173,0.14161550998687744,-0.04437429457902908,1.387779951095581,-0.20327168703079224,0.021544624119997025,-1.824288249015808,-0.14539271593093872,0.1930871158838272,1.509451150894165,-0.08322646468877792,0.13323792815208435,-0.0010465923696756363,-0.08209513872861862,0.0,0.0,-0.20016127824783325,0.3820594251155853,-1.099541187286377,0.3003748059272766,0.5514465570449829,-0.04231308773159981,0.49442458152770996,-0.1717817783355713,-0.3501918315887451,1.024430513381958,0.40220338106155396,-0.49244236946105957,-0.04375787451863289,-0.32344239950180054
0.014895778149366379,-0.3275600075721741,0.6200317740440369,0.1364734172821045,0.11639959365129471,-0.6466770172119141,0.7413737773895264,-1.9025633335113525,0.1386236697435379,-0.045276492834091187,1.3906618356704712,-0.20470786094665527,0.023174799978733063,-1.8346998691558838,-0.14843717217445374,0.19441288709640503,1.5129849910736084,-0.09649702906608582,0.12961935997009277,0.00430787680670619,-0.08017242699861526,0.0,0.0,-0.1957724690437317,0.37687012553215027,-1.0912185907363892,0.30631178617477417,0.5555160045623779,-0.034348566085100174,0.5035743713378906,-0.17271439731121063,-0.34968113899230957,1.021118402481079,0.4207759499549866,-0.4983368217945099,-0.03417643904685974,-0.33121755719184875
0.017243774607777596,-0.33391863107681274,0.6219391822814941,0.13810855150222778,0.12315802276134491,-0.6440914869308472,0.7422292828559875,-1.9161133766174316,0.13374841213226318,-0.04785102605819702,1.395514965057373,-0.20594054460525513,0.025050461292266846,-1.8363449573516846,-0.15239936113357544,0.1951991468667984,1.5184657573699951,-0.11187336593866348,0.123685821890831,0.00972570851445198,-0.08066956698894501,0.0,0.0,-0.19114485383033752,0.36811673641204834,-1.0814881324768066,0.32453426718711853,0.5562902092933655,-0.025384601205587387,0.5075324773788452,-0.177513986825943,-0.34343743324279785,1.0159296989440918,0.4549427628517151,-0.5013546943664551,-0.023055214434862137,-0.336487352848053
0.01971607469022274,-0.3405734896659851,0.6250037550926208,0.13758355379104614,0.1275433450937271,-0.6415221095085144,0.743809700012207,-1.919959306716919,0.12742827832698822,-0.05159473419189453,1.4008126258850098,-0.20713794231414795,0.027302896603941917,-1.828417181968689,-0.15688782930374146,0.1953609138727188,1.523503303527832,-0.12913258373737335,0.11565428972244263,0.014252087101340294,-0.08336883038282394,0.0,0.0,-0.18828023970127106,0.3544313311576843,-1.0692178010940552,0.3521038293838501,0.5531884431838989,-0.015449815429747105,0.5076602101325989,-0.18459804356098175,-0.33228185772895813,1.0083345174789429,0.501998782157898,-0.5009732842445374,-0.011195346713066101,-0.3398311138153076
0.022317377850413322,-0.3474653363227844,0.6298601627349854,0.13504186272621155,0.12931856513023376,-0.6390822529792786,0.7460658550262451,-1.9121973514556885,0.12086541205644608,-0.054735153913497925,1.4043781757354736,-0.2092922031879425,0.030778508633375168,-1.8094795942306519,-0.16244618594646454,0.19411611557006836,1.5249900817871094,-0.14741356670856476,0.10779547691345215,0.017624080181121826,-0.08702042698860168,0.0,0.0,-0.18592119216918945,0.3374779522418976,-1.0628983974456787,0.39552050828933716,0.5485019683837891,-0.00481054000556469,0.5007907152175903,-0.19458164274692535,-0.3162778615951538,1.0031592845916748,0.5606735348701477,-0.4981486201286316,0.00017677294090390205,-0.33912789821624756
0.025165727362036705,-0.35479170083999634,0.6367534399032593,0.13123248517513275,0.1296161562204361,-0.6365870237350464,0.7488222122192383,-1.8952531814575195,0.11410392075777054,-0.056707218289375305,1.4038314819335938,-0.21123027801513672,0.03530655801296234,-1.7810628414154053,-0.16889867186546326,0.19100648164749146,1.5217010974884033,-0.16715916991233826,0.0993073582649231,0.020912300795316696,-0.09269033372402191,0.0,0.0,-0.1861226111650467,0.31542426347732544,-1.0583750009536743,0.4506208896636963,0.539840579032898,0.005749922711402178,0.4915435314178467,-0.20827585458755493,-0.29547780752182007,0.9987907409667969,0.6298611760139465,-0.4921085834503174,0.011768237687647343,-0.33707305788993835
0.02833578735589981,-0.3626552224159241,0.645991861820221,0.12694589793682098,0.12910214066505432,-0.6339144706726074,0.7519108057022095,-1.8697057962417603,0.10772305727005005,-0.05585318058729172,1.3987319469451904,-0.21400250494480133,0.042344555258750916,-1.744168758392334,-0.175405815243721,0.18681219220161438,1.5119811296463013,-0.18699705600738525,0.09244883060455322,0.02364790439605713,-0.09709414839744568,0.0,0.0,-0.18789741396903992,0.2903863489627838,-1.054572343826294,0.5117683410644531,0.5280435681343079,0.014266084879636765,0.48199066519737244,-0.22290578484535217,-0.2716485559940338,0.9924448728561401,0.7049636840820312,-0.4838404059410095,0.021904390305280685,-0.3350115418434143
0.032046835869550705,-0.3712730407714844,0.6579789519309998,0.1225486770272255,0.12866927683353424,-0.6309790015220642,0.7551764845848083,-1.8364043235778809,0.10161416977643967,-0.0527973435819149,1.3872672319412231,-0.21890799701213837,0.05032305791974068,-1.6991782188415527,-0.18252840638160706,0.17962893843650818,1.4940972328186035,-0.20692013204097748,0.08715943992137909,0.02545117773115635,-0.10061487555503845,0.0,0.0,-0.19348806142807007,0.26451289653778076,-1.0529413223266602,0.5719538331031799,0.5164055824279785,0.01959197223186493,0.4717302620410919,-0.23540738224983215,-0.24701593816280365,0.9881263971328735,0.7792315483093262,-0.4764685332775116,0.029027067124843597,-0.3308388590812683
0.03659556433558464,-0.38104599714279175,0.6723034977912903,0.11796753853559494,0.12788228690624237,-0.6280235648155212,0.7584959864616394,-1.793919563293457,0.09612490236759186,-0.0474497452378273,1.3708791732788086,-0.22603711485862732,0.06138826161623001,-1.6462067365646362,-0.19000756740570068,0.16954931616783142,1.4702894687652588,-0.2256774604320526,0.08284346759319305,0.025920908898115158,-0.10272674262523651,0.0,0.0,-0.200735941529274,0.24177519977092743,-1.0459771156311035,0.6335453987121582,0.5040034055709839,0.02322681061923504,0.46168529987335205,-0.24458220601081848,-0.22648683190345764,0.9788406491279602,0.8493871688842773,-0.4676536023616791,0.03325612470507622,-0.325334370136261
0.0424855537712574,-0.3926692605018616,0.689752995967865,0.11353424936532974,0.12653517723083496,-0.6254159212112427,0.7615469694137573,-1.739457130432129,0.09206005930900574,-0.03809957206249237,1.3477623462677002,-0.23847870528697968,0.07604075968265533,-1.5826966762542725,-0.19835814833641052,0.1558428555727005,1.4394804239273071,-0.24522989988327026,0.08024678379297256,0.025664912536740303,-0.1031641960144043,0.0,0.0,-0.20692121982574463,0.221695676445961,-1.0367217063903809,0.691939115524292,0.4923326075077057,0.02359478548169136,0.44760721921920776,-0.24764157831668854,-0.21065624058246613,0.9630417823791504,0.9139200448989868,-0.4568188488483429,0.0351921021938324,-0.3163414001464844
0.0501028373837471,-0.4069995582103729,0.7084078788757324,0.1085088774561882,0.12378925085067749,-0.6238434910774231,0.7640165686607361,-1.6737301349639893,0.08816362172365189,-0.027336517348885536,1.3225758075714111,-0.25436848402023315,0.09335734695196152,-1.5105866193771362,-0.2059946358203888,0.140179842710495,1.406666874885559,-0.26159149408340454,0.08014263957738876,0.026041263714432716,-0.10382457077503204,0.0,0.0,-0.20904865860939026,0.20944470167160034,-1.017824649810791,0.7398874163627625,0.4792427122592926,0.020373504608869553,0.4323955178260803,-0.2445492148399353,-0.20216798782348633,0.9395414590835571,0.9683246612548828,-0.443969190120697,0.034015633165836334,-0.3042876124382019
0.05953478068113327,-0.4249158501625061,0.7294216752052307,0.10186373442411423,0.11803027987480164,-0.6236171126365662,0.7660250067710876,-1.5918302536010742,0.0845322385430336,-0.015063300728797913,1.2942333221435547,-0.2761881947517395,0.11252258718013763,-1.4217779636383057,-0.21331191062927246,0.12171114981174469,1.3688594102859497,-0.2775067389011383,0.08305265009403229,0.028185945004224777,-0.10470022261142731,0.0,0.0,-0.20302322506904602,0.2069830596446991,-0.9875394105911255,0.7761713266372681,0.46479296684265137,0.013056818395853043,0.412680983543396,-0.23229625821113586,-0.20110782980918884,0.9050297737121582,1.0146065950393677,-0.42921769618988037,0.03057527169585228,-0.28823789954185486
0.070311039686203,-0.4470520615577698,0.7504547238349915,0.09345632046461105,0.10674874484539032,-0.6237900853157043,0.7686068415641785,-1.4859507083892822,0.0765148475766182,-0.00016112253069877625,1.2635066509246826,-0.30358216166496277,0.1333550661802292,-1.3179060220718384,-0.22279566526412964,0.10767088085412979,1.3326588869094849,-0.288188099861145,0.0932113453745842,0.029973503202199936,-0.1038995310664177,0.0,0.0,-0.18423062562942505,0.21602195501327515,-0.9521283507347107,0.7987675666809082,0.4488140642642975,-0.00045794248580932617,0.3836405873298645,-0.2090374380350113,-0.20601701736450195,0.8616612553596497,1.0520086288452148,-0.4168139100074768,0.023511512205004692,-0.26523077487945557
0.08174975216388702,-0.4729795455932617,0.7708455920219421,0.08390529453754425,0.09190256893634796,-0.6238564848899841,0.7715678215026855,-1.3654420375823975,0.06352470070123672,0.011659675277769566,1.2305930852890015,-0.33385586738586426,0.1520567536354065,-1.2032543420791626,-0.23186519742012024,0.09753566980361938,1.2957587242126465,-0.2955304980278015,0.10559094697237015,0.030944988131523132,-0.10418274998664856,0.0,0.0,-0.15149682760238647,0.22709999978542328,-0.9112412929534912,0.8301557302474976,0.43217355012893677,-0.016160517930984497,0.34960198402404785,-0.17838262021541595,-0.2097836136817932,0.8165841102600098,1.086566686630249,-0.40730977058410645,0.014239823445677757,-0.24029859900474548
0.09308644384145737,-0.5011751055717468,0.7877264022827148,0.075567826628685,0.0769164189696312,-0.6233964562416077,0.7744354605674744,-1.2485744953155518,0.04571171849966049,0.018159739673137665,1.1977746486663818,-0.36061304807662964,0.16649189591407776,-1.0976414680480957,-0.23829767107963562,0.09253887087106705,1.262831211090088,-0.2960893511772156,0.11748234927654266,0.02953305095434189,-0.10864578187465668,0.0,0.0,-0.11107490956783295,0.23766228556632996,-0.8655533194541931,0.8614073991775513,0.4133106470108032,-0.03174389898777008,0.317732036113739,-0.14416587352752686,-0.21406620740890503,0.771420419216156,1.114025592803955,-0.397453248500824,0.003996929153800011,-0.21839109063148499
0.10376577824354172,-0.5301234126091003,0.8000410795211792,0.07049325853586197,0.06438471376895905,-0.6220975518226624,0.7770971059799194,-1.1496312618255615,0.02289065532386303,0.0173496026545763,1.168823003768921,-0.3824976086616516,0.17664316296577454,-1.0138517618179321,-0.24193048477172852,0.09430090337991714,1.238357424736023,-0.2897293269634247,0.12914259731769562,0.02520088478922844,-0.12239688634872437,0.0,0.0,-0.07634786516427994,0.2489757239818573,-0.8338726758956909,0.879572868347168,0.3975406289100647,-0.04715542495250702,0.2891121506690979,-0.11055789887905121,-0.2186535894870758,0.7367081642150879,1.1316938400268555,-0.3882524371147156,-0.0067319427616894245,-0.20029982924461365
0.11345352977514267,-0.5585199594497681,0.8091416954994202,0.06593849509954453,0.052635762840509415,-0.6202512383460999,0.7798525094985962,-1.0624445676803589,-0.001004132442176342,0.01080324500799179,1.1431090831756592,-0.4020479917526245,0.18472030758857727,-0.9444141387939453,-0.24187225103378296,0.09740480035543442,1.220341682434082,-0.27853089570999146,0.13929009437561035,0.019322019070386887,-0.13551390171051025,0.0,0.0,-0.04005320742726326,0.26082852482795715,-0.7992923855781555,0.8931846618652344,0.3828344941139221,-0.061203114688396454,0.264879047870636,-0.07724244147539139,-0.2248075008392334,0.7039411067962646,1.1376192569732666,-0.3790702819824219,-0.019487101584672928,-0.18591554462909698
0.12198886275291443,-0.5856805443763733,0.8193230628967285,0.06336189806461334,0.042638666927814484,-0.6176057457923889,0.7827709317207336,-0.9897559881210327,-0.026221437379717827,0.0012661069631576538,1.1181445121765137,-0.41788554191589355,0.1909809112548828,-0.8948489427566528,-0.23777270317077637,0.10094450414180756,1.2092504501342773,-0.2658851146697998,0.14597046375274658,0.00999101810157299,-0.14995077252388,0.0,0.0,-0.010537155903875828,0.2753545939922333,-0.7718623876571655,0.8980138301849365,0.3708209693431854,-0.07388870418071747,0.24493414163589478,-0.043423186987638474,-0.2343326210975647,0.675139844417572,1.1341334581375122,-0.36973676085472107,-0.032586198300123215,-0.17401568591594696
0.12935885787010193,-0.6109178066253662,0.8281676769256592,0.061942875385284424,0.033470459282398224,-0.6142342686653137,0.7859765291213989,-0.928775429725647,-0.05194198340177536,-0.008775981143116951,1.0974454879760742,-0.43347859382629395,0.19678938388824463,-0.8692045211791992,-0.23046474158763885,0.10457979142665863,1.2034876346588135,-0.25217553973197937,0.1494322419166565,-0.00296220276504755,-0.16213738918304443,0.0,0.0,0.014191899448633194,0.2901219129562378,-0.7422888278961182,0.9027825593948364,0.35953396558761597,-0.0838264673948288,0.23179922997951508,-0.009160511195659637,-0.24327614903450012,0.6454872488975525,1.1271636486053467,-0.36060744524002075,-0.04540175199508667,-0.16550162434577942
0.13556550443172455,-0.6337481141090393,0.8346784114837646,0.06123160198330879,0.02584262005984783,-0.6111464500427246,0.7887222766876221,-0.8787949085235596,-0.07618645578622818,-0.02053244784474373,1.081026554107666,-0.4497832953929901,0.19940713047981262,-0.8652647733688354,-0.2176336646080017,0.10714378207921982,1.1944516897201538,-0.23911890387535095,0.149349644780159,-0.019038205966353416,-0.17572814226150513,0.0,0.0,0.02696952223777771,0.30469661951065063,-0.7182278633117676,0.9073094129562378,0.3506509065628052,-0.0902186781167984,0.22698289155960083,0.02370312437415123,-0.2496361881494522,0.6235448122024536,1.1178157329559326,-0.3534802496433258,-0.0569709911942482,-0.15950044989585876
0.14074914157390594,-0.6541311740875244,0.839959979057312,0.06122782081365585,0.019764484837651253,-0.608198344707489,0.7911733984947205,-0.8371301293373108,-0.0988881066441536,-0.03473019227385521,1.0653780698776245,-0.46457618474960327,0.19776204228401184,-0.8769186735153198,-0.19949591159820557,0.11060293018817902,1.1734760999679565,-0.22579506039619446,0.1503334939479828,-0.032738588750362396,-0.1890171468257904,0.0,0.0,0.0355793721973896,0.32122936844825745,-0.6945078372955322,0.9150604605674744,0.34330832958221436,-0.09540045261383057,0.2267473340034485,0.04852614179253578,-0.2581159472465515,0.6073298454284668,1.102720856666565,-0.34717193245887756,-0.06846798211336136,-0.15509934723377228
0.14527177810668945,-0.6726756691932678,0.843601405620575,0.061429720371961594,0.015446612611413002,-0.6053783893585205,0.7934134006500244,-0.8055807948112488,-0.1197786033153534,-0.052648287266492844,1.054247498512268,-0.4757046699523926,0.19009657204151154,-0.8952102065086365,-0.17502707242965698,0.12054640799760818,1.137892484664917,-0.2104663997888565,0.15445932745933533,-0.03903207182884216,-0.1994227170944214,0.0,0.0,0.041066184639930725,0.3380723297595978,-0.666684627532959,0.9185447096824646,0.3340587615966797,-0.10064356029033661,0.2331123650074005,0.0705479085445404,-0.2661088705062866,0.5882782936096191,1.0887291431427002,-0.34074562788009644,-0.07755237072706223,-0.15427535772323608
0.14964953064918518,-0.6903847455978394,0.8471303582191467,0.06197525933384895,0.01225525327026844,-0.6017834544181824,0.7961568236351013,-0.778509795665741,-0.1400899887084961,-0.07379597425460815,1.0408796072006226,-0.4827779531478882,0.17896637320518494,-0.9141560792922974,-0.14929354190826416,0.13800564408302307,1.0872068405151367,-0.19248905777931213,0.1632630079984665,-0.04167148843407631,-0.2101045846939087,0.0,0.0,0.03783607482910156,0.34983378648757935,-0.6519268155097961,0.9220269918441772,0.32594603300094604,-0.10546623170375824,0.24001553654670715,0.08886826783418655,-0.2729209065437317,0.5719037652015686,1.082263708114624,-0.3372008800506592,-0.08330978453159332,-0.15303437411785126
0.1542985886335373,-0.7076925039291382,0.8498345017433167,0.06249554455280304,0.010552171617746353,-0.5988085865974426,0.7983803749084473,-0.7547363042831421,-0.15525124967098236,-0.09331448376178741,1.032508373260498,-0.4861420691013336,0.16523884236812592,-0.9296868443489075,-0.1221313625574112,0.15651771426200867,1.0269060134887695,-0.16759945452213287,0.1717473566532135,-0.039362650364637375,-0.2173365354537964,0.0,0.0,0.0335460901260376,0.3597249686717987,-0.6393080949783325,0.9270732402801514,0.31829872727394104,-0.10962657630443573,0.24802657961845398,0.10290837287902832,-0.27937981486320496,0.5527518391609192,1.0831295251846313,-0.3346230983734131,-0.08618128299713135,-0.15470322966575623
0.15953002870082855,-0.7235876321792603,0.8522965908050537,0.06307831406593323,0.009603035636246204,-0.5957660675048828,0.8006196022033691,-0.7303368449211121,-0.1673717051744461,-0.11001613736152649,1.0258557796478271,-0.4883190989494324,0.15168432891368866,-0.9395925998687744,-0.09760050475597382,0.1738017350435257,0.9656082391738892,-0.14019113779067993,0.18094602227210999,-0.03281605243682861,-0.2222341150045395,0.0,0.0,0.028309982270002365,0.36806362867355347,-0.6309330463409424,0.9185994863510132,0.3106817305088043,-0.11393491178750992,0.25755470991134644,0.11542724072933197,-0.28547403216362,0.5305860638618469,1.0856528282165527,-0.33356234431266785,-0.08707138895988464,-0.15883052349090576
0.16486021876335144,-0.7362339496612549,0.8553408980369568,0.06304505467414856,0.008109189569950104,-0.5922343730926514,0.8032547235488892,-0.7003501653671265,-0.17571070790290833,-0.12205182015895844,1.0158469676971436,-0.4887816607952118,0.14017553627490997,-0.9393386244773865,-0.07934454083442688,0.18409545719623566,0.9076826572418213,-0.11103470623493195,0.18960872292518616,-0.026944680139422417,-0.22202777862548828,0.0,0.0,0.028263352811336517,0.37020647525787354,-0.6186841130256653,0.9167929887771606,0.30542635917663574,-0.11642377078533173,0.26577192544937134,0.12808088958263397,-0.28747856616973877,0.5020617246627808,1.1003004312515259,-0.33458971977233887,-0.0847734734416008,-0.1650858372449875
0.1699696183204651,-0.7453609704971313,0.8581732511520386,0.06386216729879379,0.006781203672289848,-0.5879215598106384,0.8063645958900452,-0.671569287776947,-0.1805337816476822,-0.12379641830921173,1.0044589042663574,-0.4835355281829834,0.1311248540878296,-0.9358276128768921,-0.06808821856975555,0.18575331568717957,0.8597317934036255,-0.0856100395321846,0.1930190473794937,-0.02379058301448822,-0.21986036002635956,0.0,0.0,0.032122302800416946,0.3689655363559723,-0.6080118417739868,0.917158842086792,0.30306878685951233,-0.11758965253829956,0.2720722258090973,0.141006201505661,-0.2865237593650818,0.47296714782714844,1.119227409362793,-0.3364526629447937,-0.08064264059066772,-0.17272228002548218
0.17471909523010254,-0.7514071464538574,0.8607459664344788,0.06526948511600494,0.005215984769165516,-0.5827237963676453,0.8100281357765198,-0.6389997005462646,-0.1821129322052002,-0.11688432097434998,0.9923967123031616,-0.47196730971336365,0.12206615507602692,-0.930038332939148,-0.06398380547761917,0.18031109869480133,0.8202247619628906,-0.06453610211610794,0.1947634518146515,-0.022325724363327026,-0.21768835186958313,0.0,0.0,0.037307754158973694,0.3677186071872711,-0.6049038171768188,0.9131160974502563,0.30437174439430237,-0.11897556483745575,0.2748290002346039,0.15351630747318268,-0.282330185174942,0.44557929039001465,1.1408549547195435,-0.33905380964279175,-0.07557012140750885,-0.18025252223014832
0.17895610630512238,-0.7552562355995178,0.8624264597892761,0.06681583821773529,0.004151453729718924,-0.5769789814949036,0.8140108585357666,-0.6057239770889282,-0.17825202643871307,-0.10386732965707779,0.9827626943588257,-0.45012515783309937,0.10865321755409241,-0.9229533076286316,-0.06439349800348282,0.17025500535964966,0.7907038927078247,-0.05233653634786606,0.19234928488731384,-0.018560439348220825,-0.21491894125938416,0.0,0.0,0.04269706830382347,0.3688509464263916,-0.6067748069763184,0.9072329998016357,0.30910831689834595,-0.12044139951467514,0.27460387349128723,0.16703221201896667,-0.27523788809776306,0.4203135371208191,1.1630662679672241,-0.34289389848709106,-0.0702548548579216,-0.18608596920967102
0.18291063606739044,-0.7580165266990662,0.8629920482635498,0.06803731620311737,0.0030694613233208656,-0.5694365501403809,0.8192090392112732,-0.5715667605400085,-0.16719399392604828,-0.08528098464012146,0.9759913086891174,-0.422471284866333,0.09391376376152039,-0.9144512414932251,-0.0711498111486435,0.15695586800575256,0.7693067789077759,-0.04834051430225372,0.1898183524608612,-0.015599045902490616,-0.21266523003578186,0.0,0.0,0.04791820049285889,0.36852186918258667,-0.6145840883255005,0.9023519158363342,0.31684333086013794,-0.12199646234512329,0.2710930109024048,0.1794714480638504,-0.2652204632759094,0.3993590772151947,1.1848138570785522,-0.34853029251098633,-0.06479697674512863,-0.18919101357460022
0.18684153258800507,-0.7607240676879883,0.8618497252464294,0.06843260675668716,0.0014091734774410725,-0.5613178610801697,0.8247649669647217,-0.5400305986404419,-0.14877255260944366,-0.05970701575279236,0.97553551197052,-0.38985350728034973,0.08050872385501862,-0.9040176272392273,-0.08425359427928925,0.13731685280799866,0.755196213722229,-0.049646250903606415,0.18416215479373932,-0.012668080627918243,-0.21109475195407867,0.0,0.0,0.05392143130302429,0.3649780750274658,-0.6223682165145874,0.8990353345870972,0.3259654939174652,-0.1225438043475151,0.2663151025772095,0.18871384859085083,-0.2531231641769409,0.38224852085113525,1.2065544128417969,-0.3549269437789917,-0.05796915665268898,-0.19128212332725525
0.19083335995674133,-0.7646423578262329,0.8610284328460693,0.06955606490373611,-0.0007133427425287664,-0.553762674331665,0.8297640085220337,-0.5142619609832764,-0.12747500836849213,-0.028826585039496422,0.9834197759628296,-0.35549628734588623,0.0723189041018486,-0.8967946767807007,-0.10280191898345947,0.11068573594093323,0.7571979761123657,-0.060707151889801025,0.17262206971645355,-0.007539816200733185,-0.2104451060295105,0.0,0.0,0.06480932980775833,0.3601503074169159,-0.6283288598060608,0.9004392623901367,0.3368447422981262,-0.12249080836772919,0.2584180533885956,0.19239722192287445,-0.23929597437381744,0.3719300627708435,1.2249351739883423,-0.36083364486694336,-0.050968460738658905,-0.19251734018325806
0.19484664499759674,-0.7705113887786865,0.8637616634368896,0.06987418234348297,-0.0035449108108878136,-0.5477148294448853,0.8337346315383911,-0.5002100467681885,-0.10572728514671326,0.002178965136408806,1.0111888647079468,-0.3111763298511505,0.06609882414340973,-0.886821448802948,-0.12057417631149292,0.07839474081993103,0.7756466865539551,-0.08420141786336899,0.15157729387283325,0.004551279358565807,-0.2082853466272354,0.0,0.0,0.08439101278781891,0.35480254888534546,-0.6268507242202759,0.9146051406860352,0.3461666703224182,-0.12069825083017349,0.2474144995212555,0.18953506648540497,-0.224694162607193,0.3679788410663605,1.2410615682601929,-0.36338338255882263,-0.04479965195059776,-0.19191467761993408
0.19906163215637207,-0.7781521081924438,0.8669957518577576,0.0699879452586174,-0.00612109387293458,-0.5428995490074158,0.8368538022041321,-0.5017669200897217,-0.08664537966251373,0.030504558235406876,1.050262689590454,-0.2685813009738922,0.06628280878067017,-0.8734538555145264,-0.13449238240718842,0.04841172322630882,0.80263352394104,-0.11683191359043121,0.13131584227085114,0.019639909267425537,-0.20546020567417145,0.0,0.0,0.11425375938415527,0.349016010761261,-0.6178029775619507,0.9445980191230774,0.35232603549957275,-0.11755678057670593,0.23406299948692322,0.1770472228527069,-0.21287016570568085,0.3714357018470764,1.247229814529419,-0.3618554472923279,-0.041817404329776764,-0.1920263171195984
0.20359306037425995,-0.786972165107727,0.8707538843154907,0.06857221573591232,-0.008428985252976418,-0.5398824214935303,0.8389003276824951,-0.5130508542060852,-0.06833009421825409,0.05500752478837967,1.0939686298370361,-0.23331449925899506,0.0721188485622406,-0.8527364730834961,-0.14217762649059296,0.023649878799915314,0.8279591798782349,-0.15082085132598877,0.11718156188726425,0.036863069981336594,-0.19869202375411987,0.0,0.0,0.1548302173614502,0.3390152156352997,-0.59532231092453,0.9984520673751831,0.35653987526893616,-0.11462201178073883,0.21792523562908173,0.1584339439868927,-0.20152172446250916,0.3801460862159729,1.2498860359191895,-0.3575896918773651,-0.04098408669233322,-0.19023862481117249
0.2086952030658722,-0.7966048717498779,0.8743808269500732,0.06905607879161835,-0.008887458592653275,-0.5367713570594788,0.8408500552177429,-0.5510801672935486,-0.05383898317813873,0.07733084261417389,1.1506879329681396,-0.20615005493164062,0.08083036541938782,-0.8347145915031433,-0.14823098480701447,0.009206246584653854,0.8539241552352905,-0.1857919692993164,0.1087975800037384,0.058309391140937805,-0.1962461769580841,0.0,0.0,0.19480112195014954,0.32954227924346924,-0.5779313445091248,1.0398582220077515,0.3586312532424927,-0.11337077617645264,0.20652946829795837,0.13470514118671417,-0.1964636743068695,0.39579230546951294,1.240882396697998,-0.352760910987854,-0.04192700609564781,-0.19269053637981415
0.21434545516967773,-0.8071542382240295,0.8785743713378906,0.06758537888526917,-0.007784267887473106,-0.5345299243927002,0.8424068689346313,-0.6068376898765564,-0.03318367898464203,0.10057472437620163,1.19890558719635,-0.1892801821231842,0.09551612287759781,-0.8086072206497192,-0.14717315137386322,-0.0029559521935880184,0.874137818813324,-0.21838396787643433,0.10467398166656494,0.08769512921571732,-0.19413331151008606,0.0,0.0,0.23483626544475555,0.3219967484474182,-0.5591373443603516,1.0653380155563354,0.35699597001075745,-0.11580685526132584,0.19698220491409302,0.11079467833042145,-0.19243735074996948,0.41396501660346985,1.2297489643096924,-0.3487759828567505,-0.043192435055971146,-0.19315674901008606
0.22086507081985474,-0.8188402652740479,0.8823584914207458,0.06556925177574158,-0.005147636868059635,-0.5311763882637024,0.8447045683860779,-0.6710999011993408,-0.0057451482862234116,0.11972479522228241,1.225537657737732,-0.18058383464813232,0.10874027013778687,-0.7809807062149048,-0.14202354848384857,-0.009191987104713917,0.889906108379364,-0.24721390008926392,0.1060168445110321,0.11574777960777283,-0.1942375898361206,0.0,0.0,0.26881271600723267,0.31100940704345703,-0.5413578748703003,1.0887833833694458,0.3535199463367462,-0.11714322119951248,0.1923006772994995,0.08937177807092667,-0.19078078866004944,0.433163046836853,1.2158033847808838,-0.34604233503341675,-0.04515035077929497,-0.19462454319000244
0.228791743516922,-0.8315542936325073,0.8856549263000488,0.06226062774658203,-0.0020869483705610037,-0.5244701504707336,0.849146842956543,-0.7307285070419312,0.02537442184984684,0.1366889774799347,1.228784203529358,-0.17919126152992249,0.12375583499670029,-0.7498947978019714,-0.13622432947158813,-0.015609003603458405,0.9007812142372131,-0.2717922329902649,0.11040502041578293,0.14099787175655365,-0.19538229703903198,0.0,0.0,0.2936231195926666,0.29516565799713135,-0.5222813487052917,1.1165997982025146,0.34972718358039856,-0.11600860953330994,0.19192054867744446,0.07406481355428696,-0.1865437626838684,0.4526499807834625,1.204318642616272,-0.3459419012069702,-0.047231920063495636,-0.19461588561534882
0.23840364813804626,-0.8450583815574646,0.8888794183731079,0.057605329900979996,0.0021684777457267046,-0.5131402611732483,0.856366753578186,-0.7846271395683289,0.056881822645664215,0.155536949634552,1.2105425596237183,-0.1835925132036209,0.1416289508342743,-0.7150802612304688,-0.1308172345161438,-0.026674924418330193,0.904244065284729,-0.2926892638206482,0.1151893213391304,0.1654742956161499,-0.19710272550582886,0.0,0.0,0.3117658197879791,0.2767743468284607,-0.5015947818756104,1.1565625667572021,0.34629175066947937,-0.11323806643486023,0.19190028309822083,0.05993575230240822,-0.18210965394973755,0.4708632826805115,1.2000640630722046,-0.3465723693370819,-0.04859396815299988,-0.19218921661376953
0.2499828338623047,-0.859398603439331,0.891946017742157,0.05284721776843071,0.007999793626368046,-0.49739816784858704,0.8658742904663086,-0.833829402923584,0.08305803686380386,0.1789691150188446,1.1663068532943726,-0.18998923897743225,0.1606104075908661,-0.6797167062759399,-0.12774251401424408,-0.04355771839618683,0.9020218849182129,-0.3097043037414551,0.12051745504140854,0.1886826455593109,-0.20007938146591187,0.0,0.0,0.32570216059684753,0.2578973174095154,-0.4804387390613556,1.1958837509155273,0.3402051329612732,-0.11090706288814545,0.1930961012840271,0.04278632625937462,-0.17705506086349487,0.48827600479125977,1.2008001804351807,-0.34649989008903503,-0.05003046989440918,-0.19061271846294403
0.26394006609916687,-0.8745793104171753,0.8944595456123352,0.049184393137693405,0.014825313352048397,-0.478552907705307,0.8765547275543213,-0.875344455242157,0.10040035843849182,0.20763298869132996,1.10263991355896,-0.19666409492492676,0.1782131791114807,-0.6467682123184204,-0.130039244890213,-0.0664558857679367,0.8978467583656311,-0.32486143708229065,0.12483580410480499,0.20675937831401825,-0.20483386516571045,0.0,0.0,0.3304675221443176,0.24070146679878235,-0.46507173776626587,1.2254741191864014,0.33282387256622314,-0.1086345836520195,0.19592279195785522,0.025943391025066376,-0.17007671296596527,0.5040518045425415,1.2074514627456665,-0.3470480442047119,-0.05029987543821335,-0.18992167711257935
0.2807329297065735,-0.8908077478408813,0.8964647054672241,0.04575318470597267,0.021434292197227478,-0.45919376611709595,0.8868981599807739,-0.9082968235015869,0.10911513864994049,0.23903173208236694,1.0285497903823853,-0.2028234750032425,0.19389128684997559,-0.6105065941810608,-0.13576547801494598,-0.09698224067687988,0.8923707604408264,-0.3371680974960327,0.12756949663162231,0.2205386757850647,-0.2083655148744583,0.0,0.0,0.3315742313861847,0.2271207571029663,-0.4484233856201172,1.2419006824493408,0.3243778645992279,-0.1068815141916275,0.19898077845573425,0.008798141032457352,-0.16251279413700104,0.5198004245758057,1.217146635055542,-0.3487374484539032,-0.04970931261777878,-0.1893806755542755
0.2999863624572754,-0.9079595804214478,0.8972495198249817,0.04325290769338608,0.028112968429923058,-0.4404054284095764,0.8963157534599304,-0.9379379749298096,0.11394268274307251,0.26882249116897583,0.9566923379898071,-0.2041751891374588,0.20340803265571594,-0.5746304392814636,-0.14388582110404968,-0.129133939743042,0.8889502286911011,-0.34863194823265076,0.12763118743896484,0.23005232214927673,-0.2127417027950287,0.0,0.0,0.3275125026702881,0.21641422808170319,-0.4342595934867859,1.247326374053955,0.3165772557258606,-0.10417544841766357,0.20338985323905945,-0.00914483331143856,-0.15896278619766235,0.5360451340675354,1.226090908050537,-0.3509926199913025,-0.04739179462194443,-0.19151923060417175
0.3208748400211334,-0.9253333806991577,0.8966202735900879,0.04182850569486618,0.03546860069036484,-0.4215232729911804,0.905157744884491,-0.9655343890190125,0.11841690540313721,0.2951560616493225,0.8951163291931152,-0.19901087880134583,0.2064182460308075,-0.5437576770782471,-0.1534666121006012,-0.15706562995910645,0.8877562284469604,-0.3599604666233063,0.1255902796983719,0.23558145761489868,-0.217943012714386,0.0,0.0,0.3170386254787445,0.20547696948051453,-0.4286923110485077,1.248997688293457,0.31175678968429565,-0.09965045750141144,0.20829366147518158,-0.026815788820385933,-0.1568056344985962,0.5524961352348328,1.2340620756149292,-0.3544394373893738,-0.042910926043987274,-0.19605207443237305
0.3430611491203308,-0.942227303981781,0.8947136998176575,0.04004297032952309,0.04150767996907234,-0.4024624824523926,0.9136178493499756,-0.9829216003417969,0.12270419299602509,0.3201929032802582,0.8498344421386719,-0.19199813902378082,0.20795001089572906,-0.5121065974235535,-0.16324135661125183,-0.18142986297607422,0.8882266283035278,-0.3697047233581543,0.12350501120090485,0.23963814973831177,-0.2204778492450714,0.0,0.0,0.30524584650993347,0.19457122683525085,-0.4236031472682953,1.2510175704956055,0.3092901408672333,-0.09370318800210953,0.21195118129253387,-0.04289105534553528,-0.1543816328048706,0.5662537813186646,1.2402459383010864,-0.35823261737823486,-0.03786664828658104,-0.20057335495948792
0.3670317828655243,-0.9584317207336426,0.8918273448944092,0.0378679558634758,0.04546297714114189,-0.3837491571903229,0.921539843082428,-0.9836215972900391,0.12512338161468506,0.3449029326438904,0.8207026720046997,-0.1853855401277542,0.20922166109085083,-0.47627609968185425,-0.17453747987747192,-0.20247623324394226,0.8886871337890625,-0.37686651945114136,0.12392941117286682,0.2423165887594223,-0.2219843715429306,0.0,0.0,0.29213452339172363,0.18450120091438293,-0.4214800000190735,1.260040521621704,0.3090413808822632,-0.08629699051380157,0.2129996120929718,-0.0582563653588295,-0.1496962457895279,0.5788561105728149,1.2470791339874268,-0.3624500632286072,-0.03216046839952469,-0.20433634519577026
0.3931172490119934,-0.9738792777061462,0.8881072402000427,0.0356350876390934,0.04554657265543938,-0.36568376421928406,0.9289408326148987,-0.9646530151367188,0.123245470225811,0.3689669966697693,0.8087592124938965,-0.18579217791557312,0.21350929141044617,-0.42995503544807434,-0.18898379802703857,-0.22129380702972412,0.8878945112228394,-0.37468016147613525,0.12884566187858582,0.24264070391654968,-0.22150468826293945,0.0,0.0,0.27564212679862976,0.1744026392698288,-0.42155224084854126,1.267296314239502,0.3097667098045349,-0.07990086078643799,0.21228834986686707,-0.0676560029387474,-0.14707206189632416,0.5888928771018982,1.254013180732727,-0.36889708042144775,-0.027218695729970932,-0.20568808913230896
0.4208459258079529,-0.9883991479873657,0.8836279511451721,0.03547094017267227,0.04206838458776474,-0.3470989167690277,0.9362127780914307,-0.9346381425857544,0.11098139733076096,0.38668662309646606,0.8081940412521362,-0.1969173699617386,0.22153252363204956,-0.3745461106300354,-0.2078516185283661,-0.23431998491287231,0.8853834271430969,-0.3463868498802185,0.14070728421211243,0.2409370243549347,-0.21775856614112854,0.0,0.0,0.25883570313453674,0.15959492325782776,-0.419258713722229,1.2755348682403564,0.30950993299484253,-0.07552976906299591,0.2065868377685547,-0.07123257219791412,-0.1490616351366043,0.5960772037506104,1.2615389823913574,-0.37637266516685486,-0.02399578131735325,-0.2023436576128006
0.4495092034339905,-1.0019290447235107,0.8775313496589661,0.036782875657081604,0.036575235426425934,-0.32821035385131836,0.9431793093681335,-0.9031195640563965,0.08937923610210419,0.390031099319458,0.8146167993545532,-0.21592655777931213,0.22952193021774292,-0.32020023465156555,-0.22713124752044678,-0.2384069263935089,0.8869184255599976,-0.2976911962032318,0.15513649582862854,0.23775054514408112,-0.214122474193573,0.0,0.0,0.2407439798116684,0.14229659736156464,-0.4198600649833679,1.2815485000610352,0.3096907138824463,-0.07258075475692749,0.19695568084716797,-0.07168671488761902,-0.1538572907447815,0.6027175784111023,1.2679622173309326,-0.38177958130836487,-0.022515133023262024,-0.19551226496696472
0.47861719131469727,-1.014182448387146,0.8684310913085938,0.03924425691366196,0.030458951368927956,-0.30612894892692566,0.9506930112838745,-0.8731372952461243,0.05830874294042587,0.38004493713378906,0.8254740238189697,-0.24070505797863007,0.23775148391723633,-0.28275957703590393,-0.24665984511375427,-0.23376187682151794,0.9076045155525208,-0.2326672375202179,0.17010724544525146,0.23147143423557281,-0.2105541080236435,0.0,0.0,0.22004875540733337,0.12443313002586365,-0.4221234917640686,1.285274624824524,0.3083382248878479,-0.07051244378089905,0.18535491824150085,-0.06826100498437881,-0.16215315461158752,0.6067004203796387,1.2744731903076172,-0.38337862491607666,-0.02388496696949005,-0.18710064888000488
0.5074028372764587,-1.0249600410461426,0.8574771285057068,0.04197084903717041,0.024488821625709534,-0.2777155935764313,0.9594335556030273,-0.8453447818756104,0.014957565814256668,0.34837108850479126,0.8363255262374878,-0.2675776481628418,0.24145066738128662,-0.27782028913497925,-0.2661572992801666,-0.21446505188941956,0.9538394212722778,-0.17250366508960724,0.17921537160873413,0.21561580896377563,-0.20870941877365112,0.0,0.0,0.1961706578731537,0.11008073389530182,-0.43214356899261475,1.2864339351654053,0.31025850772857666,-0.06846954673528671,0.172596737742424,-0.06393606215715408,-0.16953156888484955,0.612215518951416,1.277292251586914,-0.38466745615005493,-0.027182800695300102,-0.1794733703136444
0.5349472761154175,-1.0341366529464722,0.848457932472229,0.045206427574157715,0.019795482978224754,-0.24094034731388092,0.9692843556404114,-0.8209930658340454,-0.041926950216293335,0.2930557429790497,0.8426060676574707,-0.29198795557022095,0.24183055758476257,-0.31260761618614197,-0.2832154929637909,-0.18173006176948547,1.0160956382751465,-0.13374435901641846,0.1782342493534088,0.18841031193733215,-0.21061575412750244,0.0,0.0,0.1674153357744217,0.10456345975399017,-0.4514094591140747,1.2786061763763428,0.31444209814071655,-0.06584875285625458,0.16269640624523163,-0.0615650936961174,-0.17936576902866364,0.6175660490989685,1.2708117961883545,-0.38116103410720825,-0.03143049404025078,-0.17451857030391693
0.5599966049194336,-1.0420396327972412,0.8520556688308716,0.04837494343519211,0.015561703592538834,-0.1994093954563141,0.9785977602005005,-0.7958863973617554,-0.10205109417438507,0.22340914607048035,0.8447316884994507,-0.3119472861289978,0.23670712113380432,-0.3636223077774048,-0.29349732398986816,-0.14595095813274384,1.0702522993087769,-0.1200617104768753,0.17320340871810913,0.15891709923744202,-0.2126254439353943,0.0,0.0,0.13984082639217377,0.10380066931247711,-0.47310954332351685,1.2680621147155762,0.3198339343070984,-0.06323062628507614,0.15460199117660522,-0.06232091039419174,-0.18474408984184265,0.6257195472717285,1.2622426748275757,-0.37614706158638,-0.03577081114053726,-0.16890567541122437
0.5822731256484985,-1.0486383438110352,0.8556474447250366,0.05179702863097191,0.012096555903553963,-0.15210898220539093,0.9869314432144165,-0.7679930925369263,-0.16217496991157532,0.14730148017406464,0.8442297577857971,-0.32754790782928467,0.22824791073799133,-0.4341732859611511,-0.29584139585494995,-0.10553404688835144,1.11255943775177,-0.12384240329265594,0.16749133169651031,0.1238856315612793,-0.21287238597869873,0.0,0.0,0.11243227124214172,0.0998324602842331,-0.49898624420166016,1.2575188875198364,0.3244059383869171,-0.0602579340338707,0.14804503321647644,-0.06050357222557068,-0.18761570751667023,0.6297262907028198,1.2531946897506714,-0.36792415380477905,-0.0401209257543087,-0.16298635303974152
0.601559042930603,-1.0541894435882568,0.8589741587638855,0.055202797055244446,0.00977448932826519,-0.10159164667129517,0.9932453036308289,-0.7383241653442383,-0.21800363063812256,0.07058943063020706,0.8439550399780273,-0.3430617153644562,0.21822403371334076,-0.5116723775863647,-0.2895781695842743,-0.06162598729133606,1.1375796794891357,-0.1378019154071808,0.16432641446590424,0.08451024442911148,-0.21269601583480835,0.0,0.0,0.08589907735586166,0.09395098686218262,-0.5293574929237366,1.2478638887405396,0.32938796281814575,-0.0570649728178978,0.14160335063934326,-0.05635789409279823,-0.18761280179023743,0.6299413442611694,1.2441359758377075,-0.35681217908859253,-0.043612100183963776,-0.15638987720012665
0.617935061454773,-1.0592690706253052,0.8618446588516235,0.058216892182826996,0.00956924632191658,-0.04790438339114189,0.997107982635498,-0.7103527188301086,-0.2684674859046936,-0.006398923695087433,0.8442455530166626,-0.35802480578422546,0.20485731959342957,-0.5890229940414429,-0.2749444246292114,-0.009099405258893967,1.139965534210205,-0.15614742040634155,0.16942144930362701,0.04517203941941261,-0.21349844336509705,0.0,0.0,0.056954432278871536,0.08788074553012848,-0.5709978342056274,1.2368961572647095,0.3385535478591919,-0.05438955873250961,0.13376574218273163,-0.04778752103447914,-0.18446697294712067,0.6287834048271179,1.2372478246688843,-0.346137672662735,-0.045648470520973206,-0.14696179330348969
0.6331650018692017,-1.063641905784607,0.8647493720054626,0.05999771133065224,0.010466949082911015,0.0071781231090426445,0.9981178045272827,-0.6791255474090576,-0.3097686767578125,-0.07850957661867142,0.8480790853500366,-0.37736910581588745,0.19072316586971283,-0.6631706953048706,-0.2517451047897339,0.048569150269031525,1.115929365158081,-0.17167887091636658,0.17913825809955597,0.011486705392599106,-0.21495100855827332,0.0,0.0,0.027813300490379333,0.08549703657627106,-0.6154128909111023,1.218977689743042,0.347728967666626,-0.05321292579174042,0.1278872787952423,-0.036027707159519196,-0.18180884420871735,0.6259766817092896,1.2242881059646606,-0.3373678922653198,-0.047487206757068634,-0.13668125867843628
0.6487597227096558,-1.0671589374542236,0.8677710890769958,0.05993764474987984,0.012812896631658077,0.05947498232126236,0.9963463544845581,-0.6472316980361938,-0.33928269147872925,-0.14868246018886566,0.8550974726676941,-0.401161253452301,0.17238794267177582,-0.7274315357208252,-0.22142036259174347,0.11176140606403351,1.0710735321044922,-0.17976722121238708,0.19392791390419006,-0.011341274715960026,-0.21946001052856445,0.0,0.0,-0.005401382222771645,0.08475606888532639,-0.6664418578147888,1.1949526071548462,0.35612380504608154,-0.05414567515254021,0.12413378804922104,-0.022610537707805634,-0.17825374007225037,0.6205970048904419,1.2198799848556519,-0.3316779136657715,-0.04586566239595413,-0.12579457461833954
0.6653969287872314,-1.0693929195404053,0.8708875179290771,0.057593509554862976,0.0163534227758646,0.1045968309044838,0.9927109479904175,-0.6175330877304077,-0.3536452651023865,-0.21225030720233917,0.8634802103042603,-0.4273262619972229,0.15412774682044983,-0.78508460521698,-0.18888619542121887,0.17389528453350067,1.0103299617767334,-0.1759319305419922,0.2120559811592102,-0.02725989930331707,-0.22753188014030457,0.0,0.0,-0.045556794852018356,0.08629490435123444,-0.7280422449111938,1.155301570892334,0.36322468519210815,-0.05734587460756302,0.12391957640647888,-0.006883179768919945,-0.17903627455234528,0.616173267364502,1.207839012145996,-0.3295503258705139,-0.04426412284374237,-0.11389285326004028
0.6830368638038635,-1.0699782371520996,0.8740895390510559,0.05323169380426407,0.02028108946979046,0.14123596251010895,0.9883356690406799,-0.5890761017799377,-0.3526288866996765,-0.26490578055381775,0.8722782135009766,-0.4534114599227905,0.13597016036510468,-0.8353475332260132,-0.15698809921741486,0.22543853521347046,0.9450883269309998,-0.1598275750875473,0.22797110676765442,-0.03727813810110092,-0.23118560016155243,0.0,0.0,-0.0764368325471878,0.08921241760253906,-0.7791202068328857,1.1419196128845215,0.3731135427951813,-0.05923085659742355,0.12342919409275055,0.004515102598816156,-0.17909614741802216,0.6149845719337463,1.2035794258117676,-0.3345772325992584,-0.04216334968805313,-0.1011071652173996
0.7014313340187073,-1.0687448978424072,0.8768341541290283,0.04808811843395233,0.023292062804102898,0.17011739313602448,0.9839740991592407,-0.5585676431655884,-0.33962371945381165,-0.3025239109992981,0.8822727799415588,-0.4777770936489105,0.11836051195859909,-0.8748053312301636,-0.12747140228748322,0.2621817886829376,0.8852506875991821,-0.13694782555103302,0.23878774046897888,-0.04310610890388489,-0.22714915871620178,0.0,0.0,-0.08886434882879257,0.09526284039020538,-0.8019310832023621,1.1629117727279663,0.3816530704498291,-0.059163980185985565,0.1232827678322792,0.009106267243623734,-0.17258991301059723,0.6114470362663269,1.2133487462997437,-0.34258902072906494,-0.039344802498817444,-0.09283388406038284
0.7205073833465576,-1.0657546520233154,0.878318727016449,0.043278299272060394,0.026115909218788147,0.19350813329219818,0.9797956347465515,-0.5285822153091431,-0.3216417133808136,-0.3269197344779968,0.8934392333030701,-0.5001298785209656,0.10363061726093292,-0.9014052748680115,-0.10129126161336899,0.2858508229255676,0.8390915393829346,-0.11500361561775208,0.24313494563102722,-0.04562632739543915,-0.21957926452159882,0.0,0.0,-0.08751291781663895,0.10388258844614029,-0.8044930696487427,1.1943732500076294,0.38685405254364014,-0.05807671695947647,0.12419404089450836,0.009194178506731987,-0.16432605683803558,0.6096163988113403,1.2236981391906738,-0.3511786162853241,-0.03689929097890854,-0.08800962567329407
0.7411168813705444,-1.0613993406295776,0.8782259821891785,0.040079373866319656,0.028404731303453445,0.21245573461055756,0.975935161113739,-0.49705150723457336,-0.3015102744102478,-0.34306925535202026,0.9050012230873108,-0.5180764198303223,0.08694244921207428,-0.9102928638458252,-0.08043280243873596,0.29802072048187256,0.8120383620262146,-0.09895869344472885,0.24176862835884094,-0.04744222015142441,-0.2104090452194214,0.0,0.0,-0.07895950227975845,0.11419954895973206,-0.7931467294692993,1.2285864353179932,0.3885685205459595,-0.05575601011514664,0.1255485713481903,0.010168809443712234,-0.15782584249973297,0.6061913371086121,1.2352113723754883,-0.35773611068725586,-0.03359084576368332,-0.08418188244104385
0.7648998498916626,-1.0566000938415527,0.8773356676101685,0.037678930908441544,0.028134416788816452,0.22530870139598846,0.9731519222259521,-0.457899272441864,-0.26865148544311523,-0.34725576639175415,0.9128386378288269,-0.5104678869247437,0.059837456792593,-0.896996259689331,-0.06024129316210747,0.2947666645050049,0.8038501739501953,-0.0924963653087616,0.23214402794837952,-0.044020332396030426,-0.19979965686798096,0.0,0.0,-0.06135355681180954,0.12972494959831238,-0.7651184797286987,1.2644765377044678,0.3856223523616791,-0.05252993851900101,0.12687024474143982,0.012012775056064129,-0.1522962749004364,0.6016007661819458,1.2445006370544434,-0.36253780126571655,-0.030597951263189316,-0.08002865314483643
0.7928507328033447,-1.0521987676620483,0.8726937174797058,0.033823419362306595,0.027483073994517326,0.23213401436805725,0.9717069864273071,-0.4265294075012207,-0.2133173793554306,-0.3256830871105194,0.9320351481437683,-0.448458731174469,0.014917246997356415,-0.8757786154747009,-0.03832646459341049,0.27251875400543213,0.8160804510116577,-0.10657351464033127,0.209585040807724,-0.034657545387744904,-0.19109493494033813,0.0,0.0,-0.03961334377527237,0.14897504448890686,-0.732272744178772,1.2951825857162476,0.374416321516037,-0.04882624000310898,0.12947037816047668,0.01423344574868679,-0.1419593095779419,0.5994657874107361,1.2520356178283691,-0.36565858125686646,-0.028350820764899254,-0.07448552548885345
0.8235065937042236,-1.04836905002594,0.8602144718170166,0.03207805007696152,0.029018839821219444,0.23711921274662018,0.9705170392990112,-0.42519956827163696,-0.15264177322387695,-0.27584701776504517,0.9803717136383057,-0.3681553900241852,-0.01701338216662407,-0.8544255495071411,-0.026560598984360695,0.23788751661777496,0.8385166525840759,-0.1397000253200531,0.18500396609306335,-0.026859108358621597,-0.1864159256219864,0.0,0.0,-0.02170484885573387,0.16362789273262024,-0.7038955688476562,1.312905192375183,0.359693706035614,-0.0442039929330349,0.13490155339241028,0.02171865478157997,-0.13685156404972076,0.5954086184501648,1.257521629333496,-0.36617112159729004,-0.02613566815853119,-0.0686103031039238
0.8547665476799011,-1.044642686843872,0.8634284734725952,0.03293084353208542,0.032117150723934174,0.2422156035900116,0.9691314101219177,-0.4597378373146057,-0.09506987780332565,-0.21230453252792358,1.0489659309387207,-0.30768638849258423,-0.018603980541229248,-0.832537829875946,-0.022293822839856148,0.19866028428077698,0.8650550246238708,-0.1807478368282318,0.1639190912246704,-0.014027170836925507,-0.1849951148033142,0.0,0.0,-0.002896402031183243,0.17186585068702698,-0.6788938641548157,1.3179291486740112,0.34478163719177246,-0.040748171508312225,0.1417321115732193,0.03077847696840763,-0.13575322926044464,0.5930266976356506,1.2595707178115845,-0.3653944134712219,-0.02386588789522648,-0.06475215405225754
0.8849221467971802,-1.040296196937561,0.8705237507820129,0.03478313982486725,0.03573528304696083,0.24585415422916412,0.9680231809616089,-0.5207810997962952,-0.038873255252838135,-0.14411576092243195,1.1169322729110718,-0.27522310614585876,0.0028741350397467613,-0.8078244924545288,-0.02252313867211342,0.1624518185853958,0.8892694115638733,-0.2215394526720047,0.1487109661102295,0.0034109577536582947,-0.18650920689105988,0.0,0.0,0.016144631430506706,0.1772134006023407,-0.6592820882797241,1.315110206604004,0.3332548141479492,-0.03938145935535431,0.14658546447753906,0.039492204785346985,-0.13623341917991638,0.5921120643615723,1.2627403736114502,-0.3643839657306671,-0.020843643695116043,-0.0607340969145298
0.9124134182929993,-1.0348567962646484,0.8758764863014221,0.03639139607548714,0.0384649857878685,0.2473960965871811,0.9674664735794067,-0.596167266368866,0.01424485445022583,-0.07995983958244324,1.1739675998687744,-0.26270225644111633,0.032610923051834106,-0.7810947895050049,-0.02528785914182663,0.13276223838329315,0.9104529023170471,-0.2580961287021637,0.14001566171646118,0.02398374304175377,-0.19105219841003418,0.0,0.0,0.03168690949678421,0.18348759412765503,-0.6431976556777954,1.3022575378417969,0.32189154624938965,-0.04116705060005188,0.1511850357055664,0.04797815531492233,-0.14007216691970825,0.5913240909576416,1.2618541717529297,-0.36094653606414795,-0.018953967839479446,-0.05701707303524017
0.9371971487998962,-1.0279892683029175,0.8798559308052063,0.03717434033751488,0.040446728467941284,0.24780696630477905,0.9672507047653198,-0.674902081489563,0.061297930777072906,-0.023302828893065453,1.2148665189743042,-0.2590799927711487,0.06226241588592529,-0.7526487708091736,-0.032448120415210724,0.10792763531208038,0.9283430576324463,-0.2889593839645386,0.13511011004447937,0.044799819588661194,-0.19481463730335236,0.0,0.0,0.04727134853601456,0.19094373285770416,-0.6252418756484985,1.2815319299697876,0.3102433681488037,-0.045411355793476105,0.15382720530033112,0.05642551928758621,-0.14620620012283325,0.5881542563438416,1.2578600645065308,-0.35526275634765625,-0.017991695553064346,-0.05363169312477112
0.9599616527557373,-1.019739031791687,0.8831185698509216,0.0375833623111248,0.04181073233485222,0.2478155940771103,0.9671746492385864,-0.7454001903533936,0.09540347754955292,0.023755045607686043,1.2043968439102173,-0.2570948600769043,0.08866550773382187,-0.720368504524231,-0.043093785643577576,0.08949117362499237,0.9425980448722839,-0.3136366307735443,0.13642489910125732,0.061189502477645874,-0.19625917077064514,0.0,0.0,0.06922804564237595,0.19805407524108887,-0.5988441705703735,1.2683589458465576,0.29835593700408936,-0.05108140408992767,0.15146586298942566,0.05905956029891968,-0.15022462606430054,0.5827263593673706,1.2547799348831177,-0.3469209671020508,-0.018814783543348312,-0.04973125085234642
0.9827048778533936,-1.0090612173080444,0.8861929774284363,0.0374915786087513,0.04371980205178261,0.2518267333507538,0.9660571217536926,-0.8023797273635864,0.10679830610752106,0.07216908782720566,1.1373817920684814,-0.2551184594631195,0.11502980440855026,-0.6819171905517578,-0.062105707824230194,0.06696178019046783,0.952527642250061,-0.3378702402114868,0.14053001999855042,0.07068785279989243,-0.19413459300994873,0.0,0.0,0.1007639616727829,0.20246726274490356,-0.5589489936828613,1.2714464664459229,0.28844931721687317,-0.057581350207328796,0.14286497235298157,0.05505301058292389,-0.15709728002548218,0.5697000026702881,1.2508535385131836,-0.3307286500930786,-0.022627567872405052,-0.047317977994680405
1.0060114860534668,-0.9968148469924927,0.8875375390052795,0.038532912731170654,0.04724513366818428,0.2592836320400238,0.9638750553131104,-0.8564112186431885,0.10337978601455688,0.11374060064554214,1.060500144958496,-0.2500094473361969,0.13443124294281006,-0.6435660123825073,-0.08939757198095322,0.04226088896393776,0.9653334617614746,-0.36368271708488464,0.13963866233825684,0.07194886356592178,-0.1901765763759613,0.0,0.0,0.13540345430374146,0.20383110642433167,-0.5106890201568604,1.2768018245697021,0.27875664830207825,-0.06372010707855225,0.13326920568943024,0.050462767481803894,-0.17055362462997437,0.5480896830558777,1.241940975189209,-0.3090771436691284,-0.026657138019800186,-0.04946635663509369
1.029837727546692,-0.9838111400604248,0.8867501020431519,0.039228230714797974,0.05216918885707855,0.26671287417411804,0.9615631699562073,-0.9121979475021362,0.09461242705583572,0.14436672627925873,0.9936029314994812,-0.24117887020111084,0.14655423164367676,-0.6081774234771729,-0.11647497117519379,0.02065299078822136,0.9787777662277222,-0.38521909713745117,0.1352154016494751,0.0714353397488594,-0.18728768825531006,0.0,0.0,0.1714334785938263,0.19925114512443542,-0.4660507142543793,1.284687876701355,0.27092981338500977,-0.06774716824293137,0.12202674150466919,0.042387720197439194,-0.18426328897476196,0.530639111995697,1.2320926189422607,-0.28988075256347656,-0.027672283351421356,-0.054610513150691986
1.053891658782959,-0.9704240560531616,0.8837675452232361,0.039797279983758926,0.056760404258966446,0.2714262902736664,0.9599595069885254,-0.9710499048233032,0.08927170187234879,0.16296535730361938,0.9412223696708679,-0.22584277391433716,0.1504938006401062,-0.574140727519989,-0.13963142037391663,0.008264776319265366,0.9931187629699707,-0.40267354249954224,0.13083824515342712,0.0715981051325798,-0.18524831533432007,0.0,0.0,0.20545823872089386,0.19066204130649567,-0.4270126223564148,1.2883052825927734,0.26557156443595886,-0.06961283087730408,0.11391515284776688,0.034114327281713486,-0.19944223761558533,0.5146796107292175,1.2199560403823853,-0.27501726150512695,-0.026097264140844345,-0.06504203379154205
1.0775316953659058,-0.956817626953125,0.878957986831665,0.0401657372713089,0.060920558869838715,0.27408209443092346,0.9589340090751648,-1.0304882526397705,0.08592545241117477,0.1759491264820099,0.9013785123825073,-0.20622618496418,0.1507439911365509,-0.5410170555114746,-0.1576729714870453,0.002591226017102599,1.0073386430740356,-0.41486912965774536,0.12716056406497955,0.07336529344320297,-0.1847885698080063,0.0,0.0,0.23397481441497803,0.18114736676216125,-0.3940243721008301,1.2828080654144287,0.26178961992263794,-0.07042418420314789,0.11140291392803192,0.028438551351428032,-0.21610023081302643,0.5020279884338379,1.2025681734085083,-0.26622307300567627,-0.024517692625522614,-0.079312264919281
1.100066900253296,-0.9434281587600708,0.873033344745636,0.04110492393374443,0.06404254585504532,0.27658939361572266,0.957970380783081,-1.0861403942108154,0.08075574040412903,0.1880469024181366,0.8710430860519409,-0.18495282530784607,0.15001866221427917,-0.5087184309959412,-0.1704167127609253,0.0010209992760792375,1.0209046602249146,-0.42238467931747437,0.12369224429130554,0.07697462290525436,-0.18664729595184326,0.0,0.0,0.25450679659843445,0.1709481030702591,-0.36883267760276794,1.26877760887146,0.2573963403701782,-0.07042834162712097,0.11443741619586945,0.02606680616736412,-0.23052631318569183,0.4923067092895508,1.1831121444702148,-0.2628259062767029,-0.023065367713570595,-0.09564226865768433
1.1214181184768677,-0.9303300380706787,0.8666192889213562,0.04274940863251686,0.06579848378896713,0.2794242203235626,0.9569562077522278,-1.1312274932861328,0.07449176162481308,0.19987337291240692,0.847699761390686,-0.16406145691871643,0.14805224537849426,-0.4780430197715759,-0.18056084215641022,0.0004915305180475116,1.033691644668579,-0.42706286907196045,0.12176616489887238,0.07898873090744019,-0.1905476152896881,0.0,0.0,0.2655796408653259,0.1619907021522522,-0.3532746732234955,1.2486770153045654,0.25440531969070435,-0.07015812397003174,0.12119807302951813,0.027850110083818436,-0.24213290214538574,0.48407506942749023,1.1662009954452515,-0.26533013582229614,-0.021907689049839973,-0.11251135170459747
1.1424663066864014,-0.9166488647460938,0.8597525358200073,0.043874591588974,0.06626863777637482,0.28167593479156494,0.9562124013900757,-1.1623488664627075,0.06962204724550247,0.20752166211605072,0.8319345712661743,-0.1440116912126541,0.14477770030498505,-0.44893312454223633,-0.18813779950141907,-0.0007196684600785375,1.0456876754760742,-0.4276983141899109,0.12089891731739044,0.08074721693992615,-0.19397413730621338,0.0,0.0,0.2717284560203552,0.15426361560821533,-0.3431227505207062,1.2273414134979248,0.2539325952529907,-0.06982164829969406,0.12997011840343475,0.03260881453752518,-0.24981588125228882,0.4780622720718384,1.1508269309997559,-0.2721780836582184,-0.022096708416938782,-0.12804590165615082
1.164228916168213,-0.9013941287994385,0.8521760702133179,0.04437394440174103,0.06548091024160385,0.2829999625682831,0.9558526277542114,-1.1762981414794922,0.06830880045890808,0.20910678803920746,0.8271384239196777,-0.1271432638168335,0.13982897996902466,-0.42000871896743774,-0.19585731625556946,-0.0022084626834839582,1.057570457458496,-0.4251652956008911,0.12224388867616653,0.08262723684310913,-0.19843165576457977,0.0,0.0,0.27334749698638916,0.14861175417900085,-0.33700817823410034,1.2128057479858398,0.25640761852264404,-0.06787393987178802,0.13839535415172577,0.03787655383348465,-0.2529423236846924,0.47617119550704956,1.1400312185287476,-0.2813940942287445,-0.02211189828813076,-0.14048877358436584
1.1873093843460083,-0.8841561079025269,0.843416154384613,0.04406524449586868,0.06323601305484772,0.2794400155544281,0.9570646286010742,-1.180985689163208,0.07124123722314835,0.2039281725883484,0.8395977020263672,-0.11639311909675598,0.1372542828321457,-0.3912145495414734,-0.20268049836158752,-0.003345372388139367,1.0709228515625,-0.4133932292461395,0.12440037727355957,0.0860976055264473,-0.20245151221752167,0.0,0.0,0.2721545696258545,0.1446397304534912,-0.33290398120880127,1.208536148071289,0.26057329773902893,-0.06469167023897171,0.14537963271141052,0.04324005916714668,-0.25283610820770264,0.4807348847389221,1.1335867643356323,-0.29184213280677795,-0.02289174124598503,-0.14845672249794006
1.2117135524749756,-0.8652103543281555,0.833229124546051,0.044079072773456573,0.062082018703222275,0.27284225821495056,0.959041178226471,-1.190964698791504,0.07360731065273285,0.19008740782737732,0.8705200552940369,-0.11026214063167572,0.13913603127002716,-0.3739093244075775,-0.20802229642868042,0.0012108259834349155,1.0928430557250977,-0.3912641406059265,0.12692689895629883,0.0901612937450409,-0.20727574825286865,0.0,0.0,0.26773810386657715,0.1420990228652954,-0.3339792788028717,1.2026782035827637,0.26474690437316895,-0.062215372920036316,0.1551857441663742,0.045626234263181686,-0.2482350766658783,0.49216538667678833,1.1270532608032227,-0.3021638095378876,-0.02445472776889801,-0.1566818654537201
1.2367706298828125,-0.8458705544471741,0.8215275406837463,0.04490998014807701,0.06157009303569794,0.2621370255947113,0.9620168209075928,-1.21226167678833,0.07460544258356094,0.16635406017303467,0.9315409064292908,-0.11319975554943085,0.1448131799697876,-0.3716413676738739,-0.20988602936267853,0.013661297969520092,1.1276757717132568,-0.3720795810222626,0.1270633041858673,0.0968216061592102,-0.21068868041038513,0.0,0.0,0.2609253525733948,0.1448153555393219,-0.33987730741500854,1.1881600618362427,0.271511971950531,-0.059926316142082214,0.16810907423496246,0.04527914151549339,-0.24180778861045837,0.5111088752746582,1.1162189245224,-0.31343334913253784,-0.027157489210367203,-0.1635662317276001
1.260343313217163,-0.8280541896820068,0.8085680603981018,0.04610408470034599,0.06341177225112915,0.24960850179195404,0.9651678800582886,-1.2528295516967773,0.07335209846496582,0.1384182870388031,1.0108449459075928,-0.11774158477783203,0.1486234813928604,-0.39103272557258606,-0.20782531797885895,0.03066568821668625,1.1775023937225342,-0.3644006550312042,0.12380969524383545,0.10769468545913696,-0.21217051148414612,0.0,0.0,0.2530156970024109,0.149061381816864,-0.3527206778526306,1.1632235050201416,0.280048131942749,-0.05780463293194771,0.18246956169605255,0.040744297206401825,-0.23573538661003113,0.5346221923828125,1.1058343648910522,-0.3224579691886902,-0.029986925423145294,-0.16912472248077393
1.2798839807510376,-0.8132179975509644,0.7970545887947083,0.04806593805551529,0.06616409122943878,0.23897236585617065,0.9675764441490173,-1.3017685413360596,0.07085280865430832,0.11167385429143906,1.0871034860610962,-0.11923734843730927,0.14500731229782104,-0.41988319158554077,-0.20420020818710327,0.04970067739486694,1.228058099746704,-0.37121081352233887,0.12017306685447693,0.1159609705209732,-0.21212302148342133,0.0,0.0,0.2430793046951294,0.1543218493461609,-0.3734602928161621,1.1303515434265137,0.2923329770565033,-0.05590885877609253,0.19523465633392334,0.03509156033396721,-0.23090675473213196,0.5605652332305908,1.0920913219451904,-0.3308667540550232,-0.033729322254657745,-0.17100824415683746
1.2942678928375244,-0.8014914989471436,0.7877522706985474,0.05095835030078888,0.06894750148057938,0.232658252120018,0.9687722325325012,-1.3454376459121704,0.06683700531721115,0.0919128954410553,1.1389707326889038,-0.11339704692363739,0.13548104465007782,-0.44602566957473755,-0.2020583152770996,0.07066149264574051,1.2703139781951904,-0.38606083393096924,0.12068381905555725,0.12350866943597794,-0.21102562546730042,0.0,0.0,0.23049169778823853,0.15985281765460968,-0.3964846730232239,1.0929979085922241,0.3062591552734375,-0.05435599386692047,0.20389756560325623,0.030276203528046608,-0.22692005336284637,0.5758942365646362,1.0917539596557617,-0.3360796868801117,-0.03425006568431854,-0.1719534993171692
1.303596019744873,-0.7927864789962769,0.7792279720306396,0.05319123715162277,0.07280383259057999,0.23007981479167938,0.9689857959747314,-1.3898026943206787,0.06116343289613724,0.07633419334888458,1.1757612228393555,-0.10402286797761917,0.12287858873605728,-0.4715825319290161,-0.20003916323184967,0.09142635017633438,1.3076786994934082,-0.4050154983997345,0.12025275826454163,0.13162890076637268,-0.20964092016220093,0.0,0.0,0.21619576215744019,0.16537457704544067,-0.42083099484443665,1.0561254024505615,0.3191586434841156,-0.05256146937608719,0.21025840938091278,0.023893721401691437,-0.2239593267440796,0.5877475142478943,1.0945087671279907,-0.33851099014282227,-0.034177668392658234,-0.1735399067401886
1.3088935613632202,-0.7869002819061279,0.7703931927680969,0.05568591132760048,0.0774771049618721,0.22936417162418365,0.9686529040336609,-1.436732530593872,0.054433487355709076,0.06576578319072723,1.2117915153503418,-0.09476293623447418,0.10847365856170654,-0.49397653341293335,-0.20006445050239563,0.11240662634372711,1.342687726020813,-0.4248732030391693,0.12065574526786804,0.13519321382045746,-0.20815584063529968,0.0,0.0,0.19932736456394196,0.16965778172016144,-0.4495641887187958,1.0222934484481812,0.3306058645248413,-0.0508880689740181,0.21459302306175232,0.01639454998075962,-0.22233916819095612,0.5996519923210144,1.0986080169677734,-0.3395198583602905,-0.033673834055662155,-0.17480765283107758
1.3124226331710815,-0.7826992869377136,0.7616456151008606,0.05914609506726265,0.08250738680362701,0.23000389337539673,0.9678804278373718,-1.4852229356765747,0.04685087874531746,0.059554606676101685,1.250478744506836,-0.08827302604913712,0.09302584826946259,-0.5114678144454956,-0.20330214500427246,0.13350051641464233,1.374281406402588,-0.4451887607574463,0.12467211484909058,0.13617810606956482,-0.2065558135509491,0.0,0.0,0.1826159954071045,0.17528748512268066,-0.4790809750556946,0.988764226436615,0.34102368354797363,-0.05020761489868164,0.21813780069351196,0.005721885245293379,-0.22416356205940247,0.6102988719940186,1.0989325046539307,-0.3386678099632263,-0.033216215670108795,-0.1775636523962021
1.3161163330078125,-0.7790430784225464,0.752072811126709,0.06346512585878372,0.08654479682445526,0.23143596947193146,0.9669123888015747,-1.5339252948760986,0.04011370986700058,0.058223262429237366,1.2948553562164307,-0.08618941158056259,0.07983408123254776,-0.51973557472229,-0.2096889317035675,0.15276116132736206,1.4038622379302979,-0.4643937051296234,0.13154156506061554,0.13412179052829742,-0.20224350690841675,0.0,0.0,0.16797372698783875,0.178281769156456,-0.507338285446167,0.9667823314666748,0.35165661573410034,-0.04887200891971588,0.218828022480011,-0.005057568661868572,-0.2279050350189209,0.6192275285720825,1.0979048013687134,-0.33775609731674194,-0.03247815743088722,-0.18017694354057312
1.320890188217163,-0.7752401828765869,0.741961658000946,0.06824956089258194,0.09015367925167084,0.2325161248445511,0.9659972190856934,-1.5825483798980713,0.033527906984090805,0.05956663191318512,1.3441133499145508,-0.08889232575893402,0.06974843889474869,-0.5222843885421753,-0.21810702979564667,0.16952794790267944,1.43166184425354,-0.48143142461776733,0.14140863716602325,0.1293497085571289,-0.1987854689359665,0.0,0.0,0.1504339575767517,0.18286694586277008,-0.5390693545341492,0.9407262802124023,0.3629172444343567,-0.0491480715572834,0.22034452855587006,-0.01432348508387804,-0.23368430137634277,0.6322490572929382,1.0886011123657227,-0.33730167150497437,-0.03326024115085602,-0.18245333433151245
1.326741337776184,-0.7711681127548218,0.7310082316398621,0.07321825623512268,0.09315022081136703,0.2327030897140503,0.9653038382530212,-1.6261985301971436,0.02662174217402935,0.06133046746253967,1.389697551727295,-0.09391957521438599,0.06038401275873184,-0.5180973410606384,-0.22793835401535034,0.18442195653915405,1.4575273990631104,-0.49469566345214844,0.15438874065876007,0.12369802594184875,-0.1937468945980072,0.0,0.0,0.13365429639816284,0.18715371191501617,-0.5695338249206543,0.9156157970428467,0.37440037727355957,-0.04987470060586929,0.22039958834648132,-0.02144741639494896,-0.2427191138267517,0.6426951289176941,1.0771617889404297,-0.3361082971096039,-0.03403785452246666,-0.1837659776210785
1.3333967924118042,-0.7666144967079163,0.7195224761962891,0.0773216262459755,0.09667566418647766,0.23253777623176575,0.9646768569946289,-1.6615395545959473,0.018470192328095436,0.06064218655228615,1.4236955642700195,-0.09883558750152588,0.050692617893218994,-0.5101357102394104,-0.23763017356395721,0.198253333568573,1.4801071882247925,-0.504123330116272,0.16922226548194885,0.11827847361564636,-0.18767742812633514,0.0,0.0,0.11866490542888641,0.18889299035072327,-0.6005372405052185,0.8970053791999817,0.38484257459640503,-0.04992368817329407,0.21751220524311066,-0.02781362272799015,-0.2519611120223999,0.6517879962921143,1.0685454607009888,-0.3335673213005066,-0.0335850864648819,-0.1835075318813324
1.3404940366744995,-0.7617113590240479,0.7079693078994751,0.08014129847288132,0.10059817880392075,0.23131714761257172,0.964339017868042,-1.690500259399414,0.008717254735529423,0.05707719549536705,1.447331190109253,-0.1027260422706604,0.04177749529480934,-0.5002372860908508,-0.24647367000579834,0.21111702919006348,1.4988397359848022,-0.5111132264137268,0.18418310582637787,0.11414483189582825,-0.18027690052986145,0.0,0.0,0.10677999258041382,0.18934303522109985,-0.627187192440033,0.8853030204772949,0.39298832416534424,-0.04892189800739288,0.21323561668395996,-0.033427976071834564,-0.25894126296043396,0.6592669486999512,1.0618034601211548,-0.32967495918273926,-0.03284518048167229,-0.18229901790618896
1.3477680683135986,-0.7567266225814819,0.6960341930389404,0.08152784407138824,0.10501400381326675,0.22890770435333252,0.9643270373344421,-1.7161346673965454,-0.0021171714179217815,0.049623604863882065,1.464849829673767,-0.10465545952320099,0.03342865779995918,-0.4908934235572815,-0.2544962763786316,0.22179508209228516,1.5158836841583252,-0.5155301690101624,0.19637110829353333,0.11243699491024017,-0.17162548005580902,0.0,0.0,0.09829597920179367,0.1887960284948349,-0.6460278630256653,0.8777376413345337,0.3989052474498749,-0.046920206397771835,0.21022436022758484,-0.038078367710113525,-0.26355087757110596,0.6669564843177795,1.0552477836608887,-0.32549020648002625,-0.03232716768980026,-0.18037545680999756
1.3547844886779785,-0.7521530985832214,0.6854881048202515,0.08262334018945694,0.10851623117923737,0.2256188541650772,0.9646211266517639,-1.7335584163665771,-0.013479279354214668,0.039163582026958466,1.476946473121643,-0.10731139779090881,0.02531706728041172,-0.48121148347854614,-0.26328223943710327,0.22949528694152832,1.5290080308914185,-0.5189076662063599,0.20633172988891602,0.11145468056201935,-0.1618131846189499,0.0,0.0,0.09310110658407211,0.18785348534584045,-0.6586114168167114,0.8728189468383789,0.40444260835647583,-0.044182188808918,0.2070920765399933,-0.03989024460315704,-0.2667309045791626,0.6727721691131592,1.0520931482315063,-0.32222843170166016,-0.031215287744998932,-0.17531922459602356
1.361202359199524,-0.7482855319976807,0.6774428486824036,0.08308644592761993,0.11090633273124695,0.22229129076004028,0.9650819301605225,-1.7413502931594849,-0.023801445960998535,0.025105169042944908,1.4810972213745117,-0.10898922383785248,0.016163436695933342,-0.47105830907821655,-0.272103875875473,0.23416218161582947,1.5358079671859741,-0.5202935338020325,0.21399658918380737,0.11272704601287842,-0.15195918083190918,0.0,0.0,0.09132083505392075,0.1855345070362091,-0.6653880476951599,0.8717209100723267,0.4088529944419861,-0.040864910930395126,0.20473915338516235,-0.039817966520786285,-0.26903873682022095,0.6765238046646118,1.0529792308807373,-0.31936216354370117,-0.02981284074485302,-0.1690102070569992
1.367187738418579,-0.7451034784317017,0.6710596084594727,0.08258185535669327,0.11221162229776382,0.21816858649253845,0.965914785861969,-1.7422616481781006,-0.03163395822048187,0.009992718696594238,1.4829435348510742,-0.11002300679683685,0.007737694773823023,-0.46067893505096436,-0.27952587604522705,0.23590701818466187,1.5385609865188599,-0.5210709571838379,0.21756082773208618,0.11552387475967407,-0.14310535788536072,0.0,0.0,0.09196349233388901,0.18067313730716705,-0.6671189069747925,0.8760812282562256,0.41031426191329956,-0.03695931285619736,0.20324349403381348,-0.03866985812783241,-0.2682323455810547,0.679223358631134,1.0575718879699707,-0.3163175880908966,-0.028053201735019684,-0.16217951476573944
1.3726720809936523,-0.7425575256347656,0.6666848659515381,0.08113954216241837,0.11319952458143234,0.213002011179924,0.9670741558074951,-1.7357540130615234,-0.03732000291347504,-0.006500696297734976,1.4808084964752197,-0.11164823174476624,-0.0003907065838575363,-0.45285022258758545,-0.2862837314605713,0.23457889258861542,1.5373780727386475,-0.5204068422317505,0.2176116406917572,0.11849281191825867,-0.13769634068012238,0.0,0.0,0.09226386994123459,0.17464378476142883,-0.6688487529754639,0.8844937086105347,0.41069117188453674,-0.032820187509059906,0.2023276537656784,-0.03817247971892357,-0.26645272970199585,0.683135986328125,1.0671062469482422,-0.31401175260543823,-0.025792840868234634,-0.15496277809143066
1.3775380849838257,-0.740713357925415,0.6654279828071594,0.07852526009082794,0.1146215870976448,0.20695941150188446,0.9684334993362427,-1.728460669517517,-0.04102880507707596,-0.023174524307250977,1.4754282236099243,-0.11366752535104752,-0.007194791920483112,-0.45006871223449707,-0.2899611294269562,0.2300264537334442,1.5310215950012207,-0.519311249256134,0.21403560042381287,0.12427973747253418,-0.13466638326644897,0.0,0.0,0.09328292310237885,0.1692183017730713,-0.6692216396331787,0.8968316316604614,0.4103487730026245,-0.028889399021863937,0.2041119635105133,-0.040368981659412384,-0.2649438977241516,0.6892898678779602,1.077760934829712,-0.3117230534553528,-0.024478845298290253,-0.14941516518592834
1.3820254802703857,-0.7395095825195312,0.6679763197898865,0.07549845427274704,0.11616694182157516,0.20059674978256226,0.9698279500007629,-1.7174863815307617,-0.04213668406009674,-0.03797974810004234,1.4646556377410889,-0.11584197729825974,-0.012893114238977432,-0.4510883390903473,-0.2917923033237457,0.2231212854385376,1.518076777458191,-0.5179051160812378,0.20789793133735657,0.13151925802230835,-0.13282877206802368,0.0,0.0,0.09425821900367737,0.1643316149711609,-0.66571444272995,0.9072631001472473,0.4081147313117981,-0.02637685462832451,0.208734929561615,-0.04285438358783722,-0.26375052332878113,0.6932775974273682,1.0855720043182373,-0.3084295392036438,-0.02456066757440567,-0.1461779773235321
1.3865903615951538,-0.7382861375808716,0.6747608184814453,0.07168003916740417,0.11798511445522308,0.19379600882530212,0.9712798595428467,-1.701176643371582,-0.04058599844574928,-0.05062996596097946,1.4492218494415283,-0.11943966150283813,-0.016395024955272675,-0.4527117609977722,-0.2913050949573517,0.21337179839611053,1.4945507049560547,-0.515056848526001,0.20090079307556152,0.13919693231582642,-0.13124309480190277,0.0,0.0,0.0965229719877243,0.16062654554843903,-0.6582942008972168,0.9164723753929138,0.40437936782836914,-0.024922234937548637,0.21397390961647034,-0.04442663490772247,-0.26216545701026917,0.6967378258705139,1.0869174003601074,-0.30615660548210144,-0.026155339553952217,-0.1432132124900818
1.391300916671753,-0.7366899251937866,0.6857662200927734,0.06690371781587601,0.12071780115365982,0.18666568398475647,0.972680389881134,-1.6784470081329346,-0.036417607218027115,-0.06049296632409096,1.4273029565811157,-0.12394052743911743,-0.017457736656069756,-0.454304575920105,-0.28927409648895264,0.2015342265367508,1.458349585533142,-0.5099812150001526,0.195269376039505,0.14786460995674133,-0.13222233951091766,0.0,0.0,0.0980120301246643,0.15848247706890106,-0.6503543853759766,0.9214087128639221,0.39890050888061523,-0.025129344314336777,0.21973034739494324,-0.04531017690896988,-0.259808212518692,0.7001467943191528,1.0826112031936646,-0.30423370003700256,-0.028648369014263153,-0.14115212857723236
1.3954054117202759,-0.7350518703460693,0.7003502249717712,0.06131517514586449,0.12502144277095795,0.179116889834404,0.9739236235618591,-1.6482328176498413,-0.028201913461089134,-0.06787928193807602,1.3928444385528564,-0.12712882459163666,-0.018690988421440125,-0.45938247442245483,-0.28608447313308716,0.1887168139219284,1.412314534187317,-0.500969409942627,0.19007155299186707,0.15708236396312714,-0.1374833881855011,0.0,0.0,0.09650392830371857,0.15842202305793762,-0.644295871257782,0.9210115075111389,0.3925709128379822,-0.026129409670829773,0.22794881463050842,-0.046954862773418427,-0.2558663785457611,0.7059196829795837,1.0735557079315186,-0.304767370223999,-0.0314207598567009,-0.14128121733665466
1.3979134559631348,-0.7335411310195923,0.717091977596283,0.054905589669942856,0.13041868805885315,0.17111451923847198,0.9750365018844604,-1.6112953424453735,-0.015817100182175636,-0.07279111444950104,1.3486790657043457,-0.13037742674350739,-0.01734444499015808,-0.46946075558662415,-0.2806868255138397,0.17399200797080994,1.3619539737701416,-0.48808079957962036,0.18578676879405975,0.16266894340515137,-0.14790505170822144,0.0,0.0,0.08623065054416656,0.15995760262012482,-0.640588104724884,0.9114338159561157,0.38567161560058594,-0.027302183210849762,0.2406132072210312,-0.04539259523153305,-0.2511739730834961,0.7110081911087036,1.062227725982666,-0.308470219373703,-0.033959001302719116,-0.14352059364318848
1.3990819454193115,-0.7316378355026245,0.7363237142562866,0.04794048145413399,0.13515852391719818,0.1624344438314438,0.9762422442436218,-1.5620238780975342,0.0013897130265831947,-0.07293636351823807,1.295140266418457,-0.13613174855709076,-0.012656614184379578,-0.4804665446281433,-0.27287131547927856,0.15782159566879272,1.305579423904419,-0.4693748354911804,0.18223753571510315,0.16491006314754486,-0.16139376163482666,0.0,0.0,0.06604316830635071,0.1637805998325348,-0.638890266418457,0.9039799571037292,0.37765073776245117,-0.025991257280111313,0.25550827383995056,-0.039539918303489685,-0.24700301885604858,0.7114601731300354,1.0529875755310059,-0.31366482377052307,-0.034275222569704056,-0.14587360620498657
1.4000658988952637,-0.7292567491531372,0.7545602917671204,0.041384123265743256,0.138021782040596,0.1562872976064682,0.9771445989608765,-1.5043905973434448,0.018743546679615974,-0.06656380742788315,1.236142635345459,-0.14353637397289276,-0.005637685768306255,-0.4873519539833069,-0.26407861709594727,0.14094023406505585,1.2516449689865112,-0.4469341039657593,0.18224012851715088,0.17331409454345703,-0.1685863435268402,0.0,0.0,0.054332636296749115,0.1705971658229828,-0.6288145780563354,0.9005299210548401,0.37233757972717285,-0.0267280675470829,0.26395756006240845,-0.029896652325987816,-0.24489733576774597,0.6990245580673218,1.0513361692428589,-0.32066500186920166,-0.03391439840197563,-0.1464555263519287
1.4015220403671265,-0.7262687087059021,0.77018803358078,0.035903576761484146,0.14055855572223663,0.15434134006500244,0.9773091077804565,-1.4432393312454224,0.03161284327507019,-0.05365807190537453,1.175845980644226,-0.14889532327651978,0.006903390400111675,-0.4942249655723572,-0.2560087740421295,0.12648627161979675,1.2058955430984497,-0.41886043548583984,0.1864335685968399,0.17930230498313904,-0.17529921233654022,0.0,0.0,0.052689921110868454,0.17955586314201355,-0.6120255589485168,0.9178354740142822,0.36696097254753113,-0.026078250259160995,0.2658194303512573,-0.025185387581586838,-0.24461741745471954,0.6815751791000366,1.0590486526489258,-0.3264457881450653,-0.032503142952919006,-0.14810001850128174
1.404624104499817,-0.7216010093688965,0.7823253870010376,0.03274118900299072,0.1404823213815689,0.15792973339557648,0.9768577218055725,-1.3742097616195679,0.036159269511699677,-0.035716712474823,1.1192814111709595,-0.1575060486793518,0.024368811398744583,-0.4955469071865082,-0.2547183334827423,0.11809362471103668,1.1699849367141724,-0.38404545187950134,0.1983284056186676,0.17737984657287598,-0.18049408495426178,0.0,0.0,0.057587701827287674,0.18839499354362488,-0.5885431170463562,0.9354373216629028,0.3608359098434448,-0.027570750564336777,0.2631585896015167,-0.019102538004517555,-0.24408039450645447,0.6633738279342651,1.0623047351837158,-0.33419474959373474,-0.03280796483159065,-0.1495274156332016
1.4117461442947388,-0.7132003307342529,0.7885143160820007,0.03223179280757904,0.13728220760822296,0.16972500085830688,0.9753502607345581,-1.296277642250061,0.027631433680653572,-0.014162239618599415,1.069246768951416,-0.17411717772483826,0.05000658333301544,-0.4936540126800537,-0.262666791677475,0.10856709629297256,1.1561284065246582,-0.3407759964466095,0.21044397354125977,0.16238971054553986,-0.18438027799129486,0.0,0.0,0.063412606716156,0.1934395134449005,-0.5651106834411621,0.9650745987892151,0.3561646640300751,-0.028222816064953804,0.2527926564216614,-0.006368419621139765,-0.246271014213562,0.6407276391983032,1.0750864744186401,-0.3437771499156952,-0.03198670968413353,-0.14817564189434052
1.4234516620635986,-0.6999000310897827,0.7912647724151611,0.03331837058067322,0.13124439120292664,0.19122828543186188,0.9721607565879822,-1.2118943929672241,0.004142165184020996,0.005157061852514744,1.0291599035263062,-0.1991194486618042,0.08280123770236969,-0.49750804901123047,-0.27126798033714294,0.10070592164993286,1.164814829826355,-0.29453182220458984,0.21741655468940735,0.13537678122520447,-0.18783614039421082,0.0,0.0,0.0678781270980835,0.1896970123052597,-0.5448397994041443,0.998931884765625,0.34930047392845154,-0.028480252251029015,0.24009740352630615,0.013306970708072186,-0.247346892952919,0.6140034794807434,1.0876679420471191,-0.3519560694694519,-0.03197403997182846,-0.1484563648700714
1.4380626678466797,-0.6826099753379822,0.8028961420059204,0.035580623894929886,0.12410006672143936,0.2215978354215622,0.9665545225143433,-1.1313869953155518,-0.03350124508142471,0.015961818397045135,0.9971976280212402,-0.22775137424468994,0.115319162607193,-0.5121800899505615,-0.2752901315689087,0.0961930900812149,1.1975173950195312,-0.25733476877212524,0.2182108461856842,0.09656646847724915,-0.19618606567382812,0.0,0.0,0.06153799593448639,0.1811632215976715,-0.542385458946228,1.02469003200531,0.341999888420105,-0.028840726241469383,0.22733724117279053,0.03555597364902496,-0.24916315078735352,0.5889548063278198,1.1001989841461182,-0.3554900288581848,-0.0318431630730629,-0.14946430921554565
1.4538745880126953,-0.662720799446106,0.8176840543746948,0.03817140311002731,0.114817313849926,0.259467214345932,0.9581422209739685,-1.0555320978164673,-0.08048462867736816,0.016625696793198586,0.981090247631073,-0.26605117321014404,0.1476348638534546,-0.5577694773674011,-0.27385061979293823,0.09780789166688919,1.2425928115844727,-0.23335835337638855,0.21134024858474731,0.041304249316453934,-0.20279765129089355,0.0,0.0,0.05046778917312622,0.17091964185237885,-0.5493173003196716,1.0463923215866089,0.3389345407485962,-0.028162648901343346,0.21550945937633514,0.06309113651514053,-0.2551073729991913,0.5609368681907654,1.1027379035949707,-0.35504642128944397,-0.035589564591646194,-0.14808328449726105
1.4703896045684814,-0.6411815881729126,0.8286346793174744,0.039776697754859924,0.10416090488433838,0.2992430329322815,0.9476402401924133,-0.9839801788330078,-0.12742751836776733,0.002804301679134369,0.9778434038162231,-0.3128751814365387,0.1706782430410385,-0.6237759590148926,-0.2730076014995575,0.09957627207040787,1.2930488586425781,-0.22198057174682617,0.20075185596942902,-0.0241059809923172,-0.21068157255649567,0.0,0.0,0.03147905692458153,0.16687673330307007,-0.5636078715324402,1.059834599494934,0.3375425338745117,-0.027897421270608902,0.20749753713607788,0.09333421289920807,-0.26594430208206177,0.5293670892715454,1.0990486145019531,-0.34991738200187683,-0.04006389528512955,-0.14636333286762238
1.488793134689331,-0.6186038851737976,0.8366067409515381,0.04071379452943802,0.0920560359954834,0.33639904856681824,0.9363245964050293,-0.9123182892799377,-0.16891250014305115,-0.02172759547829628,0.9866814613342285,-0.3645959496498108,0.1833604872226715,-0.708939254283905,-0.2715885639190674,0.10062696039676666,1.3340911865234375,-0.21954628825187683,0.18740081787109375,-0.08542796969413757,-0.21413634717464447,0.0,0.0,0.01896480657160282,0.1621006727218628,-0.5780397653579712,1.0852693319320679,0.33729287981987,-0.026580844074487686,0.19735027849674225,0.1153174638748169,-0.273110568523407,0.5003889799118042,1.0949347019195557,-0.34064894914627075,-0.04354327917098999,-0.14555998146533966
1.5094046592712402,-0.5955896377563477,0.8427276611328125,0.0404646173119545,0.07927677035331726,0.3680814504623413,0.925523579120636,-0.8386135101318359,-0.19952696561813354,-0.049958787858486176,1.0007758140563965,-0.4161418080329895,0.18500396609306335,-0.7995713949203491,-0.2647375762462616,0.10016407072544098,1.3430395126342773,-0.21888813376426697,0.1771106719970703,-0.1372050642967224,-0.21307039260864258,0.0,0.0,0.013758372515439987,0.15657520294189453,-0.5893679261207581,1.1184358596801758,0.33899080753326416,-0.025462746620178223,0.18651001155376434,0.13041993975639343,-0.27383923530578613,0.4769609570503235,1.091362476348877,-0.3297795057296753,-0.04731627553701401,-0.14390578866004944
1.5312268733978271,-0.5725928544998169,0.8482775688171387,0.0392778143286705,0.06726882606744766,0.3939588963985443,0.9158212542533875,-0.7627358436584473,-0.21660929918289185,-0.0756908655166626,1.0094467401504517,-0.46281003952026367,0.1736287623643875,-0.8877543807029724,-0.2574697434902191,0.09552490711212158,1.2918423414230347,-0.21446587145328522,0.17641976475715637,-0.17166435718536377,-0.2119133323431015,0.0,0.0,0.009842284955084324,0.15471859276294708,-0.6002118587493896,1.1434351205825806,0.3391857445240021,-0.027920059859752655,0.1782267987728119,0.13987138867378235,-0.2688558101654053,0.455525279045105,1.0952601432800293,-0.31812331080436707,-0.048601746559143066,-0.14235812425613403
1.55317223072052,-0.550329864025116,0.8527923226356506,0.03607073053717613,0.056289348751306534,0.41269445419311523,0.908412754535675,-0.6900284886360168,-0.21845577657222748,-0.09680474549531937,1.015442132949829,-0.5057196617126465,0.1551525741815567,-0.9701541662216187,-0.24574069678783417,0.09286396950483322,1.2045047283172607,-0.20096901059150696,0.18312302231788635,-0.18954607844352722,-0.2101786732673645,0.0,0.0,0.0049244738183915615,0.15373745560646057,-0.6129164695739746,1.158287525177002,0.3390926122665405,-0.03346017748117447,0.17309077084064484,0.14884743094444275,-0.2583293914794922,0.43449437618255615,1.1028193235397339,-0.30908194184303284,-0.048200998455286026,-0.14165398478507996
1.5740509033203125,-0.5297957062721252,0.8560623526573181,0.03135744482278824,0.045950040221214294,0.4246714413166046,0.9036368727684021,-0.6227370500564575,-0.20696032047271729,-0.11265202611684799,1.0194921493530273,-0.5440859198570251,0.13538402318954468,-1.0420806407928467,-0.2300044298171997,0.09706562012434006,1.1060256958007812,-0.17863117158412933,0.1941690444946289,-0.1919700801372528,-0.21008765697479248,0.0,0.0,-0.002304339548572898,0.15506134927272797,-0.6303526759147644,1.1627519130706787,0.339081346988678,-0.04104835167527199,0.1701655089855194,0.15685325860977173,-0.24368855357170105,0.41519007086753845,1.1166638135910034,-0.3040500581264496,-0.045856229960918427,-0.14050130546092987
1.5929226875305176,-0.511683464050293,0.8583828210830688,0.026613058522343636,0.03730766102671623,0.4321073293685913,0.900657057762146,-0.5622480511665344,-0.1870737224817276,-0.12273834645748138,1.0191662311553955,-0.5739316940307617,0.11617406457662582,-1.0991626977920532,-0.21207284927368164,0.10803240537643433,1.0167145729064941,-0.15207695960998535,0.2012939453125,-0.18800833821296692,-0.21238447725772858,0.0,0.0,-0.01752973534166813,0.15582597255706787,-0.658949613571167,1.1569795608520508,0.3388812243938446,-0.0477934256196022,0.17041121423244476,0.16712303459644318,-0.22983074188232422,0.3996626138687134,1.137843132019043,-0.3037811815738678,-0.040967173874378204,-0.13833145797252655
1.6101266145706177,-0.49570411443710327,0.8599700331687927,0.023530038073658943,0.030048970133066177,0.4368581473827362,0.898720383644104,-0.5055866837501526,-0.1648806482553482,-0.12979520857334137,1.0134644508361816,-0.5919828414916992,0.0980832576751709,-1.139058232307434,-0.19540849328041077,0.12229342758655548,0.9453465938568115,-0.12558482587337494,0.20372864603996277,-0.1838563084602356,-0.2150718867778778,0.0,0.0,-0.03412175923585892,0.15394096076488495,-0.6918520927429199,1.1528359651565552,0.3415074348449707,-0.052124422043561935,0.1721794605255127,0.17444193363189697,-0.21974986791610718,0.39012354612350464,1.1635427474975586,-0.3075104057788849,-0.03413618728518486,-0.1366393268108368
1.6269173622131348,-0.48086708784103394,0.8607576489448547,0.022548548877239227,0.02278279885649681,0.4413948059082031,0.8967402577400208,-0.44604912400245667,-0.14221705496311188,-0.1394640952348709,1.0032615661621094,-0.5971474647521973,0.079860158264637,-1.1565349102020264,-0.18308022618293762,0.13830342888832092,0.8933501243591309,-0.09844481945037842,0.20239438116550446,-0.18196891248226166,-0.21403558552265167,0.0,0.0,-0.04561956226825714,0.15158499777317047,-0.7247087955474854,1.1428371667861938,0.3459324836730957,-0.05552845075726509,0.1730743646621704,0.17901138961315155,-0.21181023120880127,0.38557523488998413,1.187429666519165,-0.31271153688430786,-0.026099005714058876,-0.13638836145401
1.6452734470367432,-0.46541523933410645,0.8594196438789368,0.02377292327582836,0.015282352454960346,0.44721519947052,0.8939797878265381,-0.38082849979400635,-0.12089638411998749,-0.15677782893180847,0.9928902983665466,-0.5900198221206665,0.06238839775323868,-1.15122389793396,-0.172724649310112,0.15365228056907654,0.868685781955719,-0.07976285368204117,0.19868770241737366,-0.18398265540599823,-0.2079136073589325,0.0,0.0,-0.045088425278663635,0.14848631620407104,-0.744350016117096,1.1394031047821045,0.35039597749710083,-0.0562698170542717,0.17229533195495605,0.17977097630500793,-0.20256516337394714,0.3835306465625763,1.2126833200454712,-0.3171278238296509,-0.017340071499347687,-0.1365988552570343
1.665621280670166,-0.4488794803619385,0.8553845286369324,0.026620859280228615,0.009554991498589516,0.454839825630188,0.8901240229606628,-0.3156479597091675,-0.09880407899618149,-0.17737974226474762,0.9827856421470642,-0.5673825144767761,0.045361895114183426,-1.1299381256103516,-0.16533659398555756,0.16884467005729675,0.864902913570404,-0.07320378720760345,0.19643431901931763,-0.18691596388816833,-0.19936737418174744,0.0,0.0,-0.03226125240325928,0.1500542014837265,-0.7451580762863159,1.145054578781128,0.3545305132865906,-0.054370224475860596,0.16972050070762634,0.1776958405971527,-0.19124215841293335,0.38344457745552063,1.2384272813796997,-0.3228870630264282,-0.008110571652650833,-0.13374242186546326
1.6873910427093506,-0.43156176805496216,0.847548246383667,0.03086421824991703,0.006311806384474039,0.4636293947696686,0.8854690194129944,-0.2594923973083496,-0.07389752566814423,-0.19335955381393433,0.9793901443481445,-0.5303575396537781,0.03086935169994831,-1.1024818420410156,-0.15848314762115479,0.18009087443351746,0.8801296949386597,-0.07832764089107513,0.19253450632095337,-0.1935591846704483,-0.19174930453300476,0.0,0.0,-0.0094444015994668,0.1539754718542099,-0.7338407635688782,1.1576836109161377,0.35680288076400757,-0.050648074597120285,0.1667458415031433,0.17175841331481934,-0.1807580441236496,0.38808122277259827,1.2565422058105469,-0.3282129168510437,-0.000687397550791502,-0.1297447234392166
1.7097570896148682,-0.4140733480453491,0.8362152576446533,0.03618287667632103,0.006710109766572714,0.4713875651359558,0.8811580538749695,-0.2211538553237915,-0.04996252432465553,-0.20266693830490112,0.9860422611236572,-0.494867205619812,0.022416051477193832,-1.0802606344223022,-0.15246832370758057,0.18841217458248138,0.9096856117248535,-0.0936712995171547,0.187546968460083,-0.2024262547492981,-0.1872262805700302,0.0,0.0,0.016471190378069878,0.15646782517433167,-0.7166483402252197,1.1725045442581177,0.3571719229221344,-0.045185089111328125,0.16537638008594513,0.1643020212650299,-0.17465177178382874,0.39292198419570923,1.2669281959533691,-0.33103644847869873,0.005341405980288982,-0.12806233763694763
1.7314963340759277,-0.39756911993026733,0.8218258023262024,0.04240737855434418,0.008002294227480888,0.47634366154670715,0.8781994581222534,-0.19650092720985413,-0.02590014971792698,-0.20467029511928558,1.0046554803848267,-0.4669649004936218,0.01991698145866394,-1.0627422332763672,-0.14864839613437653,0.19179561734199524,0.9502658843994141,-0.1138460785150528,0.1815294772386551,-0.21171684563159943,-0.18480315804481506,0.0,0.0,0.03912419080734253,0.15993300080299377,-0.7017989158630371,1.1723477840423584,0.3569157123565674,-0.0415080189704895,0.16540122032165527,0.15995287895202637,-0.1725255846977234,0.39825379848480225,1.264373540878296,-0.33178719878196716,0.00865255482494831,-0.12726563215255737
1.7514020204544067,-0.38325372338294983,0.805168092250824,0.0485074408352375,0.009999949485063553,0.4787161946296692,0.8765716552734375,-0.1887993961572647,0.0009003225713968277,-0.20254215598106384,1.0357798337936401,-0.4515424072742462,0.023693691939115524,-1.0516021251678467,-0.1497032195329666,0.19044318795204163,1.0008525848388672,-0.13854190707206726,0.1758389174938202,-0.2164408266544342,-0.18400773406028748,0.0,0.0,0.06172630935907364,0.1617697775363922,-0.6861075162887573,1.176367998123169,0.35646188259124756,-0.035676538944244385,0.1637086272239685,0.15071898698806763,-0.17208264768123627,0.4080173969268799,1.256211757659912,-0.33137020468711853,0.011699484661221504,-0.12623105943202972
1.7681934833526611,-0.3726033568382263,0.7876806259155273,0.05463752895593643,0.011712726205587387,0.4797833263874054,0.8756057620048523,-0.19483625888824463,0.03238938748836517,-0.1934754103422165,1.0749304294586182,-0.45612043142318726,0.03637280315160751,-1.0458124876022339,-0.15923604369163513,0.18423083424568176,1.0621962547302246,-0.16843178868293762,0.16721831262111664,-0.21971730887889862,-0.1839284747838974,0.0,0.0,0.07943116128444672,0.16416336596012115,-0.6686140894889832,1.172870397567749,0.35358482599258423,-0.030139487236738205,0.163611501455307,0.1423037052154541,-0.17318138480186462,0.4167616367340088,1.2417664527893066,-0.32968348264694214,0.014351156540215015,-0.12552107870578766
1.781304121017456,-0.3656066954135895,0.7807340621948242,0.06075577065348625,0.012509046122431755,0.48116591572761536,0.8744322061538696,-0.20610789954662323,0.06411479413509369,-0.18035854399204254,1.1134095191955566,-0.47407233715057373,0.05245557799935341,-1.042398452758789,-0.17607513070106506,0.1755533516407013,1.1276235580444336,-0.199122354388237,0.15726372599601746,-0.2220647931098938,-0.18562206625938416,0.0,0.0,0.09123928844928741,0.16871275007724762,-0.6549393534660339,1.1601264476776123,0.3496148884296417,-0.025735527276992798,0.1631525307893753,0.1317875236272812,-0.1750975102186203,0.4266660213470459,1.2251176834106445,-0.327338844537735,0.017223283648490906,-0.12438996136188507
1.7911655902862549,-0.36107873916625977,0.7774398922920227,0.06538788974285126,0.013368501327931881,0.48037856817245483,0.8745182156562805,-0.21878913044929504,0.08913329988718033,-0.1707106977701187,1.149920105934143,-0.4966430366039276,0.06662070751190186,-1.0492725372314453,-0.19111347198486328,0.1653088629245758,1.1923185586929321,-0.22495584189891815,0.14686764776706696,-0.22397381067276,-0.1886080503463745,0.0,0.0,0.09750829637050629,0.17544259130954742,-0.6468366980552673,1.138265609741211,0.3447588384151459,-0.02200639247894287,0.16474345326423645,0.11858069151639938,-0.17832812666893005,0.44084060192108154,1.200032114982605,-0.32519519329071045,0.017872869968414307,-0.12440137565135956
1.7984404563903809,-0.35787874460220337,0.7707251906394958,0.06897370517253876,0.014707345515489578,0.47870299220085144,0.8751398324966431,-0.22789695858955383,0.10570874810218811,-0.16550561785697937,1.1813712120056152,-0.5199402570724487,0.07874422520399094,-1.0657364130020142,-0.20227500796318054,0.15672370791435242,1.2552704811096191,-0.24549517035484314,0.13783304393291473,-0.22599485516548157,-0.19120252132415771,0.0,0.0,0.10186070203781128,0.18396541476249695,-0.6445317268371582,1.1129835844039917,0.3423749506473541,-0.01910620555281639,0.16663305461406708,0.10249830782413483,-0.18298719823360443,0.45924556255340576,1.1675212383270264,-0.32571491599082947,0.016041802242398262,-0.12385211884975433
1.804095983505249,-0.3550701439380646,0.7622812390327454,0.07129351049661636,0.017454329878091812,0.4773242771625519,0.8756564259529114,-0.23252077400684357,0.11509765684604645,-0.16171863675117493,1.206824541091919,-0.5414256453514099,0.08927035331726074,-1.09073805809021,-0.21173208951950073,0.14989714324474335,1.3110692501068115,-0.25995656847953796,0.13205879926681519,-0.2296510487794876,-0.19503271579742432,0.0,0.0,0.10238145291805267,0.1940162479877472,-0.6491669416427612,1.090738296508789,0.34282124042510986,-0.016653161495923996,0.16853541135787964,0.08209259063005447,-0.19025751948356628,0.48037874698638916,1.1336945295333862,-0.32750892639160156,0.013131276704370975,-0.12380795180797577
1.8091710805892944,-0.3518274426460266,0.7516899108886719,0.07181672751903534,0.021130679175257683,0.475966215133667,0.876271665096283,-0.2306833416223526,0.1209123507142067,-0.16010038554668427,1.2281835079193115,-0.5611621737480164,0.09628213942050934,-1.1252104043960571,-0.21929001808166504,0.14323583245277405,1.3639949560165405,-0.26987576484680176,0.12680479884147644,-0.23193222284317017,-0.19987039268016815,0.0,0.0,0.09783871471881866,0.20698830485343933,-0.6566858887672424,1.0669920444488525,0.3439173698425293,-0.014573357999324799,0.17298206686973572,0.05807587131857872,-0.19973960518836975,0.5015071630477905,1.1029210090637207,-0.330940306186676,0.010929961688816547,-0.12619662284851074
1.81468665599823,-0.3474934697151184,0.7388989329338074,0.0705031082034111,0.025934642180800438,0.4726755619049072,0.8780287504196167,-0.22470226883888245,0.12506988644599915,-0.1613958775997162,1.247323989868164,-0.5792022943496704,0.10063034296035767,-1.169603943824768,-0.22246849536895752,0.13811485469341278,1.416980504989624,-0.27495473623275757,0.1214776486158371,-0.23764100670814514,-0.20838703215122223,0.0,0.0,0.07750725746154785,0.22002959251403809,-0.6812838315963745,1.0351811647415161,0.3485771417617798,-0.011806166730821133,0.18205484747886658,0.03400098904967308,-0.20901691913604736,0.5288022756576538,1.0726161003112793,-0.3382134437561035,0.00970202311873436,-0.13118870556354523
1.820655107498169,-0.3418847322463989,0.7232317924499512,0.06791692972183228,0.03081524930894375,0.46859028935432434,0.8802618384361267,-0.21545833349227905,0.13006152212619781,-0.16211223602294922,1.2674973011016846,-0.5954285860061646,0.10461216419935226,-1.2228339910507202,-0.22152559459209442,0.1352895349264145,1.4728386402130127,-0.27561256289482117,0.11576376855373383,-0.2455669492483139,-0.2171955704689026,0.0,0.0,0.044206321239471436,0.22936269640922546,-0.7204644083976746,1.0027562379837036,0.3570792078971863,-0.0069077154621481895,0.19227363169193268,0.008906259201467037,-0.21708330512046814,0.555533766746521,1.0499194860458374,-0.3469476103782654,0.012225126847624779,-0.1390901356935501
1.8265798091888428,-0.33547717332839966,0.704734742641449,0.06431400775909424,0.03561495244503021,0.4649515450000763,0.8822785019874573,-0.20254506170749664,0.13435082137584686,-0.16322892904281616,1.2913776636123657,-0.6097023487091064,0.10748125612735748,-1.283686637878418,-0.21817493438720703,0.1342044472694397,1.5324347019195557,-0.27344992756843567,0.10966123640537262,-0.2519955337047577,-0.21922408044338226,0.0,0.0,0.012467924505472183,0.2367882877588272,-0.7590315937995911,0.9773519039154053,0.36561882495880127,-0.0012498395517468452,0.20089516043663025,-0.017252441495656967,-0.22349175810813904,0.5772585272789001,1.0264558792114258,-0.3561165928840637,0.01503817830234766,-0.14792856574058533
1.8320770263671875,-0.3290458917617798,0.6858977675437927,0.060419902205467224,0.03946923092007637,0.4619571268558502,0.8839610815048218,-0.18410733342170715,0.1382802128791809,-0.1648893505334854,1.3165013790130615,-0.6189384460449219,0.10816970467567444,-1.3424614667892456,-0.2151242345571518,0.13362152874469757,1.5907577276229858,-0.2720758020877838,0.10446485877037048,-0.2573624551296234,-0.21544399857521057,0.0,0.0,-0.01594899594783783,0.24231794476509094,-0.7962775826454163,0.9548270106315613,0.37394979596138,0.003499166341498494,0.20640826225280762,-0.04056018590927124,-0.22436855733394623,0.597431480884552,1.0022313594818115,-0.36671948432922363,0.0182330384850502,-0.15465766191482544
1.8367148637771606,-0.323228120803833,0.6666387915611267,0.05593808740377426,0.042767614126205444,0.4590534567832947,0.8856137990951538,-0.1657830774784088,0.14153017103672028,-0.16787871718406677,1.345412254333496,-0.6235607266426086,0.10546795278787613,-1.4003115892410278,-0.21226546168327332,0.13460952043533325,1.6485304832458496,-0.27144503593444824,0.0993928611278534,-0.26015377044677734,-0.20653443038463593,0.0,0.0,-0.03733500838279724,0.24709367752075195,-0.827406644821167,0.9379523992538452,0.3797076344490051,0.00798981823027134,0.20945720374584198,-0.06087558716535568,-0.221270352602005,0.615493893623352,0.9801336526870728,-0.37801891565322876,0.02244652435183525,-0.15931273996829987
1.8405208587646484,-0.3181892931461334,0.6468964219093323,0.05152667313814163,0.0454026460647583,0.45718085765838623,0.8867182731628418,-0.14782032370567322,0.14422988891601562,-0.17181158065795898,1.3771393299102783,-0.6274836659431458,0.10085619986057281,-1.4570825099945068,-0.20752939581871033,0.13815130293369293,1.706141710281372,-0.2717292606830597,0.09482140839099884,-0.26119565963745117,-0.19342078268527985,0.0,0.0,-0.04954636096954346,0.2547481060028076,-0.8476519584655762,0.9293651580810547,0.3829978406429291,0.012637804262340069,0.21176142990589142,-0.07661738991737366,-0.21759895980358124,0.6296449899673462,0.9607137441635132,-0.389601469039917,0.026724636554718018,-0.16212958097457886
1.8435242176055908,-0.3138500452041626,0.6272941827774048,0.04703137278556824,0.04785481095314026,0.4559752345085144,0.8874596357345581,-0.13306117057800293,0.146158829331398,-0.17660516500473022,1.410850167274475,-0.6326134204864502,0.09427319467067719,-1.5128220319747925,-0.20070843398571014,0.14266222715377808,1.761352300643921,-0.27427881956100464,0.0915737897157669,-0.2600836753845215,-0.1794595569372177,0.0,0.0,-0.054933544248342514,0.2651475965976715,-0.8589074611663818,0.9312660098075867,0.38410046696662903,0.018077686429023743,0.21408793330192566,-0.08906356990337372,-0.21367059648036957,0.6425522565841675,0.950026273727417,-0.40108293294906616,0.032060716301202774,-0.16351580619812012
1.846001386642456,-0.3100806772708893,0.609566867351532,0.04297633841633797,0.05003459006547928,0.4545741677284241,0.8882634043693542,-0.11917583644390106,0.14714011549949646,-0.1812887191772461,1.4415600299835205,-0.6369795799255371,0.08650994300842285,-1.562831163406372,-0.19386032223701477,0.14722168445587158,1.8105889558792114,-0.27846816182136536,0.08847416937351227,-0.25711292028427124,-0.16666549444198608,0.0,0.0,-0.05473846197128296,0.27525508403778076,-0.8646184206008911,0.9417885541915894,0.382527232170105,0.023346416652202606,0.21536652743816376,-0.10097883641719818,-0.20702871680259705,0.6556708216667175,0.9494842290878296,-0.412068247795105,0.03810695558786392,-0.1636977642774582
1.8480224609375,-0.30702584981918335,0.5970791578292847,0.03733397647738457,0.05313904583454132,0.45056894421577454,0.8903763890266418,-0.11057383567094803,0.14969490468502045,-0.1801186501979828,1.4665982723236084,-0.6376470327377319,0.078118234872818,-1.601758360862732,-0.1827273666858673,0.14734536409378052,1.842726230621338,-0.2800232768058777,0.08310223370790482,-0.2502961754798889,-0.15704838931560516,0.0,0.0,-0.05403997376561165,0.28409871459007263,-0.8680964708328247,0.9557541608810425,0.3798353672027588,0.028512731194496155,0.21667209267616272,-0.11099820584058762,-0.1965753138065338,0.6677645444869995,0.9536905288696289,-0.42160654067993164,0.04293424263596535,-0.16327816247940063
1.8504189252853394,-0.30419042706489563,0.5893218517303467,0.03238346800208092,0.05720200389623642,0.44696614146232605,0.892132580280304,-0.10554175078868866,0.1510741263628006,-0.17634549736976624,1.4827454090118408,-0.635333240032196,0.07031030207872391,-1.6292763948440552,-0.17173919081687927,0.14961478114128113,1.8636155128479004,-0.28295889496803284,0.07909982651472092,-0.2418910413980484,-0.1503634750843048,0.0,0.0,-0.05421132594347,0.2892987132072449,-0.8746159076690674,0.9685333967208862,0.37644198536872864,0.03181939572095871,0.21577979624271393,-0.11969932913780212,-0.18501253426074982,0.6779417395591736,0.9686388969421387,-0.4303567409515381,0.04904773086309433,-0.1618811935186386
1.8537254333496094,-0.3011724352836609,0.5858723521232605,0.029404383152723312,0.0626411959528923,0.4444274306297302,0.8931381106376648,-0.10491237044334412,0.14944234490394592,-0.1731666922569275,1.4893691539764404,-0.631830632686615,0.0640178769826889,-1.6464430093765259,-0.16346099972724915,0.1564696729183197,1.877193570137024,-0.28912442922592163,0.07538755983114243,-0.23727497458457947,-0.14524498581886292,0.0,0.0,-0.05467728152871132,0.2905372381210327,-0.8815381526947021,0.9820382595062256,0.3726716637611389,0.034755922853946686,0.21349136531352997,-0.12735192477703094,-0.17638495564460754,0.6859440803527832,0.9866160154342651,-0.43714720010757446,0.05439905822277069,-0.16048145294189453
1.8581970930099487,-0.2978052496910095,0.5860384702682495,0.029775895178318024,0.06975103914737701,0.4435924291610718,0.8930140137672424,-0.1073545515537262,0.1443038284778595,-0.17224760353565216,1.484924554824829,-0.6255015730857849,0.058794669806957245,-1.6556236743927002,-0.1585972011089325,0.1696867048740387,1.886019229888916,-0.297678679227829,0.07317041605710983,-0.23760102689266205,-0.1394103318452835,0.0,0.0,-0.052582696080207825,0.28618869185447693,-0.8873191475868225,0.9971985816955566,0.36796241998672485,0.03663738816976547,0.20903126895427704,-0.13557416200637817,-0.17068976163864136,0.6903415322303772,1.0111851692199707,-0.44103747606277466,0.060803018510341644,-0.15985801815986633
1.8641736507415771,-0.293946772813797,0.5911737084388733,0.03304220736026764,0.07897748798131943,0.4447217881679535,0.8915678858757019,-0.11213862895965576,0.13693401217460632,-0.17245499789714813,1.4632488489151,-0.6160397529602051,0.05537515878677368,-1.6538814306259155,-0.15824508666992188,0.18696574866771698,1.8867108821868896,-0.30942821502685547,0.07156932353973389,-0.2437421679496765,-0.13321198523044586,0.0,0.0,-0.049086280167102814,0.27660611271858215,-0.8900014162063599,1.0172537565231323,0.3633986711502075,0.03779074177145958,0.20356491208076477,-0.14342302083969116,-0.16692377626895905,0.6919927597045898,1.0385942459106445,-0.44173943996429443,0.06620542705059052,-0.15973569452762604
1.8716325759887695,-0.2897251844406128,0.6054685711860657,0.03678219020366669,0.09048259258270264,0.44620281457901,0.8895858526229858,-0.12704090774059296,0.1313348412513733,-0.16835784912109375,1.4251790046691895,-0.6019654273986816,0.05479317903518677,-1.6326534748077393,-0.16200602054595947,0.19971826672554016,1.863790512084961,-0.32217225432395935,0.07007603347301483,-0.25051113963127136,-0.12873007357120514,0.0,0.0,-0.04505918547511101,0.26395344734191895,-0.8861119747161865,1.0461711883544922,0.3601374328136444,0.039206892251968384,0.19823864102363586,-0.15179814398288727,-0.16416232287883759,0.6919328570365906,1.065566897392273,-0.4386085271835327,0.06902652978897095,-0.15968582034111023
1.8806315660476685,-0.2851795554161072,0.6291577219963074,0.04069399833679199,0.10364905744791031,0.44855087995529175,0.8867936134338379,-0.15396998822689056,0.1281045824289322,-0.1559082269668579,1.3747178316116333,-0.5826959013938904,0.05675182491540909,-1.58987295627594,-0.1701394021511078,0.20380455255508423,1.8161578178405762,-0.33450502157211304,0.06739404052495956,-0.2586058974266052,-0.1264088749885559,0.0,0.0,-0.04447858780622482,0.24478060007095337,-0.8823375701904297,1.0781283378601074,0.3586810231208801,0.03947179764509201,0.1930818259716034,-0.15612193942070007,-0.1618313491344452,0.6912513971328735,1.0891250371932983,-0.4309956431388855,0.06877292692661285,-0.15873229503631592
1.8908710479736328,-0.2802305519580841,0.659421443939209,0.044748108834028244,0.11625388264656067,0.4512634575366974,0.8836537599563599,-0.18459820747375488,0.12514008581638336,-0.13470157980918884,1.3196221590042114,-0.5581508874893188,0.05930846929550171,-1.5288889408111572,-0.1823638677597046,0.19614054262638092,1.748451590538025,-0.34465450048446655,0.0645449161529541,-0.2705778479576111,-0.1252637356519699,0.0,0.0,-0.05022890865802765,0.22101834416389465,-0.8876904249191284,1.1087093353271484,0.35952770709991455,0.036419011652469635,0.18612833321094513,-0.15484824776649475,-0.15961387753486633,0.6905075907707214,1.1091126203536987,-0.41963404417037964,0.06626299023628235,-0.15494973957538605
1.9011504650115967,-0.2744218409061432,0.6930474042892456,0.048606596887111664,0.12791165709495544,0.45447850227355957,0.8801848292350769,-0.2288302481174469,0.11649823188781738,-0.10041944682598114,1.2815223932266235,-0.5178402662277222,0.06676927953958511,-1.4540460109710693,-0.19428321719169617,0.18059536814689636,1.6689798831939697,-0.34971606731414795,0.06220189481973648,-0.27611061930656433,-0.12523432075977325,0.0,0.0,-0.059511102735996246,0.19843149185180664,-0.895224928855896,1.1286481618881226,0.36118894815444946,0.03251708298921585,0.17862550914287567,-0.14687572419643402,-0.1611793041229248,0.6836936473846436,1.1291829347610474,-0.40443485975265503,0.06304618716239929,-0.1489785611629486
1.911026954650879,-0.267270028591156,0.7274265885353088,0.05203939974308014,0.13763107359409332,0.45504897832870483,0.8782255053520203,-0.28317534923553467,0.1003367006778717,-0.058448970317840576,1.263028860092163,-0.46609145402908325,0.07728077471256256,-1.3728957176208496,-0.2011648714542389,0.16226057708263397,1.5784951448440552,-0.3495751619338989,0.06421241164207458,-0.2759969234466553,-0.1277388334274292,0.0,0.0,-0.07148414850234985,0.17805196344852448,-0.908419668674469,1.1377720832824707,0.36607784032821655,0.029605956748127937,0.17185689508914948,-0.13406412303447723,-0.16502444446086884,0.6742454171180725,1.1496541500091553,-0.39052778482437134,0.06048000603914261,-0.14260068535804749
1.9215344190597534,-0.25772327184677124,0.758587658405304,0.05342547595500946,0.14292605221271515,0.45064759254455566,0.8795650601387024,-0.3503453731536865,0.08137750625610352,-0.012879433110356331,1.2677472829818726,-0.4108283221721649,0.09225545823574066,-1.2889862060546875,-0.1984223574399948,0.14363595843315125,1.4887052774429321,-0.3457188904285431,0.06755152344703674,-0.2666313946247101,-0.1292106956243515,0.0,0.0,-0.07990208268165588,0.1634252965450287,-0.9188200831413269,1.145638346672058,0.37440618872642517,0.027915887534618378,0.16414913535118103,-0.1154598817229271,-0.17248475551605225,0.6620751619338989,1.1723284721374512,-0.3786178529262543,0.057886142283678055,-0.13338975608348846
1.933881402015686,-0.24560166895389557,0.7859980463981628,0.05224871635437012,0.14383120834827423,0.4382171034812927,0.8857473731040955,-0.43449872732162476,0.06375977396965027,0.030888479202985764,1.290489912033081,-0.3596034049987793,0.11153677105903625,-1.2024140357971191,-0.18542607128620148,0.12661784887313843,1.4031935930252075,-0.34264156222343445,0.07180694490671158,-0.242312490940094,-0.1315031498670578,0.0,0.0,-0.08145245909690857,0.15399226546287537,-0.9231892228126526,1.1437946557998657,0.3807187080383301,0.024552110582590103,0.15833474695682526,-0.09479345381259918,-0.17607001960277557,0.6567510366439819,1.1850495338439941,-0.37041527032852173,0.05284929275512695,-0.12396061420440674
1.9484531879425049,-0.23165257275104523,0.8090975284576416,0.04837869480252266,0.14074982702732086,0.4182808995246887,0.8960413336753845,-0.5292931795120239,0.053169991821050644,0.06503474712371826,1.3129043579101562,-0.32191264629364014,0.13255585730075836,-1.1183726787567139,-0.16122901439666748,0.11423399299383163,1.3226830959320068,-0.33796149492263794,0.0797591358423233,-0.2038346827030182,-0.13532105088233948,0.0,0.0,-0.07747826725244522,0.15268468856811523,-0.9120194315910339,1.12932288646698,0.38209110498428345,0.01872859336435795,0.15875038504600525,-0.07011975347995758,-0.18014147877693176,0.6563822031021118,1.1860239505767822,-0.3678654134273529,0.04460448399186134,-0.11544303596019745
1.9644958972930908,-0.2169390320777893,0.8272510766983032,0.043885864317417145,0.13450075685977936,0.3927576243877411,0.9086940884590149,-0.6299179792404175,0.05358458310365677,0.08439197391271591,1.3281702995300293,-0.2953793406486511,0.14613433182239532,-1.0420584678649902,-0.1319921612739563,0.1121780052781105,1.2524917125701904,-0.3320574164390564,0.09197436273097992,-0.15965516865253448,-0.14095543324947357,0.0,0.0,-0.06872916221618652,0.15610387921333313,-0.8901205062866211,1.115486979484558,0.38189494609832764,0.01318180188536644,0.1622621715068817,-0.04297645390033722,-0.18628209829330444,0.6552764177322388,1.1841896772384644,-0.3677569627761841,0.037344835698604584,-0.10708031058311462
1.981379747390747,-0.20193587243556976,0.8414541482925415,0.04006288945674896,0.12687943875789642,0.3654891550540924,0.9212568998336792,-0.7388952970504761,0.06554126739501953,0.09299419075250626,1.3267747163772583,-0.27634045481681824,0.1541936993598938,-0.9739696979522705,-0.10396777093410492,0.12074771523475647,1.193169116973877,-0.3277391493320465,0.10821593552827835,-0.11343932151794434,-0.15023362636566162,0.0,0.0,-0.05970414727926254,0.1650211215019226,-0.8664984703063965,1.0983668565750122,0.3780505061149597,0.0062668053433299065,0.16752469539642334,-0.018756872043013573,-0.19378933310508728,0.6559501886367798,1.174800157546997,-0.3668963313102722,0.03087768703699112,-0.09947532415390015
1.9986826181411743,-0.1858026385307312,0.8517022132873535,0.03814064338803291,0.11872312426567078,0.3403310775756836,0.9320005178451538,-0.8366154432296753,0.08307839930057526,0.09088847041130066,1.296570062637329,-0.262104332447052,0.15530073642730713,-0.9124656319618225,-0.0863984227180481,0.1323196291923523,1.1502373218536377,-0.3298954367637634,0.12445071339607239,-0.07302304357290268,-0.1603013277053833,0.0,0.0,-0.05029870569705963,0.1746450662612915,-0.8415781259536743,1.0798004865646362,0.37270215153694153,-0.002218922134488821,0.17241719365119934,0.0031451405957341194,-0.2005063146352768,0.6589093208312988,1.162269115447998,-0.36637967824935913,0.023556729778647423,-0.09165062755346298
2.0179336071014404,-0.1668151319026947,0.8592694401741028,0.03751985728740692,0.11095220595598221,0.3197368383407593,0.940239429473877,-0.9102499485015869,0.09164709597826004,0.09845015406608582,1.2109055519104004,-0.25217974185943604,0.1587270200252533,-0.8476076722145081,-0.08769858628511429,0.1309535801410675,1.1213182210922241,-0.3432755470275879,0.13762862980365753,-0.044880371540784836,-0.1678198277950287,0.0,0.0,-0.036446716636419296,0.18623322248458862,-0.8069629669189453,1.0621616840362549,0.36388522386550903,-0.014035234227776527,0.1717008352279663,0.024193720892071724,-0.2066262662410736,0.6549805402755737,1.149086356163025,-0.3610210120677948,0.013638969510793686,-0.08236299455165863
2.0401992797851562,-0.14748729765415192,0.8623606562614441,0.0377245731651783,0.10304920375347137,0.2991906702518463,0.9478621482849121,-0.9896278977394104,0.08920834213495255,0.10357151180505753,1.1300501823425293,-0.2344854474067688,0.16009125113487244,-0.7834489345550537,-0.09513707458972931,0.12409527599811554,1.1100116968154907,-0.36285072565078735,0.1404689997434616,-0.023849161341786385,-0.17462491989135742,0.0,0.0,-0.014556320384144783,0.1966332644224167,-0.7634186744689941,1.0384016036987305,0.3523605167865753,-0.02747166156768799,0.17342275381088257,0.039069004356861115,-0.2115831822156906,0.649290144443512,1.128538966178894,-0.3535870313644409,0.002473860513418913,-0.07944084703922272
2.0641891956329346,-0.13015636801719666,0.8624184727668762,0.039529647678136826,0.09466774761676788,0.2775082290172577,0.955230176448822,-1.0659595727920532,0.08319425582885742,0.10256311297416687,1.063019871711731,-0.2102852314710617,0.15695950388908386,-0.7187281847000122,-0.10208119451999664,0.11868337541818619,1.1073803901672363,-0.38262224197387695,0.13837546110153198,-0.0035292040556669235,-0.17935535311698914,0.0,0.0,0.016858438029885292,0.201043039560318,-0.7157377004623413,1.0232478380203247,0.34216272830963135,-0.03828209266066551,0.17494024336338043,0.045702748000621796,-0.21338678896427155,0.6440334916114807,1.1164206266403198,-0.34797772765159607,-0.005459148436784744,-0.08096553385257721
2.0882961750030518,-0.11479891836643219,0.8603821992874146,0.04283272847533226,0.08677135407924652,0.2570268213748932,0.9615473747253418,-1.1342148780822754,0.07861148566007614,0.09935234487056732,1.001179575920105,-0.18284988403320312,0.14863839745521545,-0.6564134359359741,-0.10989473760128021,0.11476638913154602,1.1088017225265503,-0.3996867537498474,0.13600611686706543,0.01001711469143629,-0.1810895949602127,0.0,0.0,0.053701601922512054,0.20064476132392883,-0.6616537570953369,1.016910433769226,0.3316496014595032,-0.04613788425922394,0.17651936411857605,0.049645911902189255,-0.21654796600341797,0.6327382922172546,1.104607105255127,-0.33961158990859985,-0.011564535088837147,-0.08683587610721588
2.111203193664551,-0.1009271889925003,0.8572304844856262,0.04681892693042755,0.0795011818408966,0.24000127613544464,0.9663782715797424,-1.1947436332702637,0.0760904848575592,0.09891433268785477,0.9437753558158875,-0.154107928276062,0.13777586817741394,-0.5986518263816833,-0.11810128390789032,0.11067738384008408,1.1106867790222168,-0.41274720430374146,0.1328796148300171,0.01948230341076851,-0.18117323517799377,0.0,0.0,0.0911150723695755,0.1966342329978943,-0.6045322418212891,1.0093426704406738,0.31995564699172974,-0.05253709852695465,0.17792671918869019,0.055926479399204254,-0.22182008624076843,0.615388035774231,1.0905601978302002,-0.331045001745224,-0.016615968197584152,-0.095390185713768
2.132648468017578,-0.08826897293329239,0.8526897430419922,0.05057001858949661,0.0731079950928688,0.22578521072864532,0.9701128602027893,-1.2479162216186523,0.0731247067451477,0.10627119243144989,0.8976362943649292,-0.12719237804412842,0.12953101098537445,-0.5462154150009155,-0.12553584575653076,0.10291720926761627,1.114633321762085,-0.4217976927757263,0.12829433381557465,0.027112191542983055,-0.18156102299690247,0.0,0.0,0.12524476647377014,0.18930542469024658,-0.5498762726783752,1.0164985656738281,0.3085092008113861,-0.05546025186777115,0.17770907282829285,0.06431078165769577,-0.22953712940216064,0.5929190516471863,1.0881445407867432,-0.32432353496551514,-0.0192214697599411,-0.10510861128568649
2.1532304286956787,-0.07643075287342072,0.8472090363502502,0.053385719656944275,0.06698057055473328,0.21476201713085175,0.972903311252594,-1.2916221618652344,0.07190687209367752,0.11522363871335983,0.8613665699958801,-0.10144608467817307,0.12040393054485321,-0.49645352363586426,-0.13272759318351746,0.09405805915594101,1.1182719469070435,-0.42903539538383484,0.12410251796245575,0.034927867352962494,-0.18150025606155396,0.0,0.0,0.16056427359580994,0.1747656911611557,-0.4987887144088745,1.0473750829696655,0.2981683015823364,-0.05556980520486832,0.17425157129764557,0.0694425031542778,-0.23649555444717407,0.5697019696235657,1.089681625366211,-0.31894150376319885,-0.02081795036792755,-0.11721177399158478
2.174497365951538,-0.0645168125629425,0.8388083577156067,0.054931122809648514,0.061566002666950226,0.206719309091568,0.9749150276184082,-1.3232182264328003,0.07179839164018631,0.1248503252863884,0.8439682722091675,-0.08124774694442749,0.11295347660779953,-0.44698071479797363,-0.14274205267429352,0.08654813468456268,1.1264203786849976,-0.43798014521598816,0.12226076424121857,0.044114887714385986,-0.18015256524085999,0.0,0.0,0.19768421351909637,0.15767604112625122,-0.44945228099823,1.0919227600097656,0.28900161385536194,-0.05425061285495758,0.16850221157073975,0.07261797785758972,-0.24271687865257263,0.5469021201133728,1.0859261751174927,-0.3136309087276459,-0.02358514629304409,-0.13008975982666016
2.1972696781158447,-0.05196499451994896,0.8286760449409485,0.05525507777929306,0.055762436240911484,0.20017756521701813,0.9766096472740173,-1.3358080387115479,0.07477174699306488,0.1309334933757782,0.8403467535972595,-0.06543251127004623,0.10272479802370071,-0.39552319049835205,-0.15330682694911957,0.08197487145662308,1.1340361833572388,-0.4426579177379608,0.1224990263581276,0.05437181144952774,-0.17807859182357788,0.0,0.0,0.2314617931842804,0.13997158408164978,-0.402069628238678,1.140183687210083,0.2816096842288971,-0.051616013050079346,0.16242730617523193,0.07974404096603394,-0.2465859055519104,0.5222715735435486,1.087571144104004,-0.3110851049423218,-0.024827148765325546,-0.1413068026304245
2.222116231918335,-0.038231950253248215,0.8174206614494324,0.0554174929857254,0.04928646981716156,0.1926421970129013,0.9784624576568604,-1.3318049907684326,0.08073076605796814,0.13361208140850067,0.8452619314193726,-0.053979624062776566,0.09019877016544342,-0.34418588876724243,-0.1685161292552948,0.07878899574279785,1.1408977508544922,-0.44307583570480347,0.12556099891662598,0.06251741945743561,-0.1757214069366455,0.0,0.0,0.263174444437027,0.12185885012149811,-0.3582860231399536,1.187812328338623,0.27738186717033386,-0.048822659999132156,0.15586835145950317,0.09037275612354279,-0.24766704440116882,0.49998345971107483,1.0890388488769531,-0.31327545642852783,-0.026307351887226105,-0.1487356424331665
2.249688148498535,-0.022638730704784393,0.8054929375648499,0.055048950016498566,0.043009378015995026,0.18415403366088867,0.98041170835495,-1.319390058517456,0.0878790020942688,0.1322118490934372,0.857124924659729,-0.047592826187610626,0.07997231185436249,-0.29625266790390015,-0.18667256832122803,0.07538223266601562,1.146920919418335,-0.4425499439239502,0.12984877824783325,0.07347045838832855,-0.1754777431488037,0.0,0.0,0.2904551029205322,0.1058478057384491,-0.3216014802455902,1.230438232421875,0.274668425321579,-0.046908751130104065,0.14892540872097015,0.10131394863128662,-0.24508622288703918,0.4812964200973511,1.1006598472595215,-0.3154381513595581,-0.026985134929418564,-0.1527986228466034
2.279813528060913,-0.005474193021655083,0.7929983735084534,0.05421916022896767,0.03853219375014305,0.17209237813949585,0.9828324913978577,-1.3082209825515747,0.0969872921705246,0.12511777877807617,0.8783906698226929,-0.04552803561091423,0.0743713304400444,-0.2554505467414856,-0.20557042956352234,0.07477020472288132,1.1527862548828125,-0.4391080141067505,0.13524781167507172,0.08900897949934006,-0.1792263686656952,0.0,0.0,0.31017985939979553,0.09577949345111847,-0.2956598699092865,1.259877324104309,0.2741570472717285,-0.04554678127169609,0.14393189549446106,0.10972953587770462,-0.2424871325492859,0.4691828489303589,1.1159074306488037,-0.3159339129924774,-0.027075257152318954,-0.1548137664794922
2.311717987060547,0.012679210864007473,0.7797365784645081,0.05259792134165764,0.03671787679195404,0.15868592262268066,0.9852431416511536,-1.3104649782180786,0.10509108006954193,0.10933322459459305,0.9163116216659546,-0.050177477300167084,0.07266813516616821,-0.22426384687423706,-0.22045442461967468,0.07900339365005493,1.1609740257263184,-0.4404873251914978,0.14209270477294922,0.10787896811962128,-0.1839008778333664,0.0,0.0,0.3239354193210602,0.09134603291749954,-0.2775367498397827,1.2758088111877441,0.27571409940719604,-0.04511252045631409,0.14374443888664246,0.11633286625146866,-0.2377692461013794,0.4678420126438141,1.1259911060333252,-0.31973496079444885,-0.028735365718603134,-0.15520964562892914
2.34350323677063,0.030797123908996582,0.7663893699645996,0.051072895526885986,0.03669244796037674,0.14703013002872467,0.987130880355835,-1.3231425285339355,0.1134280264377594,0.09105069935321808,0.9668222665786743,-0.05874112248420715,0.07347923517227173,-0.19903963804244995,-0.2314576357603073,0.08792296051979065,1.1699787378311157,-0.4428063631057739,0.14905619621276855,0.13072796165943146,-0.18844330310821533,0.0,0.0,0.33116114139556885,0.08988060057163239,-0.2646391689777374,1.2764151096343994,0.2767561078071594,-0.044639501720666885,0.1473826766014099,0.12139411270618439,-0.2316419780254364,0.4730297029018402,1.1297061443328857,-0.32587024569511414,-0.03071664273738861,-0.15416689217090607
2.373326539993286,0.047758713364601135,0.7546542882919312,0.049027103930711746,0.03938257321715355,0.13732030987739563,0.9885284304618835,-1.3494508266448975,0.12181955575942993,0.07051224261522293,1.025774598121643,-0.07120105624198914,0.07517199218273163,-0.18724672496318817,-0.23646479845046997,0.0952790379524231,1.1814604997634888,-0.44878530502319336,0.15182426571846008,0.15050354599952698,-0.19535565376281738,0.0,0.0,0.3240683674812317,0.09678242355585098,-0.26262253522872925,1.2529890537261963,0.2786194682121277,-0.04421166330575943,0.1589934229850769,0.1285819113254547,-0.2283218502998352,0.48812827467918396,1.1214330196380615,-0.33506032824516296,-0.03462044894695282,-0.15088589489459991
2.3996362686157227,0.062364622950553894,0.7446302175521851,0.04763413593173027,0.04456758126616478,0.13030704855918884,0.9893254637718201,-1.379058599472046,0.12961329519748688,0.05153653025627136,1.076897144317627,-0.08090165257453918,0.07223806530237198,-0.18696200847625732,-0.24007947742938995,0.1004527360200882,1.1953108310699463,-0.45539408922195435,0.1539054811000824,0.16667309403419495,-0.20344120264053345,0.0,0.0,0.30849990248680115,0.10259121656417847,-0.27469325065612793,1.2249526977539062,0.2822054624557495,-0.04250986501574516,0.17252790927886963,0.13038653135299683,-0.2241162359714508,0.5131607055664062,1.1080304384231567,-0.34640491008758545,-0.038864865899086,-0.14650335907936096
2.42271089553833,0.07482565939426422,0.7359705567359924,0.04645587503910065,0.053071726113557816,0.12506839632987976,0.9896379113197327,-1.4167406558990479,0.1324397623538971,0.033469583839178085,1.1285371780395508,-0.0904141217470169,0.06966658681631088,-0.19704285264015198,-0.24052947759628296,0.10383876413106918,1.2103066444396973,-0.4660831093788147,0.15584859251976013,0.18036898970603943,-0.21171900629997253,0.0,0.0,0.2850140929222107,0.10831677913665771,-0.2972392737865448,1.2002391815185547,0.2859192490577698,-0.04010685533285141,0.18649376928806305,0.1253243088722229,-0.22041329741477966,0.5432088971138,1.096677303314209,-0.35425862669944763,-0.0425424799323082,-0.14382317662239075
2.4429361820220947,0.08552823960781097,0.7282922267913818,0.046187624335289,0.0630289763212204,0.12143363803625107,0.9895190596580505,-1.4587788581848145,0.12981081008911133,0.018046382814645767,1.1800473928451538,-0.09751608967781067,0.06477862596511841,-0.20872151851654053,-0.24038904905319214,0.1073831245303154,1.2227612733840942,-0.47881627082824707,0.15928682684898376,0.19227471947669983,-0.21640677750110626,0.0,0.0,0.26140695810317993,0.11281757056713104,-0.3242277503013611,1.1790964603424072,0.290324330329895,-0.03908009082078934,0.19737160205841064,0.11336244642734528,-0.21950501203536987,0.573996901512146,1.0851447582244873,-0.3576941192150116,-0.04720831662416458,-0.1414998471736908
2.4606785774230957,0.09477438777685165,0.7209737300872803,0.04670952260494232,0.07236436754465103,0.11871136724948883,0.98918616771698,-1.5011563301086426,0.1227906122803688,0.004478073678910732,1.231352686882019,-0.10409347712993622,0.05775068700313568,-0.21552184224128723,-0.24059836566448212,0.11072766780853271,1.2315573692321777,-0.4921400249004364,0.1656889021396637,0.20231463015079498,-0.21588829159736633,0.0,0.0,0.2408406138420105,0.11648565530776978,-0.3483276963233948,1.1577967405319214,0.2956615090370178,-0.04009033367037773,0.2055368721485138,0.10022749751806259,-0.22488340735435486,0.5986806750297546,1.0685313940048218,-0.3571641445159912,-0.05381785333156586,-0.13930492103099823
2.475721597671509,0.10278387367725372,0.7130693197250366,0.04838067293167114,0.08199167996644974,0.11589854210615158,0.9886881113052368,-1.5470466613769531,0.1131819486618042,-0.005848290398716927,1.2824127674102783,-0.10949796438217163,0.05096122995018959,-0.22028520703315735,-0.24292290210723877,0.11487764120101929,1.2397117614746094,-0.504023551940918,0.17441609501838684,0.2105516791343689,-0.21426373720169067,0.0,0.0,0.22057023644447327,0.1226886510848999,-0.3771898150444031,1.133080244064331,0.30324098467826843,-0.04263061285018921,0.2124119997024536,0.08466028422117233,-0.2339140772819519,0.6234913468360901,1.0446995496749878,-0.3537316620349884,-0.06122773513197899,-0.13862758874893188
2.4877355098724365,0.10926949232816696,0.7050510048866272,0.05077984184026718,0.09126119315624237,0.11207431554794312,0.9881964325904846,-1.5961048603057861,0.10136906057596207,-0.014428230933845043,1.3327488899230957,-0.11484682559967041,0.04558756947517395,-0.223280668258667,-0.24758610129356384,0.11912234127521515,1.2465975284576416,-0.5127648711204529,0.1834656298160553,0.2163769155740738,-0.21240507066249847,0.0,0.0,0.1996161788702011,0.1325334906578064,-0.4080631732940674,1.1045597791671753,0.31305864453315735,-0.04569917544722557,0.2202506810426712,0.06711452454328537,-0.24612662196159363,0.6483271718025208,1.0148072242736816,-0.34866762161254883,-0.06847454607486725,-0.13967028260231018
2.497448444366455,0.11446698755025864,0.695111095905304,0.054155122488737106,0.09983110427856445,0.10699960589408875,0.9877510070800781,-1.6473476886749268,0.08864852041006088,-0.020191431045532227,1.3829509019851685,-0.12149432301521301,0.04202035069465637,-0.22556033730506897,-0.2560986578464508,0.1229696124792099,1.258262276649475,-0.5204983949661255,0.19449320435523987,0.21843522787094116,-0.2091483175754547,0.0,0.0,0.17893800139427185,0.1444329023361206,-0.4414277672767639,1.0733094215393066,0.3262432813644409,-0.049168556928634644,0.22695931792259216,0.05000597611069679,-0.26268333196640015,0.6719163656234741,0.978269100189209,-0.34280407428741455,-0.0762324333190918,-0.13963401317596436
2.50527024269104,0.11847952753305435,0.6839718222618103,0.05789763107895851,0.11000790446996689,0.101544588804245,0.9870333671569824,-1.7014477252960205,0.07620462775230408,-0.023946402594447136,1.4267395734786987,-0.127320796251297,0.039241500198841095,-0.23219892382621765,-0.2662225067615509,0.1275351345539093,1.2731032371520996,-0.5268884301185608,0.20649310946464539,0.2165604531764984,-0.21225740015506744,0.0,0.0,0.14886429905891418,0.15840527415275574,-0.48372310400009155,1.031530499458313,0.3387879729270935,-0.05275825038552284,0.23826885223388672,0.03027801588177681,-0.27696484327316284,0.7013375163078308,0.9347608089447021,-0.33581069111824036,-0.08262653648853302,-0.14393308758735657
2.5116331577301025,0.12159542739391327,0.6715732216835022,0.062096573412418365,0.11963443458080292,0.09595673531293869,0.9862169623374939,-1.7526265382766724,0.06733974069356918,-0.02473977953195572,1.4627950191497803,-0.1323179453611374,0.03636997938156128,-0.2373998761177063,-0.27877214550971985,0.13292178511619568,1.2896490097045898,-0.5323696136474609,0.21863964200019836,0.2107413113117218,-0.21701264381408691,0.0,0.0,0.11037365347146988,0.17180752754211426,-0.5278305411338806,0.9849570989608765,0.3521410822868347,-0.055517226457595825,0.2522839605808258,0.012190792709589005,-0.289334237575531,0.7300456166267395,0.8938133716583252,-0.33035704493522644,-0.08662648499011993,-0.1499623954296112
2.5175693035125732,0.12433868646621704,0.6569157242774963,0.06631163507699966,0.12810230255126953,0.09040419012308121,0.9854032397270203,-1.801389217376709,0.06085238605737686,-0.023488106206059456,1.4962332248687744,-0.13582743704319,0.0350707583129406,-0.23653796315193176,-0.2934291660785675,0.138694629073143,1.3066036701202393,-0.5377984046936035,0.22987261414527893,0.2061653733253479,-0.21988293528556824,0.0,0.0,0.07077370584011078,0.18373411893844604,-0.5656875967979431,0.9419357776641846,0.3646426200866699,-0.05679072439670563,0.2669423222541809,-0.00613087322562933,-0.29834437370300293,0.7531362771987915,0.8592053651809692,-0.3256809115409851,-0.08832345902919769,-0.15818588435649872
2.5237185955047607,0.12690448760986328,0.6410222053527832,0.07033360749483109,0.13624374568462372,0.08408072590827942,0.9845919013023376,-1.848635196685791,0.054147347807884216,-0.022234048694372177,1.526838779449463,-0.13709798455238342,0.03196323662996292,-0.2312772572040558,-0.3079891502857208,0.14543262124061584,1.3212711811065674,-0.5447099804878235,0.2401295304298401,0.20107915997505188,-0.21977734565734863,0.0,0.0,0.03113466501235962,0.19138483703136444,-0.6049817800521851,0.9109586477279663,0.37902745604515076,-0.056076277047395706,0.277132511138916,-0.023243939504027367,-0.30522748827934265,0.7748501300811768,0.8389284610748291,-0.3231603503227234,-0.0873996913433075,-0.1639033555984497
2.5297915935516357,0.1291896104812622,0.6251280903816223,0.07411880046129227,0.14368678629398346,0.07618585228919983,0.9838985204696655,-1.8910068273544312,0.047581929713487625,-0.023557838052511215,1.5530860424041748,-0.13668084144592285,0.026027292013168335,-0.22365552186965942,-0.3221408724784851,0.15255774557590485,1.3331546783447266,-0.550958514213562,0.2486666738986969,0.1945209950208664,-0.21534205973148346,0.0,0.0,-0.004276176914572716,0.19533303380012512,-0.6392084360122681,0.8842998743057251,0.3932426869869232,-0.055669572204351425,0.28413358330726624,-0.03735598176717758,-0.3132457733154297,0.7913118600845337,0.819048285484314,-0.3197494149208069,-0.08752880990505219,-0.16647624969482422
2.5355582237243652,0.13119518756866455,0.6109619736671448,0.07765991985797882,0.15086783468723297,0.06683254987001419,0.9832299947738647,-1.9261159896850586,0.0406566858291626,-0.027654282748699188,1.5719047784805298,-0.13568364083766937,0.017862804234027863,-0.2193990796804428,-0.33623313903808594,0.16029506921768188,1.3429105281829834,-0.5569220781326294,0.25508639216423035,0.18776854872703552,-0.20834709703922272,0.0,0.0,-0.0342368558049202,0.19824418425559998,-0.672011137008667,0.8585425615310669,0.40792110562324524,-0.055417463183403015,0.28713005781173706,-0.04932248592376709,-0.32296958565711975,0.8061336874961853,0.8028098940849304,-0.3165986239910126,-0.08691336959600449,-0.1639748513698578
2.54105544090271,0.13301299512386322,0.5981645584106445,0.08106102794408798,0.157682865858078,0.05684778839349747,0.9825139045715332,-1.9568605422973633,0.034040357917547226,-0.03329521417617798,1.5867208242416382,-0.13395743072032928,0.0076126959174871445,-0.2168380618095398,-0.34914612770080566,0.1684805452823639,1.3509272336959839,-0.5627328157424927,0.2593834400177002,0.18290844559669495,-0.19964610040187836,0.0,0.0,-0.05650509148836136,0.20115946233272552,-0.6987510919570923,0.8344871997833252,0.4198704957962036,-0.05550879240036011,0.28886815905570984,-0.061726078391075134,-0.3326389193534851,0.8157000541687012,0.7930409908294678,-0.31198859214782715,-0.08416867256164551,-0.16297858953475952
2.546329975128174,0.1345759630203247,0.5883211493492126,0.08480674773454666,0.16466088593006134,0.04668007791042328,0.9815883040428162,-1.9815304279327393,0.029632169753313065,-0.038035713136196136,1.5965781211853027,-0.1327867954969406,-0.001363101415336132,-0.21938851475715637,-0.36263173818588257,0.17699025571346283,1.3561110496520996,-0.5682443976402283,0.26279282569885254,0.17822691798210144,-0.18944105505943298,0.0,0.0,-0.07233847677707672,0.20423448085784912,-0.7247440814971924,0.8081388473510742,0.43055304884910583,-0.05826854705810547,0.2880837619304657,-0.07307418435811996,-0.3404447138309479,0.8207756280899048,0.7896220684051514,-0.3078221082687378,-0.0810047909617424,-0.16293489933013916
2.5517728328704834,0.1360333263874054,0.5832297205924988,0.08835779130458832,0.17131729423999786,0.0366058424115181,0.9805627465248108,-1.9973411560058594,0.026314470916986465,-0.04066162556409836,1.6002197265625,-0.13263998925685883,-0.010079259052872658,-0.22794517874717712,-0.37611424922943115,0.18506979942321777,1.3560657501220703,-0.5727848410606384,0.2628015875816345,0.17468270659446716,-0.18175718188285828,0.0,0.0,-0.08481210470199585,0.20631960034370422,-0.7533934712409973,0.7839831113815308,0.43860989809036255,-0.061444371938705444,0.2843855023384094,-0.08609218895435333,-0.34271249175071716,0.824221134185791,0.7958256006240845,-0.302627831697464,-0.07594477385282516,-0.1645435094833374
2.55778169631958,0.13771742582321167,0.5848308205604553,0.09020406007766724,0.17797362804412842,0.026975739747285843,0.9795207381248474,-2.001232147216797,0.02426324412226677,-0.04391992837190628,1.5934655666351318,-0.13291415572166443,-0.018639031797647476,-0.24124158918857574,-0.3864961862564087,0.19163990020751953,1.3437626361846924,-0.5712522268295288,0.25969675183296204,0.17214101552963257,-0.17643378674983978,0.0,0.0,-0.0961037427186966,0.2070351243019104,-0.7809085845947266,0.7682570219039917,0.4425775408744812,-0.06289911270141602,0.27900028228759766,-0.09962435066699982,-0.3401263654232025,0.8279764652252197,0.809228777885437,-0.297605037689209,-0.06975696980953217,-0.16603711247444153
2.5643177032470703,0.13986840844154358,0.5937669277191162,0.09130057692527771,0.18377885222434998,0.015690984204411507,0.9785925149917603,-1.9884657859802246,0.025519028306007385,-0.04565002769231796,1.574714183807373,-0.13357898592948914,-0.025657614693045616,-0.25980207324028015,-0.39702725410461426,0.19920970499515533,1.318676233291626,-0.5589858889579773,0.2572285532951355,0.1713971495628357,-0.17034344375133514,0.0,0.0,-0.10470332950353622,0.20610158145427704,-0.8076090216636658,0.7643885612487793,0.4410333037376404,-0.06255066394805908,0.271016389131546,-0.11302044987678528,-0.3332144021987915,0.8321223258972168,0.8250805139541626,-0.2920450270175934,-0.06374268978834152,-0.16565613448619843
2.571464776992798,0.14272010326385498,0.6084892749786377,0.08976823836565018,0.1883169561624527,0.003950642887502909,0.977989137172699,-1.9578741788864136,0.03152300417423248,-0.047819264233112335,1.5401244163513184,-0.13383562862873077,-0.03236956149339676,-0.2810360789299011,-0.4043284058570862,0.20356157422065735,1.2828483581542969,-0.535115122795105,0.25518134236335754,0.17175406217575073,-0.1600659340620041,0.0,0.0,-0.10909183323383331,0.20736351609230042,-0.8252342343330383,0.7748709917068481,0.43741315603256226,-0.06188621371984482,0.26142844557762146,-0.12051161378622055,-0.32448431849479675,0.8282753229141235,0.8486694097518921,-0.29157811403274536,-0.05790754035115242,-0.16244590282440186
2.579881191253662,0.14666882157325745,0.6273675560951233,0.08534418046474457,0.19226327538490295,-0.0065503837540745735,0.9776033163070679,-1.9089539051055908,0.04142968729138374,-0.05172304809093475,1.4935730695724487,-0.13402658700942993,-0.03472277522087097,-0.3025735914707184,-0.40447020530700684,0.2027544379234314,1.2387303113937378,-0.49870288372039795,0.2553030550479889,0.17523477971553802,-0.14913253486156464,0.0,0.0,-0.10833514481782913,0.20598429441452026,-0.8323262929916382,0.7968474626541138,0.4288842976093292,-0.05972127988934517,0.2537781298160553,-0.12357975542545319,-0.31174159049987793,0.8212251663208008,0.8679072856903076,-0.29403117299079895,-0.05471949279308319,-0.15896451473236084
2.590017080307007,0.15162047743797302,0.6478453874588013,0.07850302755832672,0.1961088925600052,-0.015353766269981861,0.9773141145706177,-1.8439247608184814,0.05525713413953781,-0.0561533123254776,1.4369982481002808,-0.13405470550060272,-0.033976826816797256,-0.3255084753036499,-0.39642441272735596,0.19689993560314178,1.194034457206726,-0.44864004850387573,0.2549510598182678,0.18335655331611633,-0.14014336466789246,0.0,0.0,-0.10281156003475189,0.2008129507303238,-0.8271804451942444,0.8378310799598694,0.41389867663383484,-0.055104341357946396,0.25071603059768677,-0.12536637485027313,-0.29446929693222046,0.812745213508606,0.8996170163154602,-0.29895591735839844,-0.05066431313753128,-0.15841937065124512
2.601646661758423,0.15659411251544952,0.6706331372261047,0.07132672518491745,0.19844993948936462,-0.02351680025458336,0.9772292971611023,-1.76259183883667,0.07016941905021667,-0.057105474174022675,1.3729021549224854,-0.1372135728597641,-0.02750907838344574,-0.3521966338157654,-0.3834003806114197,0.18622714281082153,1.153327226638794,-0.3944661021232605,0.254505455493927,0.18973779678344727,-0.1385089010000229,0.0,0.0,-0.0939587950706482,0.19476565718650818,-0.8159224390983582,0.8877689242362976,0.39580202102661133,-0.04992605745792389,0.24851030111312866,-0.1305275410413742,-0.27396711707115173,0.8050731420516968,0.9385703802108765,-0.3056165277957916,-0.04628061130642891,-0.15918751060962677
2.614659070968628,0.160838320851326,0.6950081586837769,0.06483526527881622,0.19990818202495575,-0.029474860057234764,0.9772228002548218,-1.6788387298583984,0.07975274324417114,-0.05668027698993683,1.3113195896148682,-0.14486081898212433,-0.0157596655189991,-0.3912428617477417,-0.3662402033805847,0.17019808292388916,1.1269575357437134,-0.3409730792045593,0.25294291973114014,0.19226078689098358,-0.14379575848579407,0.0,0.0,-0.08564288169145584,0.19576667249202728,-0.8011157512664795,0.9250127673149109,0.38036736845970154,-0.04613540321588516,0.24922890961170197,-0.13486430048942566,-0.25930166244506836,0.801362156867981,0.9698993563652039,-0.3162062168121338,-0.04382181167602539,-0.1590443253517151
2.6291801929473877,0.1649312674999237,0.719151496887207,0.058726679533720016,0.19879718124866486,-0.031039157882332802,0.9777870178222656,-1.5931271314620972,0.08163344860076904,-0.05687134712934494,1.2497761249542236,-0.15690749883651733,-0.0010942956432700157,-0.43950748443603516,-0.34513676166534424,0.15054361522197723,1.118770718574524,-0.29159608483314514,0.24836182594299316,0.19027863442897797,-0.15210293233394623,0.0,0.0,-0.07897403091192245,0.19812965393066406,-0.7781842350959778,0.9574553966522217,0.3658452033996582,-0.04174765199422836,0.25452175736427307,-0.1344635784626007,-0.25084933638572693,0.7928428053855896,0.9990904331207275,-0.3269804120063782,-0.04186384379863739,-0.16144657135009766
2.6461329460144043,0.17013980448246002,0.7412459254264832,0.05372763052582741,0.19386255741119385,-0.026590906083583832,0.9791953563690186,-1.5036464929580688,0.07295580953359604,-0.055197566747665405,1.193619966506958,-0.17612139880657196,0.02203018218278885,-0.49502116441726685,-0.32214727997779846,0.13017727434635162,1.131706714630127,-0.25168320536613464,0.23993274569511414,0.1799776256084442,-0.1647128462791443,0.0,0.0,-0.07352391630411148,0.2000957429409027,-0.7560573816299438,0.9779349565505981,0.353347510099411,-0.03730227053165436,0.2604765295982361,-0.13337354362010956,-0.24560996890068054,0.7895697355270386,1.0089216232299805,-0.3370196223258972,-0.04283260926604271,-0.1635986864566803
2.665349006652832,0.17667865753173828,0.7629382014274597,0.05099282041192055,0.187277689576149,-0.01621190272271633,0.9808486104011536,-1.4174636602401733,0.05237526446580887,-0.050557322800159454,1.147597312927246,-0.20210039615631104,0.04945005103945732,-0.5657774209976196,-0.30334559082984924,0.11413903534412384,1.1566636562347412,-0.2276119589805603,0.2300010323524475,0.15511487424373627,-0.17864540219306946,0.0,0.0,-0.07188387215137482,0.21052810549736023,-0.7338263988494873,0.9873449802398682,0.3431614339351654,-0.034383803606033325,0.2674245834350586,-0.12696465849876404,-0.24467042088508606,0.7846667766571045,1.0033038854599,-0.34594613313674927,-0.0465887114405632,-0.16430866718292236
2.6855695247650146,0.18367545306682587,0.7817099690437317,0.05034781992435455,0.17813651263713837,-0.0026195787359029055,0.9827134013175964,-1.3302712440490723,0.023747731000185013,-0.04656173288822174,1.1002416610717773,-0.22795242071151733,0.07152915000915527,-0.6317044496536255,-0.290134072303772,0.10049626231193542,1.1805493831634521,-0.2169170081615448,0.22062867879867554,0.12599092721939087,-0.1935422122478485,0.0,0.0,-0.0726049542427063,0.22279274463653564,-0.7167670130729675,0.9932997226715088,0.3353201746940613,-0.03350970894098282,0.26999300718307495,-0.12044373154640198,-0.24438872933387756,0.779186487197876,0.9996684789657593,-0.3525471091270447,-0.0500485897064209,-0.16351358592510223
2.7062056064605713,0.19158917665481567,0.7997268438339233,0.05208420753479004,0.1671404391527176,0.022741172462701797,0.9842937588691711,-1.2392330169677734,-0.022419460117816925,-0.042703691869974136,1.0487315654754639,-0.2522401213645935,0.09547744691371918,-0.7044544219970703,-0.275459349155426,0.09806837886571884,1.205193281173706,-0.2114260047674179,0.2134099304676056,0.08799529075622559,-0.20430386066436768,0.0,0.0,-0.07893337309360504,0.2275008261203766,-0.7128393650054932,0.9817217588424683,0.3298274278640747,-0.03627455234527588,0.26539403200149536,-0.10248605161905289,-0.24961164593696594,0.7601282596588135,0.9966138005256653,-0.3538922369480133,-0.05476357787847519,-0.16079920530319214
2.726902723312378,0.2004357874393463,0.8171358704566956,0.0538635179400444,0.15552134811878204,0.059718262404203415,0.9845534563064575,-1.152773141860962,-0.08186214417219162,-0.04339320957660675,1.014169692993164,-0.28531017899513245,0.1234021931886673,-0.7930291891098022,-0.25087204575538635,0.10953083634376526,1.223222255706787,-0.21123725175857544,0.20743344724178314,0.03798923268914223,-0.21134305000305176,0.0,0.0,-0.08922645449638367,0.22671115398406982,-0.7197308540344238,0.968714714050293,0.32631707191467285,-0.03942374885082245,0.25593143701553345,-0.07431381195783615,-0.2610383629798889,0.7303375601768494,0.9879543781280518,-0.3469231128692627,-0.061270006000995636,-0.15543285012245178
2.7475357055664062,0.2096671164035797,0.8281946182250977,0.0541352741420269,0.14248475432395935,0.10338566452264786,0.9828930497169495,-1.069403886795044,-0.1426282525062561,-0.0547102689743042,0.9976226091384888,-0.32418933510780334,0.14377930760383606,-0.8687825798988342,-0.22653800249099731,0.13710933923721313,1.226842999458313,-0.21296626329421997,0.2109900563955307,-0.0113227479159832,-0.21268250048160553,0.0,0.0,-0.09385937452316284,0.22143828868865967,-0.7306935787200928,0.9732265472412109,0.3251957893371582,-0.04366903752088547,0.2404337227344513,-0.04444573074579239,-0.26707032322883606,0.6936814188957214,0.997878909111023,-0.3387148082256317,-0.0644921213388443,-0.1503036618232727
2.768181085586548,0.21916140615940094,0.8353459239006042,0.05197502300143242,0.12875524163246155,0.14870870113372803,0.9790844321250916,-0.9916023015975952,-0.19516682624816895,-0.0784950852394104,1.000276803970337,-0.3685298562049866,0.15379372239112854,-0.9398670196533203,-0.2010468691587448,0.17323127388954163,1.221435308456421,-0.21331186592578888,0.21758893132209778,-0.05682694911956787,-0.20812278985977173,0.0,0.0,-0.08922774344682693,0.21024379134178162,-0.7394824028015137,1.0050568580627441,0.3269540071487427,-0.04581737518310547,0.22272560000419617,-0.018391506746411324,-0.2652360498905182,0.6585712432861328,1.0141682624816895,-0.3290852904319763,-0.06712771952152252,-0.14789126813411713
2.7886383533477783,0.22924435138702393,0.841448962688446,0.04773889482021332,0.11527461558580399,0.19002500176429749,0.9738188982009888,-0.9128739833831787,-0.23299115896224976,-0.10837387293577194,1.01106595993042,-0.41688722372055054,0.15195684134960175,-1.0116292238235474,-0.17586825788021088,0.20196378231048584,1.18124258518219,-0.20499256253242493,0.22503818571567535,-0.0952175036072731,-0.20162636041641235,0.0,0.0,-0.08080452680587769,0.19767791032791138,-0.7472724318504333,1.0460774898529053,0.33107638359069824,-0.04837412387132645,0.20548294484615326,0.00469798780977726,-0.25905320048332214,0.6248776912689209,1.0311514139175415,-0.31789565086364746,-0.06950560957193375,-0.1453486829996109
2.8086752891540527,0.23998142778873444,0.8461995124816895,0.04170823469758034,0.10207004845142365,0.22437326610088348,0.9682452082633972,-0.833443820476532,-0.25183960795402527,-0.1391162872314453,1.0226895809173584,-0.46550309658050537,0.14032459259033203,-1.0779801607131958,-0.157080739736557,0.22331926226615906,1.1058756113052368,-0.18395839631557465,0.23758810758590698,-0.11842548847198486,-0.19341817498207092,0.0,0.0,-0.07007870078086853,0.18641087412834167,-0.753675103187561,1.0828757286071777,0.33624112606048584,-0.0540790930390358,0.19018615782260895,0.02671305276453495,-0.24739490449428558,0.586410403251648,1.054955005645752,-0.30958986282348633,-0.06868206709623337,-0.14305055141448975
2.8278589248657227,0.25105106830596924,0.8492192029953003,0.033697567880153656,0.0901874229311943,0.25146833062171936,0.9630651473999023,-0.7601668834686279,-0.25187167525291443,-0.1644897609949112,1.0355850458145142,-0.5121015310287476,0.1252707540988922,-1.140464186668396,-0.13749399781227112,0.23552924394607544,1.0189757347106934,-0.15049795806407928,0.2470930963754654,-0.1305084526538849,-0.18608345091342926,0.0,0.0,-0.06229735538363457,0.18214547634124756,-0.7544392943382263,1.1047015190124512,0.338848739862442,-0.05967532843351364,0.1819811761379242,0.05277159810066223,-0.2375030666589737,0.5473645925521851,1.0658968687057495,-0.3051646649837494,-0.06793077290058136,-0.14136093854904175
2.8459572792053223,0.26197394728660583,0.8516441583633423,0.026585547253489494,0.07886306196451187,0.27177363634109497,0.9587559103965759,-0.6882558465003967,-0.2387470155954361,-0.1840018630027771,1.041420340538025,-0.549389123916626,0.10642006993293762,-1.189706563949585,-0.12445922195911407,0.24406698346138,0.9391399621963501,-0.1153942346572876,0.2517513334751129,-0.13681091368198395,-0.18206126987934113,0.0,0.0,-0.056858133524656296,0.18561476469039917,-0.754054844379425,1.122628927230835,0.3408893644809723,-0.06433887779712677,0.17783895134925842,0.0774470716714859,-0.23183110356330872,0.5086100101470947,1.0845189094543457,-0.3040153384208679,-0.06460785120725632,-0.1395559310913086
2.8640546798706055,0.27252835035324097,0.8531869649887085,0.022058581933379173,0.06855065375566483,0.2876242697238922,0.9550321698188782,-0.6194179058074951,-0.2181866317987442,-0.19676202535629272,1.0404647588729858,-0.5746116042137146,0.08776892721652985,-1.2269130945205688,-0.11645834147930145,0.24694742262363434,0.8776170015335083,-0.08496780693531036,0.2490941733121872,-0.14105693995952606,-0.17972765862941742,0.0,0.0,-0.047891564667224884,0.19074466824531555,-0.7490741610527039,1.1354191303253174,0.340983122587204,-0.06812489032745361,0.17912372946739197,0.09622268378734589,-0.22571024298667908,0.4797671437263489,1.098152995109558,-0.3068108558654785,-0.06209399551153183,-0.14118820428848267
2.882819652557373,0.2826315760612488,0.8533180952072144,0.019816190004348755,0.058028023689985275,0.2993379533290863,0.9521747827529907,-0.5506705641746521,-0.19076284766197205,-0.2059323936700821,1.0367181301116943,-0.5889912843704224,0.06775049865245819,-1.2478471994400024,-0.11350776255130768,0.24330759048461914,0.8364120721817017,-0.060333237051963806,0.24333131313323975,-0.14604748785495758,-0.17799000442028046,0.0,0.0,-0.0371614471077919,0.1942216157913208,-0.7421566843986511,1.149168848991394,0.3416001796722412,-0.0698750838637352,0.18158546090126038,0.11132022738456726,-0.21849390864372253,0.4616861641407013,1.1140214204788208,-0.3129154443740845,-0.05888868495821953,-0.1421089619398117
2.9026150703430176,0.29241761565208435,0.8505992889404297,0.020956190302968025,0.046138714998960495,0.3097415566444397,0.9494694471359253,-0.47836822271347046,-0.15894025564193726,-0.2150171548128128,1.0346447229385376,-0.5928083062171936,0.04813174530863762,-1.2505465745925903,-0.1177084892988205,0.23962825536727905,0.8230108022689819,-0.04510939121246338,0.23644724488258362,-0.1553594470024109,-0.17416083812713623,0.0,0.0,-0.024133145809173584,0.19547122716903687,-0.7331006526947021,1.1591159105300903,0.3425337076187134,-0.06931759417057037,0.18355229496955872,0.12740874290466309,-0.21246260404586792,0.4462541341781616,1.1346409320831299,-0.3217795193195343,-0.05271690711379051,-0.14203092455863953
2.923828125,0.301815927028656,0.8443366885185242,0.024882400408387184,0.033786725252866745,0.31913384795188904,0.9467803239822388,-0.4038279950618744,-0.12306748330593109,-0.23047855496406555,1.0344958305358887,-0.581600546836853,0.027912762016057968,-1.2363237142562866,-0.1268746703863144,0.24075421690940857,0.832661509513855,-0.040449291467666626,0.23164254426956177,-0.1656569242477417,-0.1692056655883789,0.0,0.0,-0.005217055790126324,0.19469407200813293,-0.720944344997406,1.1700334548950195,0.3421724736690521,-0.06618042290210724,0.18469387292861938,0.1393379122018814,-0.2027687132358551,0.4364528954029083,1.1598707437515259,-0.3307885527610779,-0.04286637529730797,-0.1412436068058014
2.947782039642334,0.3106875717639923,0.8339080214500427,0.03059501014649868,0.024977287277579308,0.32694128155708313,0.9442189335823059,-0.33598488569259644,-0.08393853902816772,-0.2492731660604477,1.0353367328643799,-0.5595901012420654,0.009138050489127636,-1.214125156402588,-0.1388649046421051,0.2422836720943451,0.8587061166763306,-0.04839710891246796,0.22567063570022583,-0.17679738998413086,-0.16705450415611267,0.0,0.0,0.015087856911122799,0.19226884841918945,-0.7104750871658325,1.1779985427856445,0.3402821719646454,-0.06182705610990524,0.185876727104187,0.1447204053401947,-0.19226965308189392,0.43390077352523804,1.1814931631088257,-0.3374469578266144,-0.03162991628050804,-0.14075025916099548
2.9748950004577637,0.3189917206764221,0.8189493417739868,0.03740675002336502,0.01970403827726841,0.33506450057029724,0.9412462115287781,-0.2764890491962433,-0.0401780940592289,-0.263896107673645,1.037613034248352,-0.5297529101371765,-0.007053086068481207,-1.1869266033172607,-0.1538301259279251,0.24097852408885956,0.8969589471817017,-0.0666930228471756,0.21796095371246338,-0.1878320872783661,-0.1651003211736679,0.0,0.0,0.03803236037492752,0.19025249779224396,-0.6944303512573242,1.1873514652252197,0.3384343981742859,-0.05683848261833191,0.1867045760154724,0.14704012870788574,-0.18351005017757416,0.4324803650379181,1.1976687908172607,-0.3436605930328369,-0.021585805341601372,-0.13991396129131317
3.0038070678710938,0.32668694853782654,0.7978036999702454,0.045924607664346695,0.017815349623560905,0.34218713641166687,0.9383397698402405,-0.2270406037569046,0.002567855641245842,-0.2701207995414734,1.0488389730453491,-0.504645824432373,-0.015657523646950722,-1.1705769300460815,-0.17445158958435059,0.23893246054649353,0.9561218023300171,-0.09476837515830994,0.20760822296142578,-0.201183021068573,-0.1661732941865921,0.0,0.0,0.05710383877158165,0.1865379959344864,-0.6831311583518982,1.1954104900360107,0.33918681740760803,-0.0492287203669548,0.18787217140197754,0.1460007280111313,-0.17810067534446716,0.4313111901283264,1.2125511169433594,-0.3494788706302643,-0.009830711409449577,-0.1413678526878357
3.0322318077087402,0.33397483825683594,0.7706829905509949,0.05366379767656326,0.017152223736047745,0.3473331928253174,0.9360478520393372,-0.1913178563117981,0.04690013453364372,-0.2694054841995239,1.0768208503723145,-0.4969436228275299,-0.01348957046866417,-1.175929069519043,-0.20091256499290466,0.23266617953777313,1.0401380062103271,-0.1262904703617096,0.19440186023712158,-0.21493734419345856,-0.16609501838684082,0.0,0.0,0.07537393271923065,0.18673790991306305,-0.6697725057601929,1.2033793926239014,0.3395504057407379,-0.03943566232919693,0.18870539963245392,0.1381421983242035,-0.1760142296552658,0.43136751651763916,1.2182769775390625,-0.3518976867198944,0.0003855079412460327,-0.14474177360534668
3.057630777359009,0.3409369885921478,0.7395346164703369,0.059744540601968765,0.016406090930104256,0.3525269329547882,0.9337484836578369,-0.16795635223388672,0.09367205202579498,-0.2654922902584076,1.1191388368606567,-0.5023579597473145,-0.00549000408500433,-1.2002933025360107,-0.22778746485710144,0.22770953178405762,1.1417895555496216,-0.157263845205307,0.17929726839065552,-0.22827816009521484,-0.16451922059059143,0.0,0.0,0.08793699741363525,0.18977858126163483,-0.6595797538757324,1.207332968711853,0.3392113149166107,-0.029510904103517532,0.18934199213981628,0.12634272873401642,-0.17293338477611542,0.434600293636322,1.2187474966049194,-0.3534945845603943,0.009134159423410892,-0.14761370420455933
3.0784926414489746,0.34701794385910034,0.7231231927871704,0.06465644389390945,0.01619565114378929,0.3577706515789032,0.9314276576042175,-0.15070313215255737,0.13750961422920227,-0.2595078647136688,1.1611281633377075,-0.5210984945297241,0.006429796572774649,-1.237631916999817,-0.25511234998703003,0.22495946288108826,1.2467644214630127,-0.18509837985038757,0.16577449440956116,-0.24230241775512695,-0.162137970328331,0.0,0.0,0.094737708568573,0.1966663897037506,-0.6527500748634338,1.2133474349975586,0.3393232226371765,-0.019772667437791824,0.18738867342472076,0.10911209881305695,-0.17035594582557678,0.44111454486846924,1.2151223421096802,-0.35395634174346924,0.01568520814180374,-0.14807537198066711
3.0957064628601074,0.3517266809940338,0.7086755633354187,0.06774935126304626,0.01647913083434105,0.36047253012657166,0.9301602244377136,-0.1377105712890625,0.17250704765319824,-0.25286388397216797,1.2020132541656494,-0.5404855608940125,0.018595319241285324,-1.2794559001922607,-0.2745683491230011,0.22243759036064148,1.3481767177581787,-0.21132293343544006,0.15184900164604187,-0.25436994433403015,-0.16091570258140564,0.0,0.0,0.09331502765417099,0.20266595482826233,-0.656391441822052,1.2178516387939453,0.3404730558395386,-0.011173401027917862,0.18391218781471252,0.08663225919008255,-0.1663312315940857,0.4545917809009552,1.2083568572998047,-0.35341712832450867,0.02042457088828087,-0.14757071435451508
3.1099743843078613,0.35509344935417175,0.6950424313545227,0.06954265385866165,0.018521122634410858,0.3613724708557129,0.9296401739120483,-0.12569677829742432,0.1953917145729065,-0.2460428774356842,1.2339067459106445,-0.5589889883995056,0.028269123286008835,-1.3199565410614014,-0.284972608089447,0.21774081885814667,1.4353299140930176,-0.2334505319595337,0.1390511691570282,-0.26804307103157043,-0.1645495891571045,0.0,0.0,0.07639168202877045,0.2108745276927948,-0.6766238808631897,1.1998810768127441,0.3445665240287781,-0.0060661230236291885,0.1861080825328827,0.06510934978723526,-0.16993771493434906,0.4762123227119446,1.179368257522583,-0.3553948402404785,0.01854443922638893,-0.1475590169429779
3.1218888759613037,0.35760432481765747,0.6831958293914795,0.07036063820123672,0.022550949826836586,0.36194905638694763,0.9292651414871216,-0.11267514526844025,0.20913174748420715,-0.23873227834701538,1.2559328079223633,-0.5744020342826843,0.033970437943935394,-1.357872486114502,-0.2906928062438965,0.2102217823266983,1.508528470993042,-0.25184816122055054,0.12816649675369263,-0.27879443764686584,-0.1677047461271286,0.0,0.0,0.052888162434101105,0.2213403284549713,-0.703052282333374,1.180301308631897,0.3518102467060089,-0.0009380702394992113,0.18689438700675964,0.04427524656057358,-0.18035289645195007,0.4970712661743164,1.1483659744262695,-0.35784316062927246,0.016702812165021896,-0.14466412365436554
3.131701946258545,0.35979217290878296,0.6725819706916809,0.06993883103132248,0.028917372226715088,0.3618524968624115,0.9291582703590393,-0.1008058562874794,0.21615245938301086,-0.23227539658546448,1.272066593170166,-0.5851812362670898,0.03805382922291756,-1.3966188430786133,-0.29244357347488403,0.20050066709518433,1.5693297386169434,-0.26365453004837036,0.11861011385917664,-0.28806790709495544,-0.1706700325012207,0.0,0.0,0.028276195749640465,0.23171919584274292,-0.7343385219573975,1.1563198566436768,0.3595922291278839,0.0030691451393067837,0.1883726418018341,0.020979810506105423,-0.19405454397201538,0.5198788642883301,1.1061211824417114,-0.35974639654159546,0.012940919026732445,-0.14246240258216858
3.1396946907043457,0.36191463470458984,0.6627259254455566,0.06872043013572693,0.03548595309257507,0.360670804977417,0.9294809103012085,-0.08720289170742035,0.21984919905662537,-0.2256973683834076,1.2852333784103394,-0.5928249359130859,0.04109419509768486,-1.4329988956451416,-0.2918705940246582,0.1896834671497345,1.6211462020874023,-0.27191880345344543,0.10973751544952393,-0.2956898510456085,-0.1714341640472412,0.0,0.0,0.005831457674503326,0.2419079840183258,-0.7643305063247681,1.1334478855133057,0.3685234785079956,0.007145451847463846,0.18999600410461426,-0.003065912052989006,-0.20667648315429688,0.5423198938369751,1.0668858289718628,-0.364120215177536,0.0115823308005929,-0.14023053646087646
3.146298885345459,0.3640282154083252,0.6534996628761292,0.06671557575464249,0.04222917556762695,0.35885313153266907,0.9300485253334045,-0.07300423085689545,0.2221815586090088,-0.2194921374320984,1.295777440071106,-0.5996793508529663,0.04287124425172806,-1.4674890041351318,-0.2904590368270874,0.17973001301288605,1.6656520366668701,-0.2782551348209381,0.10161679983139038,-0.3023304045200348,-0.17027387022972107,0.0,0.0,-0.015207523480057716,0.25089868903160095,-0.7920691967010498,1.1106122732162476,0.37725627422332764,0.01135055348277092,0.19196492433547974,-0.025542477145791054,-0.2156561315059662,0.5637158751487732,1.033339023590088,-0.37156394124031067,0.01299816370010376,-0.13986733555793762
3.1516811847686768,0.3660549819469452,0.6451898813247681,0.06379853934049606,0.04883599281311035,0.3559262454509735,0.931053876876831,-0.05841157212853432,0.22404035925865173,-0.21383781731128693,1.3038960695266724,-0.6057669520378113,0.0441046878695488,-1.4989550113677979,-0.2895263433456421,0.17062510550022125,1.7031303644180298,-0.28277015686035156,0.0941438153386116,-0.3078061640262604,-0.16685186326503754,0.0,0.0,-0.03196951001882553,0.259158194065094,-0.8157529830932617,1.0878682136535645,0.38606348633766174,0.01563611440360546,0.1937539428472519,-0.0466170459985733,-0.22048591077327728,0.5851466655731201,1.0031862258911133,-0.3826584815979004,0.015749871730804443,-0.14000791311264038
3.1560423374176025,0.3680325150489807,0.6370638012886047,0.05988755449652672,0.055567800998687744,0.3520548343658447,0.9324071407318115,-0.046800024807453156,0.22438505291938782,-0.20931783318519592,1.3129695653915405,-0.6122466921806335,0.04487273842096329,-1.530155897140503,-0.2883365750312805,0.1628250777721405,1.7362792491912842,-0.2872811257839203,0.08647478371858597,-0.31195732951164246,-0.16397994756698608,0.0,0.0,-0.047675661742687225,0.26775333285331726,-0.8394394516944885,1.0603947639465332,0.39434242248535156,0.019147654995322227,0.19657154381275177,-0.0663369745016098,-0.22377613186836243,0.6085013747215271,0.9752827882766724,-0.3957056999206543,0.01911524310708046,-0.14039577543735504
3.1596274375915527,0.37002766132354736,0.6290220618247986,0.05531109496951103,0.06211370229721069,0.347623348236084,0.933938205242157,-0.03703480586409569,0.22373025119304657,-0.20581106841564178,1.3221898078918457,-0.618187427520752,0.04490075260400772,-1.5605241060256958,-0.2873850464820862,0.1559518277645111,1.766798973083496,-0.2922343611717224,0.07893967628479004,-0.31493571400642395,-0.16199491918087006,0.0,0.0,-0.06485862284898758,0.27507928013801575,-0.8660992383956909,1.0307806730270386,0.4022853374481201,0.02224593237042427,0.19978758692741394,-0.08364854007959366,-0.2251100242137909,0.6343934535980225,0.9545307159423828,-0.4110362231731415,0.02375634014606476,-0.14062106609344482
3.1625967025756836,0.37195855379104614,0.6206968426704407,0.050663042813539505,0.06823849678039551,0.34372061491012573,0.935218095779419,-0.028488654643297195,0.2220984399318695,-0.20339369773864746,1.329759955406189,-0.6240466833114624,0.04420725256204605,-1.5916006565093994,-0.2848048508167267,0.1511743664741516,1.7944865226745605,-0.2966615557670593,0.0722867026925087,-0.3160504698753357,-0.15939918160438538,0.0,0.0,-0.08088988065719604,0.2818944752216339,-0.8909728527069092,1.0045478343963623,0.4078192710876465,0.025575438514351845,0.20346815884113312,-0.09973329305648804,-0.22456221282482147,0.6598621606826782,0.9388641119003296,-0.4272080063819885,0.028242260217666626,-0.14202547073364258
3.164914608001709,0.37374547123908997,0.6116120219230652,0.045980438590049744,0.07367563247680664,0.34014981985092163,0.9363523721694946,-0.02291863039135933,0.21989813446998596,-0.20213927328586578,1.337131142616272,-0.6302564144134521,0.04264746606349945,-1.6245474815368652,-0.2804383635520935,0.1480942815542221,1.8204898834228516,-0.2992367744445801,0.06698434799909592,-0.31546494364738464,-0.1572216898202896,0.0,0.0,-0.09683576226234436,0.28819501399993896,-0.9152934551239014,0.9774887561798096,0.41090720891952515,0.027537740767002106,0.20862120389938354,-0.11522418260574341,-0.223103329539299,0.685749351978302,0.9255439043045044,-0.44405245780944824,0.03170342743396759,-0.14456294476985931
3.166721820831299,0.37542301416397095,0.6028774976730347,0.04169696569442749,0.0781816765666008,0.3371616303920746,0.9372678399085999,-0.020054731518030167,0.2185238003730774,-0.20111849904060364,1.3439562320709229,-0.6378798484802246,0.04234137386083603,-1.6549180746078491,-0.2770235538482666,0.14606396853923798,1.8446601629257202,-0.3023160696029663,0.06364607810974121,-0.31336545944213867,-0.1546456217765808,0.0,0.0,-0.11127708852291107,0.29253220558166504,-0.9402620792388916,0.9523636698722839,0.41310620307922363,0.028727810829877853,0.21207967400550842,-0.13020047545433044,-0.22069638967514038,0.7114719152450562,0.9141837358474731,-0.4600910544395447,0.03414072468876839,-0.14658409357070923
3.16853666305542,0.37697282433509827,0.5955750346183777,0.03830152750015259,0.0822824165225029,0.3347855806350708,0.9379132390022278,-0.018030043691396713,0.2161649465560913,-0.20112262666225433,1.3469711542129517,-0.6459410190582275,0.04238782450556755,-1.680780291557312,-0.27212753891944885,0.14544695615768433,1.8647818565368652,-0.305660218000412,0.06104062870144844,-0.30887284874916077,-0.15086232125759125,0.0,0.0,-0.12230901420116425,0.2950795292854309,-0.9620108604431152,0.9322924613952637,0.41415518522262573,0.029549382627010345,0.2139052152633667,-0.1444089114665985,-0.21713319420814514,0.7339909076690674,0.9053982496261597,-0.47341057658195496,0.03528405725955963,-0.1475897580385208
3.17050838470459,0.3784175515174866,0.590272843837738,0.03505251184105873,0.0874379351735115,0.3325651288032532,0.9383636713027954,-0.021375872194767,0.21422079205513,-0.20101261138916016,1.3462722301483154,-0.6525819301605225,0.04154457151889801,-1.7042737007141113,-0.26476481556892395,0.14494064450263977,1.8779516220092773,-0.3069665729999542,0.05904806777834892,-0.30303090810775757,-0.14637789130210876,0.0,0.0,-0.12944549322128296,0.2954230308532715,-0.9781184196472168,0.9223095178604126,0.4134371280670166,0.03086061403155327,0.21557071805000305,-0.15914461016654968,-0.21358340978622437,0.7531659603118896,0.8997014760971069,-0.4840797781944275,0.03540737181901932,-0.1491900235414505
3.1732430458068848,0.3798939287662506,0.587022602558136,0.03292535990476608,0.09401891380548477,0.332143634557724,0.9379535913467407,-0.02816404029726982,0.2124945968389511,-0.2003324180841446,1.3391450643539429,-0.6553682684898376,0.039202749729156494,-1.7254433631896973,-0.25651127099990845,0.1475634127855301,1.8864878416061401,-0.30946943163871765,0.05725261569023132,-0.29943323135375977,-0.14166085422039032,0.0,0.0,-0.134971484541893,0.2909795045852661,-0.9923639893531799,0.9254504442214966,0.41214996576309204,0.033470042049884796,0.21706509590148926,-0.17441537976264954,-0.20890088379383087,0.7701163291931152,0.9015271067619324,-0.49227529764175415,0.036811478435993195,-0.15237724781036377
3.177258014678955,0.3815022110939026,0.5871918797492981,0.03266372159123421,0.10127845406532288,0.33267879486083984,0.9370169043540955,-0.03817705437541008,0.21029427647590637,-0.19843313097953796,1.3243486881256104,-0.6536281108856201,0.03772684931755066,-1.7387722730636597,-0.24959135055541992,0.15270063281059265,1.8883204460144043,-0.31510603427886963,0.0547134131193161,-0.2994317412376404,-0.13686193525791168,0.0,0.0,-0.139134019613266,0.2824290990829468,-1.004439353942871,0.9435593485832214,0.4116700291633606,0.03688964620232582,0.2171105593442917,-0.19081422686576843,-0.2035248577594757,0.7844622135162354,0.9103056192398071,-0.49692070484161377,0.03770892322063446,-0.15617550909519196
3.1824951171875,0.38314151763916016,0.5928825736045837,0.03409091755747795,0.10917733609676361,0.3336014151573181,0.9357500672340393,-0.05162085220217705,0.20893250405788422,-0.1934206187725067,1.3004004955291748,-0.6460688710212708,0.0359993577003479,-1.7388454675674438,-0.24288612604141235,0.15975730121135712,1.876732349395752,-0.32345911860466003,0.05254306644201279,-0.30262333154678345,-0.13101303577423096,0.0,0.0,-0.1431879699230194,0.2678341269493103,-1.0142897367477417,0.9791313409805298,0.41146212816238403,0.0411013588309288,0.21466675400733948,-0.20685678720474243,-0.19556260108947754,0.7950029969215393,0.9323340654373169,-0.49722427129745483,0.04006389528512955,-0.1598479300737381
3.188998222351074,0.38450098037719727,0.6047740578651428,0.037530217319726944,0.11976537853479385,0.33526936173439026,0.9337249398231506,-0.07537457346916199,0.20600642263889313,-0.18376754224300385,1.2684378623962402,-0.6353451609611511,0.03330717235803604,-1.7294178009033203,-0.23592853546142578,0.1687736213207245,1.848488450050354,-0.33244800567626953,0.05091754347085953,-0.30781519412994385,-0.1262139081954956,0.0,0.0,-0.15105684101581573,0.25125637650489807,-1.021928071975708,1.011674404144287,0.40969616174697876,0.041786253452301025,0.21477004885673523,-0.2207440286874771,-0.18962815403938293,0.8005475401878357,0.9583966732025146,-0.49518531560897827,0.042786307632923126,-0.16508936882019043
3.196054697036743,0.3853597342967987,0.6254051327705383,0.04221442714333534,0.12983213365077972,0.3394688665866852,0.9306569695472717,-0.10844831168651581,0.20425325632095337,-0.16798387467861176,1.232470989227295,-0.6156755089759827,0.03295409306883812,-1.6967235803604126,-0.23342567682266235,0.17313167452812195,1.7962639331817627,-0.3407926857471466,0.05083151161670685,-0.31181493401527405,-0.11882197111845016,0.0,0.0,-0.15653419494628906,0.23836734890937805,-1.0249385833740234,1.03998601436615,0.40649616718292236,0.03732653334736824,0.2107982337474823,-0.23114405572414398,-0.18553748726844788,0.7970403432846069,0.988892138004303,-0.48637279868125916,0.04394689202308655,-0.166364386677742
3.2033772468566895,0.3861317038536072,0.6535308957099915,0.04896098002791405,0.1402730494737625,0.3454909324645996,0.926586389541626,-0.14761200547218323,0.19619444012641907,-0.14441877603530884,1.1930081844329834,-0.5822663307189941,0.03256038576364517,-1.6444549560546875,-0.23410582542419434,0.17623311281204224,1.724945306777954,-0.3462959825992584,0.0532538965344429,-0.31837111711502075,-0.11158141493797302,0.0,0.0,-0.16255810856819153,0.22644194960594177,-1.026766061782837,1.0657010078430176,0.4043418765068054,0.03178243339061737,0.20213812589645386,-0.23514065146446228,-0.18731455504894257,0.7834131717681885,1.0271151065826416,-0.4707760810852051,0.04584323614835739,-0.16372422873973846
3.2107996940612793,0.38795849680900574,0.6858095526695251,0.05578501150012016,0.15061336755752563,0.352196604013443,0.9220418930053711,-0.1930135190486908,0.18032044172286987,-0.11126736551523209,1.1584867238998413,-0.5374780893325806,0.036119893193244934,-1.5789467096328735,-0.2362658530473709,0.1731884926557541,1.641431450843811,-0.3471929430961609,0.05691053718328476,-0.32437974214553833,-0.10616018623113632,0.0,0.0,-0.1694210171699524,0.21432629227638245,-1.0272915363311768,1.08827805519104,0.4030155539512634,0.026626449078321457,0.1923520267009735,-0.23266147077083588,-0.19077102839946747,0.7673044204711914,1.0639837980270386,-0.4516105353832245,0.0463029220700264,-0.15829822421073914
3.2174553871154785,0.39208948612213135,0.7182843685150146,0.06103721633553505,0.15841948986053467,0.3577282130718231,0.9182636737823486,-0.2545826733112335,0.15545174479484558,-0.06650952994823456,1.151408076286316,-0.4793117046356201,0.04932130128145218,-1.5009887218475342,-0.23582015931606293,0.16221778094768524,1.5586432218551636,-0.3442647457122803,0.05658992379903793,-0.3239365816116333,-0.10084941983222961,0.0,0.0,-0.17571303248405457,0.20333793759346008,-1.0255141258239746,1.0953309535980225,0.40147751569747925,0.02079591155052185,0.18245835602283478,-0.2185443639755249,-0.19582833349704742,0.7457204461097717,1.0939931869506836,-0.42963674664497375,0.043554238975048065,-0.15065695345401764
3.222529172897339,0.3983989953994751,0.7496000528335571,0.06426339596509933,0.1633405089378357,0.3590426743030548,0.9166670441627502,-0.3237859010696411,0.12584936618804932,-0.01886098086833954,1.1588834524154663,-0.42494237422943115,0.06677176058292389,-1.417819857597351,-0.23013468086719513,0.14538384974002838,1.4716510772705078,-0.33676469326019287,0.06073416769504547,-0.3152369260787964,-0.09757956117391586,0.0,0.0,-0.1770971417427063,0.19069740176200867,-1.023634672164917,1.0985989570617676,0.4046763777732849,0.0171658992767334,0.17212016880512238,-0.19722861051559448,-0.2014184296131134,0.7233041524887085,1.121297001838684,-0.4108280539512634,0.04090864211320877,-0.14291098713874817
3.2265734672546387,0.4063987731933594,0.776647686958313,0.06367926299571991,0.16497951745986938,0.3557926118373871,0.9176809191703796,-0.39805370569229126,0.10175217688083649,0.025072533637285233,1.1763945817947388,-0.3841727375984192,0.08706852793693542,-1.3375978469848633,-0.2185811847448349,0.12622031569480896,1.3888628482818604,-0.32715362310409546,0.06792572140693665,-0.2969602346420288,-0.09836816787719727,0.0,0.0,-0.17506705224514008,0.17878085374832153,-1.018247127532959,1.1044660806655884,0.4104882478713989,0.01432703249156475,0.1641794741153717,-0.17226983606815338,-0.2035941183567047,0.7088909149169922,1.14531409740448,-0.3976322412490845,0.0378539003431797,-0.1349615454673767
3.231858253479004,0.4158291220664978,0.7998229265213013,0.0620768703520298,0.16330178081989288,0.34723159670829773,0.9213626980781555,-0.4699626564979553,0.08051496744155884,0.06585948169231415,1.2010997533798218,-0.35473403334617615,0.10967370122671127,-1.260784387588501,-0.20284326374530792,0.11144612729549408,1.3116058111190796,-0.31541919708251953,0.07821722328662872,-0.27375560998916626,-0.10096600651741028,0.0,0.0,-0.16805192828178406,0.17532716691493988,-1.00742769241333,1.1010446548461914,0.4161277115345001,0.009268252179026604,0.15806032717227936,-0.142976313829422,-0.20743845403194427,0.6945312023162842,1.154564380645752,-0.3876369595527649,0.03165510296821594,-0.12671580910682678
3.240837574005127,0.4264523386955261,0.8190838694572449,0.058064769953489304,0.15816347301006317,0.33520281314849854,0.9269583821296692,-0.5465717315673828,0.06598512828350067,0.09764329344034195,1.2283639907836914,-0.3291732668876648,0.13261295855045319,-1.1843384504318237,-0.17939874529838562,0.09933116286993027,1.2435877323150635,-0.3047361671924591,0.08674779534339905,-0.23881322145462036,-0.10626956075429916,0.0,0.0,-0.15272971987724304,0.17777983844280243,-0.985098123550415,1.090857982635498,0.41640716791152954,0.0030591932591050863,0.1556713581085205,-0.11437574774026871,-0.21060693264007568,0.6838235855102539,1.1518256664276123,-0.37965551018714905,0.023906996473670006,-0.12013989686965942
3.253568172454834,0.43738216161727905,0.8345789909362793,0.05328122898936272,0.15061987936496735,0.3171733617782593,0.9348133206367493,-0.6360936164855957,0.06058398634195328,0.11598064005374908,1.2517307996749878,-0.30652064085006714,0.15056641399860382,-1.1103384494781494,-0.1502695232629776,0.09714176505804062,1.1872837543487549,-0.2975690960884094,0.0975906252861023,-0.19818836450576782,-0.1159992516040802,0.0,0.0,-0.13718901574611664,0.1816779375076294,-0.9639968872070312,1.073774814605713,0.4153091013431549,-0.00400203000754118,0.15718936920166016,-0.08300252258777618,-0.21256066858768463,0.6819403767585754,1.1412322521209717,-0.3759635090827942,0.01571395993232727,-0.11379671096801758
3.268514633178711,0.44792884588241577,0.846314013004303,0.048675935715436935,0.14246216416358948,0.2937091886997223,0.9439650774002075,-0.7358595728874207,0.06360699981451035,0.11926604807376862,1.2640531063079834,-0.28800368309020996,0.16257408261299133,-1.0443546772003174,-0.11938966810703278,0.10344146192073822,1.143002986907959,-0.2932361364364624,0.10732094943523407,-0.15476404130458832,-0.12825879454612732,0.0,0.0,-0.1185322254896164,0.18547792732715607,-0.9355108737945557,1.0649700164794922,0.4097158908843994,-0.008629048243165016,0.16239525377750397,-0.054543834179639816,-0.21375662088394165,0.6868197321891785,1.1263902187347412,-0.3732726573944092,0.007795552723109722,-0.10709248483181
3.2849068641662598,0.45890897512435913,0.854958713054657,0.04568033292889595,0.13313113152980804,0.26985907554626465,0.9525573253631592,-0.8324003219604492,0.07776419818401337,0.11060673743486404,1.248666763305664,-0.27408623695373535,0.16601160168647766,-0.9816068410873413,-0.09456747770309448,0.11500869691371918,1.1125677824020386,-0.29690805077552795,0.12061750143766403,-0.10919124633073807,-0.14100542664527893,0.0,0.0,-0.09823154658079147,0.19404929876327515,-0.9034134149551392,1.04317307472229,0.39984095096588135,-0.01720982976257801,0.1689063012599945,-0.027560971677303314,-0.21566399931907654,0.6934236288070679,1.107288122177124,-0.37091875076293945,-0.00047393934801220894,-0.09886491298675537
3.303563117980957,0.4726751744747162,0.8625292181968689,0.04406309127807617,0.1218203529715538,0.2467789202928543,0.960374116897583,-0.8895817995071411,0.09094531089067459,0.09501653909683228,1.185721755027771,-0.268528014421463,0.1670132875442505,-0.9125128984451294,-0.08247917145490646,0.12008728086948395,1.0879608392715454,-0.3103434145450592,0.13264593482017517,-0.07815948128700256,-0.15042267739772797,0.0,0.0,-0.07101745903491974,0.19998541474342346,-0.8625469207763672,1.041825294494629,0.39162677526474,-0.024852193892002106,0.1693541258573532,-0.0033191218972206116,-0.21610914170742035,0.6933372020721436,1.0968379974365234,-0.36698198318481445,-0.009199080988764763,-0.08765517175197601
3.326129674911499,0.4870157837867737,0.866799533367157,0.043374981731176376,0.10965023189783096,0.2208772450685501,0.9681470394134521,-0.9535854458808899,0.08837875723838806,0.08790215104818344,1.1184582710266113,-0.2536998689174652,0.16818241775035858,-0.841830849647522,-0.0756584107875824,0.11851527541875839,1.077761173248291,-0.3311479687690735,0.1346583217382431,-0.055532991886138916,-0.15494076907634735,0.0,0.0,-0.03183737397193909,0.20390217006206512,-0.8058434128761292,1.04777193069458,0.3793582022190094,-0.03523620218038559,0.16822755336761475,0.01659165695309639,-0.2162952423095703,0.6847251653671265,1.0870178937911987,-0.3597703278064728,-0.019460808485746384,-0.08064958453178406
3.3512983322143555,0.4996461272239685,0.8681869506835938,0.04471832513809204,0.09853174537420273,0.19143293797969818,0.975523054599762,-1.0206855535507202,0.08302141726016998,0.07546291500329971,1.054356336593628,-0.22675858438014984,0.1587134450674057,-0.7739481925964355,-0.073529452085495,0.1207038015127182,1.077526569366455,-0.3563675284385681,0.13428638875484467,-0.03503754362463951,-0.1592140793800354,0.0,0.0,0.011541642248630524,0.2052014172077179,-0.7433484792709351,1.0547853708267212,0.36609506607055664,-0.04411081597208977,0.16928014159202576,0.03339141607284546,-0.2185502052307129,0.6705291867256165,1.0817408561706543,-0.3513360917568207,-0.027143461629748344,-0.07949131727218628
3.3763937950134277,0.5104392766952515,0.8677014708518982,0.04764777794480324,0.089325450360775,0.16470739245414734,0.9811331033706665,-1.0849528312683105,0.07963530719280243,0.06060187146067619,0.9896737933158875,-0.19480344653129578,0.14438842236995697,-0.7121649384498596,-0.07694724202156067,0.12361873686313629,1.0808007717132568,-0.3804533779621124,0.13257162272930145,-0.018954716622829437,-0.1632002592086792,0.0,0.0,0.058537717908620834,0.2000170350074768,-0.6755381226539612,1.0679771900177002,0.3502664268016815,-0.05040326341986656,0.17036494612693787,0.04488600790500641,-0.2215680181980133,0.6529566645622253,1.0757427215576172,-0.34076738357543945,-0.03285323455929756,-0.08290062099695206
3.40049147605896,0.5203962922096252,0.8654924631118774,0.05132221430540085,0.08188188821077347,0.1442728340625763,0.9848079681396484,-1.147491455078125,0.07649917155504227,0.049203358590602875,0.9329356551170349,-0.163332998752594,0.13013795018196106,-0.6588104963302612,-0.08405713737010956,0.12437623739242554,1.0873055458068848,-0.4015199542045593,0.13006477057933807,-0.005222545471042395,-0.16770561039447784,0.0,0.0,0.10326382517814636,0.19064165651798248,-0.6105632781982422,1.0761089324951172,0.33414000272750854,-0.05549963563680649,0.17085929214954376,0.053631946444511414,-0.22588302195072174,0.636011004447937,1.0729295015335083,-0.33377015590667725,-0.036090362817049026,-0.08891648799180984
3.4233579635620117,0.5298556089401245,0.8616552352905273,0.05448142811655998,0.07614051550626755,0.12936343252658844,0.9871674180030823,-1.209631085395813,0.07311356067657471,0.04555279016494751,0.8896660804748535,-0.13514038920402527,0.11869000643491745,-0.6136596202850342,-0.09409580379724503,0.1200212687253952,1.0966261625289917,-0.4191484749317169,0.12650318443775177,0.008204000070691109,-0.1734888255596161,0.0,0.0,0.14220356941223145,0.17508633434772491,-0.5531446933746338,1.0880800485610962,0.31744760274887085,-0.05793842300772667,0.17159035801887512,0.059278398752212524,-0.2291686236858368,0.6232253313064575,1.0739597082138062,-0.332217812538147,-0.03677183762192726,-0.09798848628997803
3.445335865020752,0.5388592481613159,0.8569062352180481,0.056411013007164,0.07141082733869553,0.11881150305271149,0.9887375831604004,-1.2652838230133057,0.06971685588359833,0.05285637080669403,0.8604223728179932,-0.11147628724575043,0.11121191829442978,-0.5718903541564941,-0.1044834703207016,0.11075763404369354,1.1051218509674072,-0.4315274655818939,0.121722012758255,0.021868204697966576,-0.17904970049858093,0.0,0.0,0.17405685782432556,0.1599736213684082,-0.49973589181900024,1.1047930717468262,0.30070066452026367,-0.058028995990753174,0.17371156811714172,0.06483009457588196,-0.23303444683551788,0.610202431678772,1.0760200023651123,-0.3325566053390503,-0.03639153391122818,-0.10767330229282379
3.4670166969299316,0.5474624633789062,0.8510987758636475,0.05739632993936539,0.06674684584140778,0.11178606748580933,0.989825427532196,-1.309449315071106,0.06704214960336685,0.06497390568256378,0.8418872356414795,-0.092139333486557,0.10373030602931976,-0.5302376747131348,-0.11645834147930145,0.09866267442703247,1.113359808921814,-0.4403526186943054,0.11799213290214539,0.03225364908576012,-0.1825503706932068,0.0,0.0,0.20030340552330017,0.14577890932559967,-0.4535326361656189,1.1257604360580444,0.28719016909599304,-0.05715634673833847,0.17345941066741943,0.07286807894706726,-0.23655551671981812,0.5957350730895996,1.0776983499526978,-0.33394894003868103,-0.03637061268091202,-0.11535512655973434
3.489473819732666,0.5559366941452026,0.8438052535057068,0.05795791745185852,0.06220730394124985,0.10711351037025452,0.990604817867279,-1.3351047039031982,0.06630197912454605,0.07736176252365112,0.8322440385818481,-0.07471587508916855,0.0949108824133873,-0.4880521595478058,-0.1310485303401947,0.08687865734100342,1.1227095127105713,-0.44762951135635376,0.11617568135261536,0.03987456113100052,-0.18436089158058167,0.0,0.0,0.22311989963054657,0.13061010837554932,-0.415400892496109,1.152472734451294,0.27776899933815,-0.05512642115354538,0.17049285769462585,0.08268066495656967,-0.23921288549900055,0.5773413777351379,1.0828933715820312,-0.3352244794368744,-0.035790637135505676,-0.12194827944040298
3.5138132572174072,0.5648232698440552,0.8352735638618469,0.05787177383899689,0.05766810476779938,0.1008758395910263,0.9915388822555542,-1.341286063194275,0.06836879998445511,0.08720815181732178,0.8314142823219299,-0.06053323298692703,0.08487535268068314,-0.44755780696868896,-0.14806893467903137,0.07608072459697723,1.132643461227417,-0.45390236377716064,0.11570629477500916,0.0457751601934433,-0.18638494610786438,0.0,0.0,0.24172499775886536,0.11751006543636322,-0.3868679106235504,1.1798820495605469,0.2731504440307617,-0.052291035652160645,0.1658528745174408,0.09386684000492096,-0.23877811431884766,0.5591260194778442,1.0909031629562378,-0.3358080983161926,-0.034401148557662964,-0.12660056352615356
3.541347026824951,0.5748597979545593,0.8258238434791565,0.05677860602736473,0.05274501070380211,0.09115450829267502,0.992816686630249,-1.3333039283752441,0.07406949996948242,0.09243769943714142,0.838099479675293,-0.05062355846166611,0.07450807094573975,-0.4055226743221283,-0.1663525402545929,0.0673900917172432,1.1401393413543701,-0.456095814704895,0.11831630766391754,0.05321088433265686,-0.18796183168888092,0.0,0.0,0.2593415677547455,0.10715702921152115,-0.35975176095962524,1.207923412322998,0.2710413634777069,-0.04998094588518143,0.16069351136684418,0.10570217669010162,-0.23616132140159607,0.5412086844444275,1.103105068206787,-0.33685874938964844,-0.033151496201753616,-0.12924331426620483
3.5725526809692383,0.5867487788200378,0.8154279589653015,0.055302102118730545,0.04784880205988884,0.07556560635566711,0.9944556951522827,-1.3176109790802002,0.08495938777923584,0.08998680114746094,0.8550475835800171,-0.047264229506254196,0.06376678496599197,-0.3645821511745453,-0.18871033191680908,0.061657726764678955,1.145975112915039,-0.45721033215522766,0.12266963720321655,0.05968749523162842,-0.19235384464263916,0.0,0.0,0.2691492438316345,0.10588225722312927,-0.3373158276081085,1.2227146625518799,0.27077794075012207,-0.0480482392013073,0.15981024503707886,0.11992993950843811,-0.23395571112632751,0.5274778008460999,1.106256365776062,-0.33889761567115784,-0.03278057277202606,-0.13173115253448486
3.606160879135132,0.6000312566757202,0.8030139803886414,0.053145989775657654,0.04500861465930939,0.05609007552266121,0.9959937930107117,-1.3103405237197876,0.09883613884449005,0.08247016370296478,0.887046754360199,-0.05081357806921005,0.05809463560581207,-0.32824063301086426,-0.21174946427345276,0.061399299651384354,1.152931571006775,-0.4557796120643616,0.13133303821086884,0.07109948247671127,-0.19799406826496124,0.0,0.0,0.27628588676452637,0.10736636817455292,-0.32543057203292847,1.2268924713134766,0.27457135915756226,-0.04794339835643768,0.15911982953548431,0.1310434192419052,-0.23199871182441711,0.525714635848999,1.1015305519104004,-0.3438195288181305,-0.03428437188267708,-0.13081753253936768
3.640528440475464,0.6141425967216492,0.7892723679542542,0.05150362104177475,0.04636811092495918,0.03635530546307564,0.996933102607727,-1.3206725120544434,0.11495332419872284,0.06718318909406662,0.9354062080383301,-0.05704324692487717,0.05395019054412842,-0.3023943305015564,-0.2305004894733429,0.06992784142494202,1.1621217727661133,-0.451043963432312,0.14235800504684448,0.08068786561489105,-0.2081531286239624,0.0,0.0,0.267930269241333,0.11576622724533081,-0.32526591420173645,1.221901535987854,0.27985963225364685,-0.046208709478378296,0.16516733169555664,0.14272843301296234,-0.23255547881126404,0.529037594795227,1.099234700202942,-0.3490077257156372,-0.03379612788558006,-0.13097752630710602
3.67409086227417,0.6284102201461792,0.774666965007782,0.05116381496191025,0.05125745013356209,0.01860535331070423,0.9972004294395447,-1.350454568862915,0.1285887211561203,0.05135433003306389,1.0005511045455933,-0.06814445555210114,0.05486150085926056,-0.28859490156173706,-0.2465532124042511,0.08590016514062881,1.1756523847579956,-0.4471045732498169,0.15585079789161682,0.09380669891834259,-0.21835198998451233,0.0,0.0,0.25028300285339355,0.12690623104572296,-0.34288814663887024,1.2087140083312988,0.28748390078544617,-0.04504679888486862,0.17279867827892303,0.14824658632278442,-0.23242709040641785,0.5416377782821655,1.096000075340271,-0.3548513650894165,-0.03335371986031532,-0.1315072774887085
3.705655097961426,0.6419816613197327,0.7595545053482056,0.052317772060632706,0.05862806737422943,0.004812262021005154,0.9968963861465454,-1.3938443660736084,0.13820382952690125,0.04016243666410446,1.0717973709106445,-0.07955463230609894,0.0579221136868,-0.2837463319301605,-0.2601930499076843,0.10480860620737076,1.1935045719146729,-0.4446771740913391,0.17081564664840698,0.10727030038833618,-0.22585684061050415,0.0,0.0,0.22694385051727295,0.13653934001922607,-0.37280479073524475,1.1905059814453125,0.29857736825942993,-0.044362783432006836,0.17996233701705933,0.1480778306722641,-0.23226891458034515,0.5554825663566589,1.0947240591049194,-0.3594878911972046,-0.03333243727684021,-0.13248750567436218
3.735945463180542,0.6545671820640564,0.7453131079673767,0.05465330183506012,0.06747135519981384,-0.0059780762530863285,0.99620521068573,-1.4434036016464233,0.14182643592357635,0.0328638069331646,1.1429150104522705,-0.09090583771467209,0.0602855384349823,-0.2824225127696991,-0.27107930183410645,0.12170405685901642,1.2102562189102173,-0.4466450810432434,0.1838926374912262,0.12000521272420883,-0.22932782769203186,0.0,0.0,0.2045348435640335,0.1445789784193039,-0.40550851821899414,1.1713212728500366,0.31104129552841187,-0.04371664673089981,0.1849413961172104,0.14166630804538727,-0.23351992666721344,0.566914975643158,1.0981718301773071,-0.3602491021156311,-0.03327426314353943,-0.13316035270690918
3.7651212215423584,0.6658456921577454,0.7311408519744873,0.05792342498898506,0.07813303917646408,-0.014216834679245949,0.9951572418212891,-1.4984467029571533,0.13898414373397827,0.029762689024209976,1.2123565673828125,-0.10065023601055145,0.06086096167564392,-0.28535473346710205,-0.28149354457855225,0.13505028188228607,1.2277578115463257,-0.45285069942474365,0.19694101810455322,0.13152392208576202,-0.2309817671775818,0.0,0.0,0.1826332062482834,0.15327835083007812,-0.4429211914539337,1.1496409177780151,0.3236205279827118,-0.04420103505253792,0.1884276568889618,0.12905539572238922,-0.23757362365722656,0.580284595489502,1.0960466861724854,-0.356064110994339,-0.035441700369119644,-0.13427099585533142
3.792545795440674,0.6756091713905334,0.7179201245307922,0.062032442539930344,0.08974401652812958,-0.021029334515333176,0.9938087463378906,-1.553573727607727,0.12975403666496277,0.031140826642513275,1.276525855064392,-0.10958632826805115,0.059900667518377304,-0.29191526770591736,-0.2922605276107788,0.14685393869876862,1.243973731994629,-0.46143639087677,0.21251103281974792,0.1435498297214508,-0.23159421980381012,0.0,0.0,0.16038848459720612,0.1637030839920044,-0.4874696135520935,1.1229112148284912,0.3374313712120056,-0.0474751777946949,0.1906980574131012,0.11146819591522217,-0.2426999807357788,0.5987126231193542,1.087956190109253,-0.35002589225769043,-0.03985448181629181,-0.13556212186813354
3.8173255920410156,0.683802604675293,0.7059357762336731,0.06592108309268951,0.10045822709798813,-0.026413310319185257,0.9924036264419556,-1.6028854846954346,0.11695746332406998,0.03420068696141243,1.3322498798370361,-0.1167995035648346,0.056906528770923615,-0.2982960641384125,-0.30239278078079224,0.15620121359825134,1.2579622268676758,-0.47059011459350586,0.22524502873420715,0.1567625105381012,-0.231653094291687,0.0,0.0,0.13861244916915894,0.17302316427230835,-0.5314850807189941,1.0977009534835815,0.349073588848114,-0.05147126689553261,0.19345980882644653,0.08792389184236526,-0.2455900013446808,0.617525041103363,1.0808557271957397,-0.34160566329956055,-0.043977491557598114,-0.14117345213890076
3.8390631675720215,0.690316379070282,0.6948103904724121,0.06952179223299026,0.10995844006538391,-0.0313582681119442,0.9910058379173279,-1.6469433307647705,0.10271686315536499,0.037092458456754684,1.380636215209961,-0.12331944704055786,0.053105756640434265,-0.30105865001678467,-0.311337411403656,0.16397114098072052,1.2683264017105103,-0.47907954454421997,0.23627826571464539,0.16995134949684143,-0.22919157147407532,0.0,0.0,0.11834627389907837,0.18300890922546387,-0.5715317130088806,1.06846284866333,0.3602212965488434,-0.0565166249871254,0.1959075778722763,0.0632597804069519,-0.25099897384643555,0.6348180770874023,1.0708340406417847,-0.3329342305660248,-0.04849843680858612,-0.1471036672592163
3.8577964305877686,0.6950709819793701,0.6837530732154846,0.07321390509605408,0.11787980049848557,-0.03727429732680321,0.9896235466003418,-1.6876190900802612,0.08846062421798706,0.03782668709754944,1.4217522144317627,-0.1281794160604477,0.048130109906196594,-0.29893848299980164,-0.3197072744369507,0.17095306515693665,1.2764878273010254,-0.4850722849369049,0.24637991189956665,0.1821160912513733,-0.22367003560066223,0.0,0.0,0.10132316499948502,0.19539214670658112,-0.6046416759490967,1.0367752313613892,0.36993056535720825,-0.061895810067653656,0.19797945022583008,0.03933151438832283,-0.2582184672355652,0.649532675743103,1.0582200288772583,-0.32445478439331055,-0.052402593195438385,-0.1531582623720169
3.873753070831299,0.6981765031814575,0.6721277832984924,0.07672449201345444,0.1237894743680954,-0.043885406106710434,0.9883641004562378,-1.7262134552001953,0.07428546994924545,0.034287989139556885,1.4586176872253418,-0.13122357428073883,0.04171473905444145,-0.292386531829834,-0.32669198513031006,0.17752337455749512,1.285439133644104,-0.4880172312259674,0.25505292415618896,0.193366140127182,-0.21517418324947357,0.0,0.0,0.08806149661540985,0.20766806602478027,-0.6293982267379761,1.0023469924926758,0.378154993057251,-0.06682579964399338,0.2007339894771576,0.018225520849227905,-0.26765257120132446,0.6626413464546204,1.041031837463379,-0.31704485416412354,-0.056119807064533234,-0.158359095454216
3.887085199356079,0.6999573111534119,0.6600136756896973,0.08038198202848434,0.12820738554000854,-0.05064777657389641,0.9871861338615417,-1.7608230113983154,0.059352219104766846,0.02655220404267311,1.4918081760406494,-0.13402613997459412,0.03415185958147049,-0.28329217433929443,-0.3340093791484833,0.1834791600704193,1.2956409454345703,-0.4892163872718811,0.2626849114894867,0.20328909158706665,-0.20490023493766785,0.0,0.0,0.07840126752853394,0.21934354305267334,-0.6487420797348022,0.9611109495162964,0.3852687478065491,-0.07165121287107468,0.2029878795146942,0.0010709203779697418,-0.27806326746940613,0.675693154335022,1.0151240825653076,-0.3107694685459137,-0.06007051467895508,-0.16099674999713898
3.897908926010132,0.7007050514221191,0.6476410031318665,0.08418384939432144,0.13101831078529358,-0.056815166026353836,0.9861639738082886,-1.7922422885894775,0.04276842623949051,0.016700642183423042,1.5217792987823486,-0.13507604598999023,0.024258773773908615,-0.27334657311439514,-0.34204044938087463,0.19107604026794434,1.3081855773925781,-0.4907398521900177,0.2697266936302185,0.2119520902633667,-0.19352473318576813,0.0,0.0,0.074133962392807,0.2271660566329956,-0.666599452495575,0.9198501706123352,0.39182162284851074,-0.07533770799636841,0.20219381153583527,-0.014688716270029545,-0.28610485792160034,0.6898730993270874,0.9896724820137024,-0.3049249053001404,-0.062186941504478455,-0.16062790155410767
3.9064781665802,0.7006672024726868,0.6356685161590576,0.0877656489610672,0.13280750811100006,-0.06204088777303696,0.9852970838546753,-1.821049451828003,0.025752704590559006,0.006298985332250595,1.5497770309448242,-0.13517004251480103,0.013524056412279606,-0.26290440559387207,-0.3515658378601074,0.1989295780658722,1.3203251361846924,-0.4937893748283386,0.27451664209365845,0.21911850571632385,-0.1826326698064804,0.0,0.0,0.07184754312038422,0.23200087249279022,-0.6812777519226074,0.8806287050247192,0.39660245180130005,-0.07808814942836761,0.20117034018039703,-0.02800222858786583,-0.29210084676742554,0.7040089964866638,0.9680179357528687,-0.2995341122150421,-0.06280010938644409,-0.15785345435142517
3.912947654724121,0.7000507116317749,0.6249512434005737,0.09080738574266434,0.1337851881980896,-0.06715428829193115,0.9845536351203918,-1.8462210893630981,0.009134508669376373,-0.006164659280329943,1.5730557441711426,-0.1342867612838745,0.0014580190181732178,-0.2546587884426117,-0.3621898889541626,0.20527248084545135,1.332159161567688,-0.49744880199432373,0.27732670307159424,0.2243535816669464,-0.17100420594215393,0.0,0.0,0.07191306352615356,0.2345842868089676,-0.6905286312103271,0.8502559661865234,0.39936017990112305,-0.07935349643230438,0.20065507292747498,-0.038375623524188995,-0.29762184619903564,0.7153792381286621,0.9511555433273315,-0.29402366280555725,-0.06318581849336624,-0.15471209585666656
3.917447328567505,0.6989173889160156,0.616375207901001,0.09362266212701797,0.13457778096199036,-0.07112456113100052,0.9839029312133789,-1.8674864768981934,-0.0035598543472588062,-0.017722394317388535,1.590374231338501,-0.133029043674469,-0.01053055003285408,-0.24951019883155823,-0.37310469150543213,0.21123476326465607,1.3420298099517822,-0.501497745513916,0.2791343331336975,0.22614765167236328,-0.1609128713607788,0.0,0.0,0.07077470421791077,0.236285001039505,-0.6981586217880249,0.8279634714126587,0.40118974447250366,-0.07997246831655502,0.20119068026542664,-0.04576209932565689,-0.30265578627586365,0.7244238257408142,0.9416981935501099,-0.2892935276031494,-0.0627724677324295,-0.15290381014347076
3.9201831817626953,0.6974484324455261,0.6102882027626038,0.09572000801563263,0.1354060173034668,-0.07395065575838089,0.9833790063858032,-1.8850114345550537,-0.010733435861766338,-0.027500085532665253,1.6019401550292969,-0.13203860819339752,-0.021164072677493095,-0.24681587517261505,-0.383202463388443,0.21619072556495667,1.3481369018554688,-0.5053755044937134,0.2791082262992859,0.22475042939186096,-0.1531023383140564,0.0,0.0,0.06744074821472168,0.23630297183990479,-0.7059831619262695,0.8123385906219482,0.4014609754085541,-0.08020395040512085,0.20288585126399994,-0.05092953145503998,-0.30609601736068726,0.7330849170684814,0.9370100498199463,-0.2853284478187561,-0.06224283203482628,-0.15186671912670135
3.9216694831848145,0.6958320736885071,0.6074785590171814,0.09698521345853806,0.13668188452720642,-0.07718928903341293,0.9828294515609741,-1.8987817764282227,-0.013973191380500793,-0.03562511131167412,1.6056569814682007,-0.13137614727020264,-0.03019009903073311,-0.2484479546546936,-0.39274609088897705,0.21927812695503235,1.34888756275177,-0.5086989998817444,0.2780061960220337,0.22124364972114563,-0.14817315340042114,0.0,0.0,0.06214082986116409,0.2355356514453888,-0.7152669429779053,0.7994112968444824,0.40161824226379395,-0.08041730523109436,0.20542359352111816,-0.055586352944374084,-0.3086503744125366,0.7421475648880005,0.9326518774032593,-0.2827223241329193,-0.0623508095741272,-0.15155090391635895
3.922649383544922,0.6944488883018494,0.6076819896697998,0.09729810804128647,0.13849705457687378,-0.08148106932640076,0.9821978211402893,-1.9102096557617188,-0.01502283476293087,-0.04269806295633316,1.6045827865600586,-0.1302129626274109,-0.037536658346652985,-0.25421735644340515,-0.3997134864330292,0.2216700315475464,1.3448587656021118,-0.509602427482605,0.27643293142318726,0.21523168683052063,-0.14509399235248566,0.0,0.0,0.054552823305130005,0.23405520617961884,-0.7239983081817627,0.7947609424591064,0.4006286859512329,-0.07892352342605591,0.20933642983436584,-0.05930422991514206,-0.3113842010498047,0.7485322952270508,0.9337124228477478,-0.27956846356391907,-0.061309244483709335,-0.15314796566963196
3.923768997192383,0.693572461605072,0.6121667623519897,0.09695909917354584,0.14108417928218842,-0.0874435156583786,0.9813500046730042,-1.9164824485778809,-0.01348769199103117,-0.04813035577535629,1.596421718597412,-0.13003243505954742,-0.0428127683699131,-0.26441213488578796,-0.40514445304870605,0.22312283515930176,1.3322999477386475,-0.5067114233970642,0.27436548471450806,0.2072913646697998,-0.14471787214279175,0.0,0.0,0.04464133828878403,0.2307673990726471,-0.7361290454864502,0.8004217147827148,0.39865344762802124,-0.07575619965791702,0.2124544084072113,-0.06399287283420563,-0.31161078810691833,0.7544342279434204,0.9381208419799805,-0.2756059765815735,-0.05974835902452469,-0.155349463224411
3.9256479740142822,0.6936587691307068,0.6206110715866089,0.09649762511253357,0.144063338637352,-0.0954873189330101,0.9802123308181763,-1.910895824432373,-0.005922066979110241,-0.04946387931704521,1.5772359371185303,-0.13093480467796326,-0.04540650546550751,-0.27654361724853516,-0.41060781478881836,0.22463461756706238,1.3096781969070435,-0.4973801374435425,0.2736258804798126,0.19953835010528564,-0.14432485401630402,0.0,0.0,0.03393576666712761,0.2259209156036377,-0.7508734464645386,0.8116196393966675,0.3948781490325928,-0.07403746992349625,0.21313230693340302,-0.0685417652130127,-0.3124518394470215,0.7586570978164673,0.9398495554924011,-0.27026063203811646,-0.05955570936203003,-0.15558600425720215
3.9288132190704346,0.694919764995575,0.6309558153152466,0.09494597464799881,0.149867445230484,-0.104831762611866,0.9785373210906982,-1.8959932327270508,0.005811236798763275,-0.050369031727313995,1.5458029508590698,-0.1309439092874527,-0.047160569578409195,-0.2952834665775299,-0.412600040435791,0.22401273250579834,1.2823126316070557,-0.4823252558708191,0.27305978536605835,0.18988129496574402,-0.14603334665298462,0.0,0.0,0.02174878492951393,0.21972063183784485,-0.7679941058158875,0.8314587473869324,0.39038294553756714,-0.071395143866539,0.21295109391212463,-0.07471263408660889,-0.3099883794784546,0.7626846432685852,0.9450384378433228,-0.2655106782913208,-0.058864858001470566,-0.15531489253044128
3.9338059425354004,0.6974285244941711,0.6436272263526917,0.09177962690591812,0.158020481467247,-0.11578461527824402,0.9763196110725403,-1.8713791370391846,0.02012735605239868,-0.05248335003852844,1.5067946910858154,-0.13013200461864471,-0.04558958858251572,-0.32049405574798584,-0.40985482931137085,0.2208556979894638,1.2499072551727295,-0.46139830350875854,0.2720280885696411,0.18126322329044342,-0.15046805143356323,0.0,0.0,0.007793795317411423,0.2125367820262909,-0.7839120626449585,0.8610647916793823,0.3841869831085205,-0.06667060405015945,0.21337109804153442,-0.08367450535297394,-0.30403241515159607,0.766161322593689,0.9589390158653259,-0.26137208938598633,-0.056321434676647186,-0.15589994192123413
3.941199779510498,0.7012996673583984,0.6594484448432922,0.08717456459999084,0.16824175417423248,-0.12928615510463715,0.9733346700668335,-1.8307950496673584,0.039650823920965195,-0.056857556104660034,1.4581447839736938,-0.13088320195674896,-0.04240712523460388,-0.3559785783290863,-0.4018644094467163,0.21430659294128418,1.214785099029541,-0.4270869493484497,0.27439308166503906,0.17190520465373993,-0.15593546628952026,0.0,0.0,-0.007069997023791075,0.2044377475976944,-0.7961553931236267,0.8960118293762207,0.3751101493835449,-0.06125589832663536,0.21519677340984344,-0.0936112254858017,-0.29447171092033386,0.7710390090942383,0.9747441411018372,-0.260518342256546,-0.05421209707856178,-0.15645727515220642
3.9503021240234375,0.7060397863388062,0.6778363585472107,0.08084108680486679,0.17911739647388458,-0.14564335346221924,0.9696235060691833,-1.7735732793807983,0.06342184543609619,-0.06442834436893463,1.3947747945785522,-0.13253483176231384,-0.04092088341712952,-0.39820095896720886,-0.38841336965560913,0.20079973340034485,1.1783428192138672,-0.38738110661506653,0.2713729739189148,0.16596433520317078,-0.16353414952754974,0.0,0.0,-0.021993380039930344,0.1947161704301834,-0.8064319491386414,0.9375066161155701,0.36415189504623413,-0.055228736251592636,0.21832308173179626,-0.10821718722581863,-0.2811862528324127,0.7810957431793213,0.9956558346748352,-0.2630002498626709,-0.05136261135339737,-0.15788713097572327
3.9599456787109375,0.7103548049926758,0.6979362368583679,0.07567247003316879,0.18905161321163177,-0.16279953718185425,0.9654167294502258,-1.7042491436004639,0.08567899465560913,-0.07093356549739838,1.322870135307312,-0.13520517945289612,-0.03835698589682579,-0.44886431097984314,-0.3732750415802002,0.18160590529441833,1.149733543395996,-0.3437725305557251,0.26752835512161255,0.16125355660915375,-0.16878683865070343,0.0,0.0,-0.03313424438238144,0.18816997110843658,-0.8071129322052002,0.9748111963272095,0.3535255789756775,-0.049451783299446106,0.22177641093730927,-0.1215425431728363,-0.2663959860801697,0.7873313426971436,1.0160953998565674,-0.2690621316432953,-0.04866723716259003,-0.15851224958896637
3.970604419708252,0.7134978175163269,0.7176695466041565,0.07121612131595612,0.19781634211540222,-0.17838232219219208,0.9612370729446411,-1.6319715976715088,0.10264194011688232,-0.07461147755384445,1.251362919807434,-0.14101557433605194,-0.029721364378929138,-0.5039355754852295,-0.3536619544029236,0.15607373416423798,1.1327787637710571,-0.3018462359905243,0.26038259267807007,0.15867148339748383,-0.17535711824893951,0.0,0.0,-0.04049157351255417,0.18479427695274353,-0.802192211151123,1.007868766784668,0.3441155254840851,-0.0442846417427063,0.22470039129257202,-0.13533946871757507,-0.2534002661705017,0.7914543151855469,1.039520263671875,-0.27673542499542236,-0.04548775777220726,-0.1593773066997528
3.983124256134033,0.7157264947891235,0.7370332479476929,0.06858444213867188,0.20199131965637207,-0.19115237891674042,0.958100438117981,-1.5496344566345215,0.10960228741168976,-0.07227223366498947,1.1815718412399292,-0.15345191955566406,-0.015487689524888992,-0.557302713394165,-0.3319447934627533,0.1249542385339737,1.1295429468154907,-0.26550567150115967,0.24982315301895142,0.15027989447116852,-0.17932330071926117,0.0,0.0,-0.041412025690078735,0.187872052192688,-0.7860108017921448,1.0345497131347656,0.33708903193473816,-0.040166229009628296,0.22648316621780396,-0.14196263253688812,-0.24583429098129272,0.7907228469848633,1.053647518157959,-0.28665512800216675,-0.045148156583309174,-0.1573365330696106
3.99821138381958,0.7177345752716064,0.7589999437332153,0.06741712987422943,0.20279762148857117,-0.19869013130664825,0.9564780592918396,-1.463645577430725,0.10314211249351501,-0.06521344929933548,1.1149846315383911,-0.16949287056922913,0.004006623290479183,-0.615839958190918,-0.30431079864501953,0.08968555927276611,1.1395981311798096,-0.23569804430007935,0.23509737849235535,0.1361890286207199,-0.1841678023338318,0.0,0.0,-0.03882195055484772,0.19414830207824707,-0.7586726546287537,1.0505656003952026,0.3269631266593933,-0.03774096816778183,0.23111344873905182,-0.1408296525478363,-0.24397142231464386,0.7790141701698303,1.0595953464508057,-0.29168039560317993,-0.04687149077653885,-0.1602427065372467
4.016025066375732,0.7195892333984375,0.7844151854515076,0.06740348041057587,0.20083273947238922,-0.19868214428424835,0.9568951725959778,-1.3825334310531616,0.08119496703147888,-0.059178560972213745,1.0595792531967163,-0.1865452527999878,0.027012402191758156,-0.687374472618103,-0.2761717438697815,0.062464211136102676,1.1635050773620605,-0.21348898112773895,0.22003838419914246,0.1135721355676651,-0.19446559250354767,0.0,0.0,-0.038394056260585785,0.20095759630203247,-0.7395821213722229,1.0583000183105469,0.31834134459495544,-0.035678762942552567,0.2358282208442688,-0.1411581039428711,-0.24309700727462769,0.7745044231414795,1.0565671920776367,-0.29441073536872864,-0.04975910484790802,-0.16383150219917297
4.03516960144043,0.721138596534729,0.8041026592254639,0.06750138103961945,0.19566506147384644,-0.19165067374706268,0.9593898057937622,-1.3089996576309204,0.048732466995716095,-0.05851485952734947,1.015199899673462,-0.20460325479507446,0.04767605662345886,-0.7600507736206055,-0.25516900420188904,0.048078104853630066,1.192734718322754,-0.20084159076213837,0.21077211201190948,0.08497583866119385,-0.2032775729894638,0.0,0.0,-0.036844056099653244,0.2110672891139984,-0.7224613428115845,1.0593628883361816,0.312571257352829,-0.036013633012771606,0.23785129189491272,-0.13929623365402222,-0.2430907040834427,0.7716968059539795,1.0453416109085083,-0.29803723096847534,-0.05467342957854271,-0.16429054737091064
4.054263591766357,0.722129225730896,0.8198927044868469,0.0676366463303566,0.18657822906970978,-0.18043668568134308,0.9633568525314331,-1.2376006841659546,0.01075688749551773,-0.05710844695568085,0.9799062013626099,-0.222872793674469,0.06716028600931168,-0.814534068107605,-0.23892010748386383,0.042089834809303284,1.2097744941711426,-0.19754061102867126,0.20455941557884216,0.059239331632852554,-0.2104484587907791,0.0,0.0,-0.03370290249586105,0.21643105149269104,-0.7090821266174316,1.064314842224121,0.30864131450653076,-0.03711416944861412,0.23287498950958252,-0.13573628664016724,-0.241335928440094,0.7633302211761475,1.0484038591384888,-0.29736366868019104,-0.05740389972925186,-0.16244259476661682
4.073424816131592,0.7232934236526489,0.8328924179077148,0.06643641740083694,0.1775447130203247,-0.15456996858119965,0.9696247577667236,-1.1712993383407593,-0.038938138633966446,-0.0638842061161995,0.9492019414901733,-0.24130307137966156,0.08634777367115021,-0.8828810453414917,-0.21554447710514069,0.05501747131347656,1.2199598550796509,-0.19555988907814026,0.20397287607192993,0.030305542051792145,-0.2167605310678482,0.0,0.0,-0.03898286074399948,0.2165279984474182,-0.7137820720672607,1.054496169090271,0.3064460754394531,-0.04095163941383362,0.22682812809944153,-0.12263347208499908,-0.24390196800231934,0.748920738697052,1.0483977794647217,-0.2924797832965851,-0.06183960661292076,-0.16085757315158844
4.092372417449951,0.7247393131256104,0.8422443866729736,0.06340085715055466,0.16904039680957794,-0.11236981302499771,0.9771277904510498,-1.1119065284729004,-0.09836676716804504,-0.08121276646852493,0.9321569204330444,-0.2685079574584961,0.10623377561569214,-0.9584230780601501,-0.18292540311813354,0.09061482548713684,1.2205941677093506,-0.1954450011253357,0.2092723697423935,-0.001077510416507721,-0.22268372774124146,0.0,0.0,-0.0501670278608799,0.21239885687828064,-0.7336503267288208,1.0440943241119385,0.30611371994018555,-0.0444800890982151,0.21882392466068268,-0.1068892702460289,-0.24860084056854248,0.7307655811309814,1.0473291873931885,-0.28305426239967346,-0.06547186523675919,-0.1596881002187729
4.110938549041748,0.7261808514595032,0.8483274579048157,0.05878369137644768,0.15760110318660736,-0.060991570353507996,0.9838629961013794,-1.0502442121505737,-0.15740831196308136,-0.10147694498300552,0.9330352544784546,-0.308673620223999,0.12475872784852982,-1.0202792882919312,-0.15133409202098846,0.13534808158874512,1.2116116285324097,-0.19447845220565796,0.2180500328540802,-0.036937981843948364,-0.22356319427490234,0.0,0.0,-0.06194617599248886,0.2061695009469986,-0.7571830749511719,1.0399916172027588,0.31079375743865967,-0.04734943062067032,0.20827233791351318,-0.08563494682312012,-0.254613995552063,0.7049043774604797,1.0444148778915405,-0.27556002140045166,-0.06946774572134018,-0.1573021113872528
4.129213333129883,0.7280389666557312,0.8526822924613953,0.05230611935257912,0.14282698929309845,-0.00625061709433794,0.9883447885513306,-0.9805454611778259,-0.20849397778511047,-0.12908118963241577,0.9441083669662476,-0.3554491400718689,0.1353267878293991,-1.0654466152191162,-0.12326865643262863,0.18097420036792755,1.190293788909912,-0.18925830721855164,0.22960254549980164,-0.07329105585813522,-0.21553364396095276,0.0,0.0,-0.06573175638914108,0.19828666746616364,-0.7709357738494873,1.0486868619918823,0.3185749650001526,-0.05030291900038719,0.19613027572631836,-0.05734926462173462,-0.26171934604644775,0.6663587689399719,1.0432733297348022,-0.2699145972728729,-0.07378517091274261,-0.1552291363477707
4.147604465484619,0.7307488322257996,0.856089174747467,0.044578805565834045,0.12818758189678192,0.04685552790760994,0.9896389842033386,-0.9074873924255371,-0.24706560373306274,-0.16400478780269623,0.9590715169906616,-0.4042654037475586,0.13486731052398682,-1.1056396961212158,-0.10108368843793869,0.2198796570301056,1.1414167881011963,-0.1766369789838791,0.24159735441207886,-0.10385379940271378,-0.20249976217746735,0.0,0.0,-0.05871201679110527,0.1944299340248108,-0.7707152366638184,1.0684270858764648,0.3276905417442322,-0.05398130416870117,0.18526628613471985,-0.027771931141614914,-0.2676762640476227,0.6255428791046143,1.0338466167449951,-0.26626747846603394,-0.0787251889705658,-0.1530546098947525
4.166722774505615,0.734401285648346,0.8588443398475647,0.03701182082295418,0.11476340889930725,0.09254617989063263,0.9883798360824585,-0.8341354727745056,-0.2691843509674072,-0.19644036889076233,0.9732716679573059,-0.45231008529663086,0.126131072640419,-1.1460850238800049,-0.08838808536529541,0.24665895104408264,1.066449522972107,-0.15392911434173584,0.2526954710483551,-0.12597280740737915,-0.19066397845745087,0.0,0.0,-0.044690653681755066,0.1935650110244751,-0.7609235048294067,1.0944205522537231,0.3351680338382721,-0.05937935411930084,0.1775585561990738,-0.0013021845370531082,-0.2675914764404297,0.5852234959602356,1.0265161991119385,-0.2647562325000763,-0.0816505178809166,-0.1524416208267212
4.186638355255127,0.7389868497848511,0.8605857491493225,0.029232798144221306,0.10287406295537949,0.1292942613363266,0.9858221411705017,-0.7648902535438538,-0.27435123920440674,-0.22344550490379333,0.987532377243042,-0.4980244040489197,0.1128259003162384,-1.1840651035308838,-0.08024957031011581,0.26297828555107117,0.9844061136245728,-0.12372047454118729,0.2600025534629822,-0.13765905797481537,-0.1825120747089386,0.0,0.0,-0.03021126240491867,0.19775035977363586,-0.7471750378608704,1.1138734817504883,0.33947545289993286,-0.06587926298379898,0.1745421588420868,0.02430601976811886,-0.26464858651161194,0.5483328104019165,1.0176914930343628,-0.2663586437702179,-0.08317191153764725,-0.1525842547416687
4.207057952880859,0.7444207668304443,0.861799418926239,0.021859964355826378,0.0909942239522934,0.1574847251176834,0.9830772280693054,-0.6949624419212341,-0.26375919580459595,-0.2460411787033081,0.9986457824707031,-0.5372894406318665,0.09575819969177246,-1.2122138738632202,-0.07548773288726807,0.27284789085388184,0.9082587957382202,-0.09151985496282578,0.26378944516181946,-0.13925988972187042,-0.17779192328453064,0.0,0.0,-0.017155220732092857,0.2043178677558899,-0.7341777682304382,1.125019907951355,0.3397316634654999,-0.07275693863630295,0.1750698834657669,0.04880272597074509,-0.25844889879226685,0.5146554112434387,1.013709545135498,-0.27137860655784607,-0.08235172927379608,-0.15402752161026
4.227383136749268,0.7502336502075195,0.8613231778144836,0.016012219712138176,0.08011934161186218,0.17905718088150024,0.9804401993751526,-0.6311568021774292,-0.24115438759326935,-0.261512815952301,1.0098344087600708,-0.5689443349838257,0.0776858851313591,-1.2353880405426025,-0.07386456429958344,0.2787930369377136,0.8498342037200928,-0.06318247318267822,0.2641182541847229,-0.13589495420455933,-0.1764644831418991,0.0,0.0,-0.007145958486944437,0.21261321008205414,-0.723762571811676,1.1261714696884155,0.337502121925354,-0.07807865738868713,0.17889969050884247,0.07278783619403839,-0.25106948614120483,0.4879821240901947,1.0149180889129639,-0.28037959337234497,-0.07945205271244049,-0.15544292330741882
4.247778415679932,0.7558954954147339,0.8598160147666931,0.012730182148516178,0.07049694657325745,0.19705992937088013,0.9777706265449524,-0.5691970586776733,-0.20754070580005646,-0.27252304553985596,1.0153188705444336,-0.5888829231262207,0.05711781978607178,-1.2500834465026855,-0.08072982728481293,0.28347378969192505,0.8058174252510071,-0.03713395446538925,0.26268577575683594,-0.13317544758319855,-0.17708386480808258,0.0,0.0,0.00245615653693676,0.22135940194129944,-0.7158285975456238,1.1261849403381348,0.33330440521240234,-0.08095932751893997,0.18399624526500702,0.09266956895589828,-0.24318772554397583,0.4680076241493225,1.0258829593658447,-0.29229575395584106,-0.07274623960256577,-0.15850770473480225
4.268701553344727,0.7607670426368713,0.8551947474479675,0.01212539803236723,0.06153835728764534,0.21281999349594116,0.9750761985778809,-0.509128212928772,-0.16514897346496582,-0.2827385663986206,1.0223191976547241,-0.5998362302780151,0.036694228649139404,-1.257580280303955,-0.09573651850223541,0.290225088596344,0.7864671945571899,-0.018749985843896866,0.26057377457618713,-0.13284167647361755,-0.17710848152637482,0.0,0.0,0.011817405931651592,0.22809070348739624,-0.7104592323303223,1.1232212781906128,0.3291347324848175,-0.08113217353820801,0.18982917070388794,0.11146768927574158,-0.23536880314350128,0.45207929611206055,1.0378572940826416,-0.3058314025402069,-0.06355910003185272,-0.16227318346500397
4.290738105773926,0.7643542289733887,0.8466871380805969,0.013156378641724586,0.05416945368051529,0.22618725895881653,0.9724874496459961,-0.45366108417510986,-0.11739543080329895,-0.29698798060417175,1.0315897464752197,-0.600705623626709,0.016693908721208572,-1.260202407836914,-0.11272312700748444,0.2978612184524536,0.7909585237503052,-0.010328349657356739,0.2574369013309479,-0.13383042812347412,-0.17729449272155762,0.0,0.0,0.023091096431016922,0.2313128262758255,-0.7074844837188721,1.126316785812378,0.324797123670578,-0.07844961434602737,0.1950809806585312,0.12412678450345993,-0.22563514113426208,0.4434834122657776,1.0577541589736938,-0.318398118019104,-0.05162135511636734,-0.16522879898548126
4.315011024475098,0.7666192054748535,0.8336260914802551,0.015738846734166145,0.04933381453156471,0.23807589709758759,0.969865083694458,-0.4012337625026703,-0.06812042742967606,-0.31082653999328613,1.0417113304138184,-0.5940433740615845,-0.00225241482257843,-1.2624857425689697,-0.130157008767128,0.2998771071434021,0.8185306787490845,-0.015269365161657333,0.2512754797935486,-0.13666675984859467,-0.17755144834518433,0.0,0.0,0.0376485176384449,0.22995583713054657,-0.7031556963920593,1.1389479637145996,0.3212156891822815,-0.07274241000413895,0.19919821619987488,0.12818601727485657,-0.2135041207075119,0.4424054026603699,1.0803686380386353,-0.3289092183113098,-0.03862009942531586,-0.16742175817489624
4.342209815979004,0.7682427167892456,0.8159101009368896,0.020137369632720947,0.04701859876513481,0.2502231299877167,0.966836154460907,-0.3492881655693054,-0.019441505894064903,-0.32071244716644287,1.0501761436462402,-0.5805954933166504,-0.01789172552525997,-1.2670243978500366,-0.14922383427619934,0.29776304960250854,0.8664424419403076,-0.031350329518318176,0.24168431758880615,-0.14488516747951508,-0.17901378870010376,0.0,0.0,0.05047953128814697,0.22582417726516724,-0.699889600276947,1.1538901329040527,0.3201183080673218,-0.06432075798511505,0.2026105523109436,0.12674477696418762,-0.20317482948303223,0.44485151767730713,1.1027085781097412,-0.3380884826183319,-0.024798164144158363,-0.16938138008117676
4.371281623840332,0.7697876691818237,0.7923235297203064,0.026515232399106026,0.048505377024412155,0.2612364590167999,0.9636906385421753,-0.30692723393440247,0.02585504576563835,-0.31914055347442627,1.0657243728637695,-0.5679844617843628,-0.024319054558873177,-1.287797212600708,-0.16982126235961914,0.29275640845298767,0.9411623477935791,-0.05814087390899658,0.22700005769729614,-0.1586432009935379,-0.1830916404724121,0.0,0.0,0.059342868626117706,0.21840426325798035,-0.7024999260902405,1.1650465726852417,0.32177647948265076,-0.05426095053553581,0.20735228061676025,0.11796517670154572,-0.19814327359199524,0.45008528232574463,1.1141424179077148,-0.3449210524559021,-0.013581182807683945,-0.17539969086647034
4.400262832641602,0.7719889879226685,0.7638258934020996,0.033509355038404465,0.05076196417212486,0.27144283056259155,0.960530698299408,-0.2701636850833893,0.07233123481273651,-0.3066444993019104,1.0888360738754272,-0.5643172860145569,-0.02236909419298172,-1.3241312503814697,-0.19756323099136353,0.2844933867454529,1.0380690097808838,-0.09103180468082428,0.20949918031692505,-0.17515912652015686,-0.1875859797000885,0.0,0.0,0.0586128905415535,0.21173276007175446,-0.7170658111572266,1.166853666305542,0.3261663019657135,-0.04529139772057533,0.21119438111782074,0.10354316234588623,-0.19533807039260864,0.4562232494354248,1.1264665126800537,-0.3481976091861725,-0.0021866802126169205,-0.1815090775489807
4.42691707611084,0.7751636505126953,0.7331050634384155,0.03958386555314064,0.05316579341888428,0.2813257873058319,0.9573203921318054,-0.24261397123336792,0.11934969574213028,-0.28784680366516113,1.1192482709884644,-0.5740851163864136,-0.01402602344751358,-1.3717992305755615,-0.22751861810684204,0.27645230293273926,1.1461296081542969,-0.123660147190094,0.19243428111076355,-0.1920914351940155,-0.19101175665855408,0.0,0.0,0.046929627656936646,0.20643237233161926,-0.7450008392333984,1.1611676216125488,0.3338512182235718,-0.0368276908993721,0.2133089005947113,0.08507645130157471,-0.19295558333396912,0.4674297571182251,1.1324734687805176,-0.35128551721572876,0.006117866840213537,-0.1853492558002472
4.449892997741699,0.7788625955581665,0.7029279470443726,0.043646957725286484,0.05655653029680252,0.29053232073783875,0.9541946053504944,-0.22151926159858704,0.1650039404630661,-0.26862984895706177,1.1494731903076172,-0.5891010165214539,-0.004689550958573818,-1.4242854118347168,-0.25532931089401245,0.2680424153804779,1.250126600265503,-0.14939594268798828,0.17715272307395935,-0.2061934918165207,-0.19456183910369873,0.0,0.0,0.024535277858376503,0.20512595772743225,-0.7810272574424744,1.1452713012695312,0.34378695487976074,-0.028990034013986588,0.21548455953598022,0.0633648931980133,-0.19455626606941223,0.4844812750816345,1.1255319118499756,-0.3558712601661682,0.010776909999549389,-0.1867445707321167
4.468689918518066,0.7823416590690613,0.6755257248878479,0.04675498977303505,0.060315247625112534,0.2987836003303528,0.9512646794319153,-0.2019997537136078,0.20354613661766052,-0.2514583468437195,1.1743626594543457,-0.6021935343742371,0.004084165673702955,-1.4707694053649902,-0.27871209383010864,0.26026901602745056,1.3410158157348633,-0.16985023021697998,0.1640235185623169,-0.21681496500968933,-0.19371259212493896,0.0,0.0,0.0025991518050432205,0.20918047428131104,-0.814180314540863,1.1263643503189087,0.35403910279273987,-0.0221339650452137,0.21548928320407867,0.04009430482983589,-0.19883817434310913,0.501205325126648,1.1036919355392456,-0.36041510105133057,0.011564219370484352,-0.18556776642799377
4.484135627746582,0.7851945161819458,0.6650051474571228,0.049001842737197876,0.06540026515722275,0.306195467710495,0.9484545588493347,-0.1870231032371521,0.23323652148246765,-0.23785695433616638,1.1962705850601196,-0.6126582622528076,0.010546553879976273,-1.5137872695922852,-0.2954525053501129,0.2543942332267761,1.4225060939788818,-0.18872195482254028,0.1513172686100006,-0.2241935431957245,-0.19220499694347382,0.0,0.0,-0.020623838528990746,0.21556356549263,-0.8479001522064209,1.108253002166748,0.36476296186447144,-0.015760937705636024,0.21361559629440308,0.014319327659904957,-0.2049570083618164,0.5186290740966797,1.0833483934402466,-0.36462855339050293,0.013661418110132217,-0.1826494336128235
4.49713659286499,0.7874424457550049,0.6561989784240723,0.05026945471763611,0.07233485579490662,0.31280088424682617,0.9457252621650696,-0.17566488683223724,0.2539387345314026,-0.22805730998516083,1.2155746221542358,-0.6225897669792175,0.013591053895652294,-1.5547229051589966,-0.3058391809463501,0.24985802173614502,1.4954540729522705,-0.20636983215808868,0.1399773359298706,-0.22741666436195374,-0.1901761293411255,0.0,0.0,-0.04455828666687012,0.22253763675689697,-0.879882276058197,1.0898165702819824,0.3745068311691284,-0.01021368894726038,0.21249154210090637,-0.012342971749603748,-0.21169912815093994,0.5380411148071289,1.0660020112991333,-0.37106239795684814,0.016189083456993103,-0.17885808646678925
4.508360862731934,0.7893303036689758,0.6484817862510681,0.050322070717811584,0.08052672445774078,0.3186328709125519,0.9431098103523254,-0.1665588766336441,0.2686825692653656,-0.2210942804813385,1.2306365966796875,-0.6305871605873108,0.014645129442214966,-1.5921496152877808,-0.31192049384117126,0.24490928649902344,1.557486891746521,-0.22163665294647217,0.12988436222076416,-0.22764262557029724,-0.1870148479938507,0.0,0.0,-0.06703109294176102,0.22867345809936523,-0.9093647003173828,1.0714759826660156,0.3842134475708008,-0.005335539113730192,0.2114802896976471,-0.03942778334021568,-0.2179906815290451,0.558685302734375,1.0546634197235107,-0.3801499605178833,0.019829263910651207,-0.17511284351348877
4.518037796020508,0.7910789251327515,0.6421065926551819,0.04929014667868614,0.08807044476270676,0.32237493991851807,0.9412165284156799,-0.15704227983951569,0.2795395851135254,-0.21573367714881897,1.2422066926956177,-0.6378647089004517,0.015370426699519157,-1.6222271919250488,-0.31723499298095703,0.23782101273536682,1.6088731288909912,-0.23508507013320923,0.12072718143463135,-0.2292497456073761,-0.18203648924827576,0.0,0.0,-0.08676868677139282,0.2336733043193817,-0.9374749064445496,1.0533032417297363,0.39506304264068604,-0.0008172208908945322,0.20931124687194824,-0.06399556249380112,-0.22286029160022736,0.5827471017837524,1.0382497310638428,-0.39160433411598206,0.021069200709462166,-0.1698298454284668
4.526371002197266,0.792877733707428,0.6366511583328247,0.04724101722240448,0.09520325064659119,0.323769211769104,0.9401479363441467,-0.14864224195480347,0.28811725974082947,-0.21148142218589783,1.2505522966384888,-0.6443459987640381,0.015381135046482086,-1.6471461057662964,-0.3216407299041748,0.23000197112560272,1.6514496803283691,-0.24681568145751953,0.11184947937726974,-0.2333131730556488,-0.17567196488380432,0.0,0.0,-0.10344614088535309,0.23761223256587982,-0.9628891944885254,1.0378239154815674,0.4056496322154999,0.004057406447827816,0.2069961130619049,-0.0857786238193512,-0.22680363059043884,0.6080039739608765,1.0182621479034424,-0.4037679433822632,0.021896518766880035,-0.16446037590503693
4.533578872680664,0.7947731614112854,0.6317455768585205,0.04475655406713486,0.10193472355604172,0.3232467770576477,0.9397434592247009,-0.1412775218486786,0.2954859733581543,-0.20753981173038483,1.2552313804626465,-0.6495234966278076,0.015283005312085152,-1.669141173362732,-0.32578542828559875,0.22380179166793823,1.685987949371338,-0.2556442618370056,0.10439518839120865,-0.23801416158676147,-0.16931897401809692,0.0,0.0,-0.1165575310587883,0.23991438746452332,-0.9879825115203857,1.028989315032959,0.4159272015094757,0.009629769250750542,0.20292650163173676,-0.10853275656700134,-0.22902172803878784,0.6326605677604675,1.0047558546066284,-0.4150088429450989,0.025723930448293686,-0.160044327378273
4.539895057678223,0.7967542409896851,0.6267386674880981,0.042050767689943314,0.10812916606664658,0.32076752185821533,0.9400255084037781,-0.13627460598945618,0.30198657512664795,-0.2031869739294052,1.2583104372024536,-0.6556000709533691,0.015036379918456078,-1.6902260780334473,-0.33020251989364624,0.21838831901550293,1.7162758111953735,-0.26433849334716797,0.09682019054889679,-0.2436586171388626,-0.16383031010627747,0.0,0.0,-0.12838305532932281,0.2386000156402588,-1.014123558998108,1.0302879810333252,0.4250383973121643,0.015978408977389336,0.1972889006137848,-0.13332974910736084,-0.22940145432949066,0.6563250422477722,1.001024603843689,-0.42448216676712036,0.0320986732840538,-0.15772879123687744
4.545803546905518,0.7985175848007202,0.622517466545105,0.04008898138999939,0.11414174735546112,0.31735411286354065,0.9405587911605835,-0.13443954288959503,0.3066117763519287,-0.19783616065979004,1.2595714330673218,-0.6616795063018799,0.014885101467370987,-1.7092769145965576,-0.33383646607398987,0.21436750888824463,1.7416789531707764,-0.2739793062210083,0.08862283825874329,-0.2505066692829132,-0.16165436804294586,0.0,0.0,-0.14584286510944366,0.2351197451353073,-1.0421545505523682,1.0264720916748047,0.43126437067985535,0.02032342180609703,0.19598174095153809,-0.15630510449409485,-0.22910654544830322,0.6817710399627686,0.9887555837631226,-0.4332877993583679,0.03492942079901695,-0.15712220966815948
4.551299571990967,0.7999306321144104,0.6188156604766846,0.03917412459850311,0.12088596820831299,0.31427642703056335,0.9407880902290344,-0.13827970623970032,0.30974841117858887,-0.1920354962348938,1.2573124170303345,-0.6641508340835571,0.012829836457967758,-1.729691505432129,-0.3338814079761505,0.2138950228691101,1.7622408866882324,-0.2826326787471771,0.08119797706604004,-0.2544689476490021,-0.1606694608926773,0.0,0.0,-0.1676427721977234,0.23499681055545807,-1.0663059949874878,1.0210134983062744,0.4330365061759949,0.023971624672412872,0.19817602634429932,-0.1777925044298172,-0.23260292410850525,0.7003210783004761,0.985795259475708,-0.4408939480781555,0.041034236550331116,-0.1596767008304596
4.556614875793457,0.801149308681488,0.6173961758613586,0.039882078766822815,0.12859870493412018,0.3117383122444153,0.9405801892280579,-0.1458851844072342,0.31120991706848145,-0.18387100100517273,1.2468316555023193,-0.6611155867576599,0.011295494623482227,-1.747633457183838,-0.3322068452835083,0.2166827768087387,1.7744925022125244,-0.2892712354660034,0.07447245717048645,-0.25841012597084045,-0.15811070799827576,0.0,0.0,-0.189741849899292,0.23710383474826813,-1.0872610807418823,1.0148013830184937,0.43185484409332275,0.0266034547239542,0.20163750648498535,-0.19717879593372345,-0.23482029139995575,0.7143639326095581,0.9845553636550903,-0.44759297370910645,0.04552782326936722,-0.16376161575317383
4.562119007110596,0.8022698163986206,0.6196227669715881,0.04242795705795288,0.13641594350337982,0.311034232378006,0.9396000504493713,-0.15799590945243835,0.3107333779335022,-0.17184950411319733,1.230858564376831,-0.6544681787490845,0.010822325944900513,-1.7564605474472046,-0.32918328046798706,0.22403736412525177,1.7768023014068604,-0.2987883687019348,0.06945378333330154,-0.26298198103904724,-0.1528247445821762,0.0,0.0,-0.209462970495224,0.23984064161777496,-1.1042159795761108,1.0081119537353516,0.42942556738853455,0.026892613619565964,0.20385055243968964,-0.2131490260362625,-0.23668314516544342,0.721678614616394,0.9885300397872925,-0.4521716237068176,0.04899938032031059,-0.1679566353559494
4.567632675170898,0.8031907081604004,0.6261175274848938,0.04527502506971359,0.14397792518138885,0.3103252351284027,0.9385727643966675,-0.17589041590690613,0.3111919164657593,-0.15591289103031158,1.2095673084259033,-0.6432914137840271,0.010317547246813774,-1.753781795501709,-0.32837817072868347,0.22901161015033722,1.766312599182129,-0.3125690221786499,0.06437094509601593,-0.2722671926021576,-0.14215649664402008,0.0,0.0,-0.22350579500198364,0.24403581023216248,-1.1176459789276123,1.0078010559082031,0.42757344245910645,0.026316946372389793,0.2028990238904953,-0.22570928931236267,-0.2353283315896988,0.7253511548042297,0.9921761751174927,-0.4543464779853821,0.04977647215127945,-0.17057114839553833
4.573514461517334,0.8040465712547302,0.6372312903404236,0.049787215888500214,0.15338806807994843,0.30951234698295593,0.9371208548545837,-0.20045077800750732,0.30750468373298645,-0.13464191555976868,1.1823670864105225,-0.6241816282272339,0.008223299868404865,-1.7428302764892578,-0.32702457904815674,0.23750469088554382,1.7437090873718262,-0.3274041414260864,0.060890376567840576,-0.2856673002243042,-0.13105598092079163,0.0,0.0,-0.23647943139076233,0.24429863691329956,-1.129720687866211,1.018463373184204,0.4270879030227661,0.026249324902892113,0.20010662078857422,-0.2364342212677002,-0.23426204919815063,0.7254287004470825,1.007049798965454,-0.4526405334472656,0.052266962826251984,-0.17296920716762543
4.580080032348633,0.8051984310150146,0.6526691913604736,0.05571917071938515,0.16360199451446533,0.30914559960365295,0.9351784586906433,-0.23220805823802948,0.2971169352531433,-0.10552934557199478,1.156732201576233,-0.595628559589386,0.009396935813128948,-1.7210767269134521,-0.3248426616191864,0.24402488768100739,1.7116742134094238,-0.3409229516983032,0.05641619861125946,-0.30126848816871643,-0.1170390173792839,0.0,0.0,-0.2442082017660141,0.2448076605796814,-1.132321834564209,1.0382511615753174,0.4261583685874939,0.02572394162416458,0.19607394933700562,-0.24374912679195404,-0.23447345197200775,0.7208623886108398,1.0211219787597656,-0.44490528106689453,0.05083218216896057,-0.17291904985904694
4.586675643920898,0.8069279193878174,0.6729008555412292,0.06385361403226852,0.17344772815704346,0.3105083107948303,0.9324285984039307,-0.26781409978866577,0.2769988775253296,-0.06900198757648468,1.1338725090026855,-0.5561808943748474,0.013332759030163288,-1.6838682889938354,-0.3217748701572418,0.25001972913742065,1.6698904037475586,-0.3516569137573242,0.05312890559434891,-0.31800585985183716,-0.10218962281942368,0.0,0.0,-0.2490648627281189,0.23735877871513367,-1.1352810859680176,1.0630534887313843,0.4251771569252014,0.024682655930519104,0.18910735845565796,-0.2471688836812973,-0.2311462163925171,0.7095657587051392,1.0492396354675293,-0.429215669631958,0.05155820772051811,-0.17162202298641205
4.591931343078613,0.8097918033599854,0.6963222622871399,0.07320256531238556,0.18144598603248596,0.3133697211742401,0.929256796836853,-0.3065941333770752,0.24255025386810303,-0.022167833521962166,1.1243294477462769,-0.5147035121917725,0.02581918239593506,-1.6327539682388306,-0.31793296337127686,0.25232672691345215,1.619425892829895,-0.3596036434173584,0.051123619079589844,-0.3359494209289551,-0.08593617379665375,0.0,0.0,-0.25080451369285583,0.22702571749687195,-1.1383534669876099,1.080634355545044,0.4260784387588501,0.021422678604722023,0.17882244288921356,-0.24305307865142822,-0.22940537333488464,0.6901881694793701,1.0805974006652832,-0.40905892848968506,0.050953760743141174,-0.16841834783554077
4.595425605773926,0.8146229386329651,0.7210080027580261,0.08026516437530518,0.1883334219455719,0.3155800998210907,0.9265512824058533,-0.3614910840988159,0.19601979851722717,0.03140094503760338,1.1330504417419434,-0.4689829349517822,0.04479702562093735,-1.5737508535385132,-0.31092989444732666,0.24599573016166687,1.560614824295044,-0.3603488802909851,0.05112656578421593,-0.3489806652069092,-0.07335346192121506,0.0,0.0,-0.2542857527732849,0.21722109615802765,-1.1408486366271973,1.0910505056381226,0.4273254871368408,0.01851031742990017,0.16934162378311157,-0.2314528226852417,-0.2314097285270691,0.6704287528991699,1.1124389171600342,-0.3871641159057617,0.049603551626205444,-0.16362759470939636
4.598166465759277,0.8217363357543945,0.743861973285675,0.08332929760217667,0.19359812140464783,0.31413257122039795,0.9256871938705444,-0.43060728907585144,0.14740821719169617,0.08312585949897766,1.1652559041976929,-0.42180895805358887,0.0659296065568924,-1.5144636631011963,-0.29751744866371155,0.23214414715766907,1.4995428323745728,-0.35232794284820557,0.05209849774837494,-0.35240429639816284,-0.06716161966323853,0.0,0.0,-0.25686895847320557,0.20477929711341858,-1.1473084688186646,1.09580659866333,0.43036261200904846,0.016888350248336792,0.16183139383792877,-0.21934279799461365,-0.23175328969955444,0.6605926752090454,1.1346540451049805,-0.3673001527786255,0.046909138560295105,-0.1602247953414917
4.601467132568359,0.8302595615386963,0.762610673904419,0.0840158611536026,0.19508929550647736,0.3064374029636383,0.927888810634613,-0.5088289976119995,0.10324219614267349,0.12706075608730316,1.219200849533081,-0.3780502676963806,0.08797775954008102,-1.4572436809539795,-0.27695780992507935,0.21597260236740112,1.4454803466796875,-0.33890077471733093,0.05227913707494736,-0.3440681993961334,-0.06488213688135147,0.0,0.0,-0.25481048226356506,0.19555944204330444,-1.1481239795684814,1.0910429954528809,0.4315539300441742,0.014081491157412529,0.159257709980011,-0.20610126852989197,-0.23151902854442596,0.6548855304718018,1.1423938274383545,-0.3500904142856598,0.04140544310212135,-0.16016489267349243
4.607421875,0.8395050764083862,0.7794198989868164,0.08314306288957596,0.19398027658462524,0.2900245487689972,0.9334584474563599,-0.5927485227584839,0.06880240142345428,0.1594030261039734,1.2681087255477905,-0.3436000943183899,0.1083509773015976,-1.4006378650665283,-0.24956730008125305,0.20203056931495667,1.3909423351287842,-0.32170262932777405,0.05768471211194992,-0.32985517382621765,-0.069117471575737,0.0,0.0,-0.2533058822154999,0.18815216422080994,-1.1459710597991943,1.0854315757751465,0.431938111782074,0.01149040274322033,0.16144044697284698,-0.19162334501743317,-0.23537102341651917,0.6561664342880249,1.1430683135986328,-0.3379128575325012,0.034885846078395844,-0.1611149162054062
4.617144584655762,0.8492515087127686,0.7943322658538818,0.08157267421483994,0.19127094745635986,0.2667040526866913,0.941079318523407,-0.6908061504364014,0.04828156530857086,0.17701613903045654,1.310896635055542,-0.31412094831466675,0.12502552568912506,-1.3452675342559814,-0.2163728028535843,0.1951843500137329,1.3391821384429932,-0.30395111441612244,0.06695321202278137,-0.30547034740448,-0.07768625020980835,0.0,0.0,-0.2494950294494629,0.18089301884174347,-1.137666940689087,1.0832533836364746,0.430118203163147,0.008834581822156906,0.16884168982505798,-0.17903226613998413,-0.2387990951538086,0.6637555956840515,1.1398097276687622,-0.33089640736579895,0.028707101941108704,-0.1646093726158142
4.62975549697876,0.8599749803543091,0.8085067868232727,0.07949862629175186,0.18774555623531342,0.23795853555202484,0.94963538646698,-0.7874864339828491,0.039836131036281586,0.17824521660804749,1.3216965198516846,-0.29910534620285034,0.13950945436954498,-1.2905486822128296,-0.18184715509414673,0.19636964797973633,1.286033034324646,-0.28792375326156616,0.08322840929031372,-0.27398115396499634,-0.08929872512817383,0.0,0.0,-0.24411720037460327,0.17429155111312866,-1.1218522787094116,1.0781679153442383,0.426236093044281,0.004597045015543699,0.17948250472545624,-0.16670243442058563,-0.24158138036727905,0.6766184568405151,1.1285679340362549,-0.3301464915275574,0.021431254222989082,-0.16727305948734283
4.644354820251465,0.8726867437362671,0.8224851489067078,0.0780143216252327,0.18347230553627014,0.2011691927909851,0.9590529203414917,-0.8771250247955322,0.03912671282887459,0.15889474749565125,1.2937583923339844,-0.2938479781150818,0.14593879878520966,-1.236299753189087,-0.14662450551986694,0.21132749319076538,1.2284060716629028,-0.27257993817329407,0.10793542116880417,-0.24332043528556824,-0.10045367479324341,0.0,0.0,-0.23288193345069885,0.16840772330760956,-1.102781057357788,1.0845568180084229,0.4228059947490692,-4.803086631000042e-05,0.1864347755908966,-0.15923483669757843,-0.24430891871452332,0.6905238628387451,1.1221578121185303,-0.3301454484462738,0.01592399738729,-0.1642276644706726
4.660722732543945,0.8889361619949341,0.834169328212738,0.07783625274896622,0.17798703908920288,0.1576089709997177,0.9682053327560425,-0.9530375599861145,0.039542101323604584,0.1089320108294487,1.238793969154358,-0.29352355003356934,0.14200854301452637,-1.1845499277114868,-0.11350338160991669,0.24070334434509277,1.1784470081329346,-0.264028936624527,0.13756132125854492,-0.21582552790641785,-0.11390078067779541,0.0,0.0,-0.2203654646873474,0.1606954038143158,-1.0889859199523926,1.090566873550415,0.4218006730079651,-0.0065362718887627125,0.18986448645591736,-0.15799900889396667,-0.24141354858875275,0.7165085077285767,1.113349437713623,-0.33371561765670776,0.010143748484551907,-0.15738467872142792
4.6798906326293945,0.9083940386772156,0.8432460427284241,0.07871798425912857,0.1657533198595047,0.10102257877588272,0.9778158068656921,-1.0004754066467285,0.03230350837111473,0.03384466841816902,1.1879651546478271,-0.2933052182197571,0.13018618524074554,-1.121518850326538,-0.07976707816123962,0.27739810943603516,1.1419495344161987,-0.2647765874862671,0.16029784083366394,-0.19199885427951813,-0.122312992811203,0.0,0.0,-0.19876153767108917,0.15904422104358673,-1.069040298461914,1.0896058082580566,0.42306551337242126,-0.016178522258996964,0.1855306178331375,-0.15647302567958832,-0.2358306646347046,0.7421499490737915,1.1037307977676392,-0.3402795195579529,0.0030752725433558226,-0.14414510130882263
4.701397895812988,0.9297568798065186,0.849349319934845,0.08047656714916229,0.15067490935325623,0.031468525528907776,0.9847996234893799,-1.0262765884399414,0.022667348384857178,-0.06465804576873779,1.1400610208511353,-0.29309630393981934,0.10666599869728088,-1.058213710784912,-0.04760593920946121,0.3197135925292969,1.118259072303772,-0.2705822288990021,0.1811564564704895,-0.16512973606586456,-0.1242496520280838,0.0,0.0,-0.16033494472503662,0.1656666398048401,-1.0324583053588867,1.080951452255249,0.4199919104576111,-0.02690839394927025,0.1768219769001007,-0.1601938009262085,-0.23059439659118652,0.7705597877502441,1.097065806388855,-0.34904587268829346,-0.0027899262495338917,-0.1265009492635727
4.72417688369751,0.9521466493606567,0.8530779480934143,0.08328920602798462,0.13583889603614807,-0.045224130153656006,0.9861873984336853,-1.0307815074920654,0.017255937680602074,-0.1626955270767212,1.1001183986663818,-0.2963736355304718,0.07961772382259369,-1.0047967433929443,-0.024895550683140755,0.35475829243659973,1.103495478630066,-0.2802785038948059,0.19560500979423523,-0.13349930942058563,-0.12139959633350372,0.0,0.0,-0.10946033895015717,0.17391139268875122,-0.9776745438575745,1.0695568323135376,0.4126982092857361,-0.03623213618993759,0.16913825273513794,-0.16459235548973083,-0.21954619884490967,0.8003796339035034,1.0904792547225952,-0.3631545305252075,-0.007982777431607246,-0.10967732965946198
4.746933937072754,0.9741703271865845,0.8550559878349304,0.0873904675245285,0.12324714660644531,-0.12338203936815262,0.9807904362678528,-1.0267665386199951,0.018464185297489166,-0.23915109038352966,1.0637989044189453,-0.30008769035339355,0.05591737478971481,-0.9667580127716064,-0.014795152470469475,0.37199899554252625,1.096594214439392,-0.29246845841407776,0.1992073655128479,-0.10123106837272644,-0.12064404785633087,0.0,0.0,-0.05177947133779526,0.18122294545173645,-0.9074190855026245,1.0626634359359741,0.39955055713653564,-0.04302854463458061,0.16474957764148712,-0.1728712022304535,-0.20914608240127563,0.8222376704216003,1.0882272720336914,-0.3755417466163635,-0.011260527186095715,-0.09777805209159851
4.768433570861816,0.9936628341674805,0.8560123443603516,0.09208962321281433,0.11264118552207947,-0.20015259087085724,0.9689016938209534,-1.0246270895004272,0.030058223754167557,-0.28268903493881226,1.038669228553772,-0.301239013671875,0.03889999911189079,-0.9388284087181091,-0.017748728394508362,0.36405718326568604,1.0971139669418335,-0.3066927194595337,0.19101954996585846,-0.06828463077545166,-0.12310080230236053,0.0,0.0,0.005700062960386276,0.1873045712709427,-0.8334739208221436,1.0561171770095825,0.38608115911483765,-0.04723510891199112,0.1653115600347519,-0.180705726146698,-0.199211984872818,0.8391979336738586,1.0845645666122437,-0.38757482171058655,-0.014319689944386482,-0.09143806993961334
4.7875800132751465,1.009442925453186,0.8561620712280273,0.09826385229825974,0.10424760729074478,-0.27145642042160034,0.9517289996147156,-1.0233888626098633,0.042869023978710175,-0.29731813073158264,1.0215399265289307,-0.30240654945373535,0.029648829251527786,-0.9194711446762085,-0.032367199659347534,0.34097594022750854,1.1034055948257446,-0.3228164315223694,0.18118849396705627,-0.041859038174152374,-0.12823039293289185,0.0,0.0,0.05423172935843468,0.19482535123825073,-0.7797562479972839,1.0242282152175903,0.3771887421607971,-0.054405778646469116,0.16647771000862122,-0.17767353355884552,-0.19052599370479584,0.8534144759178162,1.0705088376998901,-0.4031830132007599,-0.01947367750108242,-0.08710160851478577
4.804129600524902,1.021811604499817,0.8563173413276672,0.10338742285966873,0.09646040201187134,-0.33793550729751587,0.9304870367050171,-1.0125681161880493,0.055402204394340515,-0.3021772503852844,1.0084552764892578,-0.30438870191574097,0.02191248908638954,-0.8981361389160156,-0.04987282305955887,0.3187912106513977,1.1070823669433594,-0.3376798629760742,0.17391157150268555,-0.020134886726737022,-0.1278720498085022,0.0,0.0,0.10781601071357727,0.19619879126548767,-0.71808922290802,1.016941785812378,0.3690568804740906,-0.056641675531864166,0.16610027849674225,-0.16921138763427734,-0.18682903051376343,0.8565574884414673,1.0545244216918945,-0.4179699122905731,-0.02477329596877098,-0.08282756060361862
4.81911563873291,1.0320842266082764,0.8557990789413452,0.1087266206741333,0.0904608964920044,-0.3990185260772705,0.9059688448905945,-1.0029969215393066,0.06192481890320778,-0.3014231324195862,0.9979921579360962,-0.30512094497680664,0.015682104974985123,-0.880810022354126,-0.07007519900798798,0.30452409386634827,1.1097215414047241,-0.35143083333969116,0.17018693685531616,-0.0038561243563890457,-0.13188263773918152,0.0,0.0,0.15217238664627075,0.19463497400283813,-0.669912576675415,1.0147645473480225,0.36316248774528503,-0.05809880793094635,0.16624367237091064,-0.15780550241470337,-0.1877450942993164,0.8527907133102417,1.042126178741455,-0.4301806092262268,-0.027653977274894714,-0.08187609165906906
4.835558891296387,1.0414965152740479,0.8544887900352478,0.11308028548955917,0.08302336186170578,-0.4571268558502197,0.8782681822776794,-0.9811238646507263,0.05520036816596985,-0.2990121841430664,0.9936895966529846,-0.3108077645301819,0.013110015541315079,-0.8644654750823975,-0.09233585745096207,0.30632272362709045,1.1098387241363525,-0.36156564950942993,0.17512832581996918,0.0019102634396404028,-0.1383081078529358,0.0,0.0,0.18281367421150208,0.19675788283348083,-0.6436697840690613,1.0077708959579468,0.36269211769104004,-0.06165271997451782,0.16369639337062836,-0.14025141298770905,-0.19278289377689362,0.8366594314575195,1.0380098819732666,-0.4399135708808899,-0.029133766889572144,-0.08258557319641113
4.855060577392578,1.0497729778289795,0.8526493310928345,0.11473460495471954,0.07364396005868912,-0.5141918063163757,0.8467699289321899,-0.9490681290626526,0.04076201096177101,-0.2949725091457367,0.9959661960601807,-0.3228861689567566,0.015285041183233261,-0.8462553024291992,-0.11615882813930511,0.3216906785964966,1.1040551662445068,-0.36498212814331055,0.18482741713523865,0.004454786889255047,-0.14216218888759613,0.0,0.0,0.20732200145721436,0.20107176899909973,-0.6221206188201904,1.0161607265472412,0.3640831410884857,-0.06521338224411011,0.15931211411952972,-0.11882530897855759,-0.2008330523967743,0.810945987701416,1.0373952388763428,-0.44490498304367065,-0.032097384333610535,-0.08217070996761322
4.877537250518799,1.0560894012451172,0.849683403968811,0.11488817632198334,0.06523221731185913,-0.5657913684844971,0.8138953447341919,-0.9247341752052307,0.023247849196195602,-0.28787195682525635,1.0039560794830322,-0.3366042375564575,0.020428534597158432,-0.8381963968276978,-0.1416008472442627,0.3429856300354004,1.0950927734375,-0.3582236170768738,0.19537733495235443,0.004340532701462507,-0.14644069969654083,0.0,0.0,0.22403407096862793,0.2068098783493042,-0.6062667965888977,1.0367465019226074,0.36599084734916687,-0.06751195341348648,0.1567448079586029,-0.09631125628948212,-0.21235555410385132,0.7855530977249146,1.030727744102478,-0.44442763924598694,-0.03684353083372116,-0.08137622475624084
4.901514530181885,1.0591059923171997,0.8451316356658936,0.11232658475637436,0.05694667994976044,-0.6110936999320984,0.7814757227897644,-0.9172511696815491,0.004024861380457878,-0.2769617736339569,1.018301010131836,-0.3488721251487732,0.028376242145895958,-0.8347756862640381,-0.16565123200416565,0.36005187034606934,1.0888500213623047,-0.346148282289505,0.2025669515132904,0.00765804760158062,-0.14848366379737854,0.0,0.0,0.23710626363754272,0.2160460203886032,-0.590223491191864,1.0589916706085205,0.3668387830257416,-0.07043898850679398,0.15485148131847382,-0.07049685716629028,-0.22627221047878265,0.7527800798416138,1.0203187465667725,-0.434469997882843,-0.04152148216962814,-0.08194275200366974
4.924920558929443,1.0588911771774292,0.8412559628486633,0.10864470154047012,0.04971997067332268,-0.644806444644928,0.7549495100975037,-0.9124926328659058,-0.008574170060455799,-0.2571401596069336,1.0258351564407349,-0.360358327627182,0.03802822157740593,-0.8371890783309937,-0.18955206871032715,0.362329363822937,1.0825257301330566,-0.3312966823577881,0.20377740263938904,0.004889496136456728,-0.15412744879722595,0.0,0.0,0.2423863708972931,0.2309161126613617,-0.581388533115387,1.063506007194519,0.3635639250278473,-0.07590396702289581,0.154672309756279,-0.04141869768500328,-0.24257969856262207,0.7137570977210999,1.0010836124420166,-0.41718047857284546,-0.04666505008935928,-0.08582198619842529
4.9464898109436035,1.0565571784973145,0.8390907049179077,0.10281558334827423,0.04280778765678406,-0.6687595844268799,0.7350898385047913,-0.902386486530304,-0.013280960731208324,-0.2301674783229828,1.0268054008483887,-0.3720567226409912,0.047678835690021515,-0.8476781845092773,-0.20646154880523682,0.350650817155838,1.0745079517364502,-0.3101886510848999,0.20041343569755554,-0.005558548960834742,-0.1597253978252411,0.0,0.0,0.23999151587486267,0.24761520326137543,-0.5744088292121887,1.0553686618804932,0.35774335265159607,-0.08134925365447998,0.15889474749565125,-0.002910768613219261,-0.25485584139823914,0.6704865097999573,0.984020471572876,-0.3997495174407959,-0.052456434816122055,-0.09147872030735016
4.965676307678223,1.0525099039077759,0.8383901715278625,0.09552469849586487,0.03681398555636406,-0.6871841549873352,0.719234049320221,-0.8920581340789795,-0.010583184659481049,-0.19993731379508972,1.0261249542236328,-0.3841511607170105,0.05797387659549713,-0.8655452728271484,-0.21318529546260834,0.3246089816093445,1.0662815570831299,-0.28709930181503296,0.19164520502090454,-0.01099967211484909,-0.16813836991786957,0.0,0.0,0.2363349348306656,0.2672830820083618,-0.5666893720626831,1.042494535446167,0.35132691264152527,-0.08548661321401596,0.16613468527793884,0.033146537840366364,-0.2628621459007263,0.6314154863357544,0.9753774404525757,-0.3841612637042999,-0.057162970304489136,-0.09914427995681763
4.9820709228515625,1.047282338142395,0.8388725519180298,0.08704584091901779,0.031122388318181038,-0.7026295065879822,0.7055253982543945,-0.8821693658828735,-0.0008752741850912571,-0.16898950934410095,1.0246617794036865,-0.3954617977142334,0.0673360526561737,-0.8814204931259155,-0.21434766054153442,0.28750863671302795,1.055131435394287,-0.26443395018577576,0.1807958036661148,-0.013710218481719494,-0.18006859719753265,0.0,0.0,0.22864660620689392,0.29019230604171753,-0.565819263458252,1.0226693153381348,0.34626254439353943,-0.08952051401138306,0.1740209311246872,0.06482461839914322,-0.26807406544685364,0.6006637811660767,0.9752550721168518,-0.3715411126613617,-0.060457032173871994,-0.10689374059438705
4.9953813552856445,1.0417932271957397,0.8392825722694397,0.07840884476900101,0.025787295773625374,-0.7157086730003357,0.693504273891449,-0.8734685182571411,0.013025471940636635,-0.13653230667114258,1.0264726877212524,-0.4071090817451477,0.07749569416046143,-0.8922994136810303,-0.21512725949287415,0.24303708970546722,1.0460286140441895,-0.24295911192893982,0.16890251636505127,-0.018339958041906357,-0.18896618485450745,0.0,0.0,0.22279182076454163,0.3084433674812317,-0.5669601559638977,1.006868839263916,0.3425610065460205,-0.09356717765331268,0.18000297248363495,0.09334447979927063,-0.26995718479156494,0.5743108987808228,0.9812812805175781,-0.3622918725013733,-0.06316637992858887,-0.11466836929321289
5.0056867599487305,1.0365278720855713,0.8395121097564697,0.06978700309991837,0.020119648426771164,-0.7258516550064087,0.6840060949325562,-0.8636947870254517,0.027111545205116272,-0.10523912310600281,1.028156042098999,-0.4177083373069763,0.08718152344226837,-0.8947792053222656,-0.21898850798606873,0.20055121183395386,1.0376759767532349,-0.2246232032775879,0.1601443737745285,-0.023768043145537376,-0.19763189554214478,0.0,0.0,0.2167595475912094,0.3215595483779907,-0.5735388398170471,0.993444561958313,0.3409387171268463,-0.09814868867397308,0.18149596452713013,0.1168665736913681,-0.27077120542526245,0.5543748140335083,0.9869604110717773,-0.35531729459762573,-0.06586135923862457,-0.12007676064968109
5.013455867767334,1.0316575765609741,0.8403140902519226,0.06152117997407913,0.014272640459239483,-0.732219934463501,0.6781337261199951,-0.8513737916946411,0.04135676845908165,-0.07245086133480072,1.0248171091079712,-0.42527514696121216,0.09493587911128998,-0.8883452415466309,-0.22775118052959442,0.16192007064819336,1.0263210535049438,-0.2084384262561798,0.15320712327957153,-0.030368532985448837,-0.20544403791427612,0.0,0.0,0.20901931822299957,0.3279082775115967,-0.5852359533309937,0.986020565032959,0.3416995108127594,-0.10318078100681305,0.1787630021572113,0.13643193244934082,-0.26885589957237244,0.5388681888580322,1.0021156072616577,-0.3523968458175659,-0.06688473373651505,-0.1235184520483017
5.0190348625183105,1.0271947383880615,0.8397194743156433,0.05508865416049957,0.008948552422225475,-0.7338420152664185,0.677023708820343,-0.841649055480957,0.051967769861221313,-0.04080492630600929,1.0222678184509277,-0.4314027428627014,0.10336336493492126,-0.8857992887496948,-0.23986497521400452,0.1306779384613037,1.0205670595169067,-0.19345307350158691,0.1466214507818222,-0.04014930874109268,-0.2139480710029602,0.0,0.0,0.19925640523433685,0.32577216625213623,-0.6003148555755615,0.9888150691986084,0.3436073660850525,-0.10664260387420654,0.17464488744735718,0.14841216802597046,-0.26709941029548645,0.528520405292511,1.0155855417251587,-0.3499763309955597,-0.06790700554847717,-0.12726181745529175
5.022747039794922,1.023132085800171,0.8392510414123535,0.051243893802165985,0.0049729123711586,-0.7315863966941833,0.6798019409179688,-0.8341240286827087,0.05744375288486481,-0.016904093325138092,1.0197246074676514,-0.4361962080001831,0.1086025983095169,-0.887296199798584,-0.2504726052284241,0.10966470092535019,1.016659140586853,-0.1825680136680603,0.14059613645076752,-0.04908353090286255,-0.22590398788452148,0.0,0.0,0.18145649135112762,0.3218967020511627,-0.6243973970413208,0.988257646560669,0.3477514982223511,-0.1092323511838913,0.1707799732685089,0.15194790065288544,-0.26840779185295105,0.524451494216919,1.0294387340545654,-0.34826621413230896,-0.06701004505157471,-0.1313764899969101
5.025023460388184,1.0195083618164062,0.8410483002662659,0.0487651489675045,0.0018934840336441994,-0.7273842096328735,0.6844929456710815,-0.8219839334487915,0.05929046869277954,-0.0025410931557416916,1.0102386474609375,-0.43708163499832153,0.10975037515163422,-0.8832584619522095,-0.2563784718513489,0.0977097675204277,1.00601327419281,-0.1739615797996521,0.13698303699493408,-0.05909721553325653,-0.23919454216957092,0.0,0.0,0.1559072881937027,0.3205614686012268,-0.6560302972793579,0.9707363843917847,0.3510059118270874,-0.11288529634475708,0.16850446164608002,0.15067164599895477,-0.2802272439002991,0.5231825709342957,1.0235507488250732,-0.34535935521125793,-0.06839258223772049,-0.13415119051933289
5.026129722595215,1.0160969495773315,0.8445087671279907,0.04757700487971306,0.00045986060285940766,-0.7224330306053162,0.6898019313812256,-0.805943489074707,0.05984197556972504,0.00476139597594738,0.995025634765625,-0.43520116806030273,0.10873566567897797,-0.8736125230789185,-0.2577020525932312,0.08934041112661362,0.9922521114349365,-0.16696009039878845,0.1344279646873474,-0.07017859816551208,-0.25706207752227783,0.0,0.0,0.11825177818536758,0.32161688804626465,-0.6953921318054199,0.9312503337860107,0.34996968507766724,-0.11734598875045776,0.16909752786159515,0.14509285986423492,-0.30830031633377075,0.5265114307403564,0.9936960935592651,-0.33993929624557495,-0.07266981899738312,-0.13526290655136108
5.026161193847656,1.0124716758728027,0.8486775755882263,0.04871055483818054,0.0038569059688597918,-0.7183420658111572,0.6939719319343567,-0.7978150844573975,0.06431104987859726,0.004466084763407707,0.9772186875343323,-0.4295538663864136,0.10247065126895905,-0.8647550344467163,-0.2518165707588196,0.08073319494724274,0.974287748336792,-0.16203270852565765,0.13189822435379028,-0.07495494186878204,-0.29480409622192383,0.0,0.0,0.04775841534137726,0.33255040645599365,-0.756162166595459,0.8616578578948975,0.3404865562915802,-0.12114818394184113,0.17830756306648254,0.1212504655122757,-0.3602929711341858,0.553769052028656,0.9323413372039795,-0.3304261863231659,-0.0781395435333252,-0.13749924302101135
5.025312900543213,1.0086543560028076,0.8531494736671448,0.04944144934415817,0.00925905629992485,-0.7158387899398804,0.6964514851570129,-0.7914832830429077,0.07351325452327728,-0.0006025379989296198,0.9584871530532837,-0.4187815487384796,0.09066461771726608,-0.8501999378204346,-0.24068361520767212,0.07254642993211746,0.9530901312828064,-0.15872550010681152,0.1290283501148224,-0.07373382151126862,-0.3430353105068207,0.0,0.0,-0.05504531413316727,0.3406205475330353,-0.8295217752456665,0.8005729913711548,0.3300347328186035,-0.12099950760602951,0.19602033495903015,0.07622328400611877,-0.4215269684791565,0.6047366261482239,0.875313401222229,-0.32385534048080444,-0.08088117837905884,-0.1376836597919464
5.024000644683838,1.0046206712722778,0.8576324582099915,0.049232564866542816,0.013042669743299484,-0.7139447331428528,0.698347270488739,-0.7801194190979004,0.08175075054168701,-0.006298251915723085,0.9409157633781433,-0.405278742313385,0.07874759286642075,-0.8288354277610779,-0.23159070312976837,0.0670635774731636,0.9368735551834106,-0.1581220179796219,0.12591814994812012,-0.07163327187299728,-0.3856738209724426,0.0,0.0,-0.1767721176147461,0.3415375351905823,-0.9061092138290405,0.7814456224441528,0.327520489692688,-0.11603032052516937,0.21392232179641724,0.00785970687866211,-0.4811416268348694,0.6723079681396484,0.8459234833717346,-0.3266371488571167,-0.08003398776054382,-0.13342851400375366
5.022629261016846,1.000440001487732,0.8626559972763062,0.04770924896001816,0.01509135402739048,-0.7127007842063904,0.6996811628341675,-0.7653506398200989,0.0893833190202713,-0.01297648623585701,0.9247111678123474,-0.38988685607910156,0.06570596992969513,-0.8024165630340576,-0.22371026873588562,0.0640660896897316,0.9236958622932434,-0.16179464757442474,0.12177805602550507,-0.06481652706861496,-0.4108366072177887,0.0,0.0,-0.33267325162887573,0.3260737359523773,-0.9972272515296936,0.7971630096435547,0.3303222060203552,-0.10855800658464432,0.22908493876457214,-0.12427046149969101,-0.5214669704437256,0.7708041667938232,0.8526530265808105,-0.33543094992637634,-0.07185875624418259,-0.13156792521476746
5.0214056968688965,0.9960235357284546,0.865039587020874,0.046922631561756134,0.017436981201171875,-0.7114004492759705,0.7010018229484558,-0.7602598667144775,0.09695914387702942,-0.019238416105508804,0.9205652475357056,-0.3752881586551666,0.05594682693481445,-0.7860219478607178,-0.21684622764587402,0.06366372108459473,0.9225729703903198,-0.16893595457077026,0.1136668398976326,-0.06083279475569725,-0.4243777096271515,0.0,0.0,-0.4794120788574219,0.28837525844573975,-1.0787670612335205,0.8400965929031372,0.3382166028022766,-0.09764185547828674,0.2445354163646698,-0.2794901728630066,-0.5319290161132812,0.87380051612854,0.8800269365310669,-0.3467841148376465,-0.05924069881439209,-0.13769929111003876
5.020310878753662,0.9917339086532593,0.8665662407875061,0.04649358242750168,0.019679678604006767,-0.7099666595458984,0.7024232745170593,-0.7577815055847168,0.10389580577611923,-0.02532578445971012,0.9191266298294067,-0.3607167899608612,0.04747312515974045,-0.774248480796814,-0.20942151546478271,0.06636721640825272,0.9230718612670898,-0.17618639767169952,0.105259969830513,-0.058163635432720184,-0.4310704469680786,0.0,0.0,-0.6095473766326904,0.24888315796852112,-1.1535030603408813,0.8934292793273926,0.3530735969543457,-0.08752159774303436,0.2528879642486572,-0.43189898133277893,-0.5280891060829163,0.9724550843238831,0.916886568069458,-0.3614085018634796,-0.04711555317044258,-0.13999046385288239
5.01936674118042,0.9878679513931274,0.8669809699058533,0.04730275645852089,0.02357626147568226,-0.7085374593734741,0.7036911845207214,-0.7631293535232544,0.11218924820423126,-0.02970479056239128,0.9217556715011597,-0.34740447998046875,0.041926365345716476,-0.7720614671707153,-0.20119443535804749,0.06919889897108078,0.9255839586257935,-0.18218961358070374,0.0955679789185524,-0.06094500422477722,-0.43081140518188477,0.0,0.0,-0.7219339609146118,0.20340803265571594,-1.2107374668121338,0.9630396366119385,0.36686182022094727,-0.0752551332116127,0.259588360786438,-0.5805203914642334,-0.510672926902771,1.058640956878662,0.9666130542755127,-0.3739514946937561,-0.03337675333023071,-0.14289718866348267
5.018609046936035,0.9850502014160156,0.8671281337738037,0.04760100692510605,0.02596491016447544,-0.7074041366577148,0.7047264575958252,-0.7666045427322388,0.11943934857845306,-0.03141891211271286,0.9248529672622681,-0.33609625697135925,0.038250088691711426,-0.7700877785682678,-0.1946997344493866,0.07160487025976181,0.9286624193191528,-0.1881246715784073,0.08668509870767593,-0.0650709792971611,-0.4165002703666687,0.0,0.0,-0.8172721862792969,0.1669837236404419,-1.2497773170471191,1.0210096836090088,0.3752870261669159,-0.06706187129020691,0.26677536964416504,-0.709448516368866,-0.4830743074417114,1.1219327449798584,1.0029239654541016,-0.3808504641056061,-0.02417915128171444,-0.14813688397407532
5.018054008483887,0.9830864667892456,0.8671324253082275,0.048344362527132034,0.02877676673233509,-0.7063867449760437,0.7055866122245789,-0.7727541923522949,0.12686996161937714,-0.031646210700273514,0.9264082908630371,-0.3228442072868347,0.03589949011802673,-0.7719323635101318,-0.18865826725959778,0.07307250052690506,0.9300558567047119,-0.19093522429466248,0.08011520653963089,-0.06741171330213547,-0.39741265773773193,0.0,0.0,-0.9013271331787109,0.12453752756118774,-1.2815017700195312,1.0914819240570068,0.381258487701416,-0.05837353691458702,0.26683497428894043,-0.8289854526519775,-0.43841075897216797,1.1775646209716797,1.0622518062591553,-0.38580575585365295,-0.012447819113731384,-0.14491763710975647
5.017641067504883,0.9818629026412964,0.866558313369751,0.049568310379981995,0.03152761608362198,-0.7056644558906555,0.7061067223548889,-0.7824208736419678,0.13329331576824188,-0.030571406707167625,0.9301627278327942,-0.311091810464859,0.03668391704559326,-0.7781110405921936,-0.18365079164505005,0.07440578937530518,0.9333752393722534,-0.19362269341945648,0.07600338757038116,-0.06921928375959396,-0.37475478649139404,0.0,0.0,-0.9786295890808105,0.08861587196588516,-1.308154821395874,1.1522059440612793,0.38458049297332764,-0.05313904583454132,0.26501113176345825,-0.9351072311401367,-0.38611701130867004,1.2261123657226562,1.1114774942398071,-0.3904781937599182,-0.00495542585849762,-0.138981431722641
5.017447471618652,0.9813072681427002,0.8660897612571716,0.05077306926250458,0.03396708145737648,-0.7053652405738831,0.7062069177627563,-0.7903990745544434,0.13857205212116241,-0.030238304287195206,0.9294509887695312,-0.3008540868759155,0.03676077723503113,-0.7850522994995117,-0.17960800230503082,0.07493729889392853,0.9347951412200928,-0.19345536828041077,0.07439637184143066,-0.07062385976314545,-0.35104823112487793,0.0,0.0,-1.0498948097229004,0.061398301273584366,-1.3309135437011719,1.198387861251831,0.38509994745254517,-0.05081021040678024,0.26186424493789673,-1.0274196863174438,-0.3309444189071655,1.2674696445465088,1.1478766202926636,-0.39421939849853516,-0.00044759619049727917,-0.13248194754123688
5.0174431800842285,0.9813220500946045,0.8628582954406738,0.05205042287707329,0.03634810075163841,-0.7054333686828613,0.705927312374115,-0.8074344396591187,0.14309272170066833,-0.03219599276781082,0.941777229309082,-0.2937712073326111,0.03650771081447601,-0.8020752668380737,-0.1761733591556549,0.07639205455780029,0.9495686292648315,-0.19246283173561096,0.07180885225534439,-0.07079391181468964,-0.3223421573638916,0.0,0.0,-1.112051010131836,0.03585796803236008,-1.3454493284225464,1.241694450378418,0.3814632296562195,-0.04776301607489586,0.2589455842971802,-1.1034222841262817,-0.27287009358406067,1.297084927558899,1.1810588836669922,-0.39472705125808716,0.004082983825355768,-0.1283339560031891
5.017416954040527,0.9821270704269409,0.8565032482147217,0.0533752366900444,0.03789379447698593,-0.7054070234298706,0.7057734131813049,-0.8351601362228394,0.1466689109802246,-0.035980209708213806,0.9719622135162354,-0.289822518825531,0.03521446883678436,-0.8295507431030273,-0.17397944629192352,0.08046647906303406,0.9792276620864868,-0.19225510954856873,0.06965756416320801,-0.06863299012184143,-0.28932178020477295,0.0,0.0,-1.1624265909194946,0.018368257209658623,-1.351819396018982,1.2726962566375732,0.3737291693687439,-0.044127676635980606,0.25979337096214294,-1.1616971492767334,-0.22029727697372437,1.3102768659591675,1.2051610946655273,-0.3893600106239319,0.008122744970023632,-0.12958084046840668
5.017070770263672,0.9836226105690002,0.8469868302345276,0.05703536048531532,0.0412924699485302,-0.7047714591026306,0.7059313058853149,-0.8807342052459717,0.14975635707378387,-0.042257703840732574,1.0145647525787354,-0.28705835342407227,0.0331568643450737,-0.8752557635307312,-0.1722572147846222,0.08728434890508652,1.0198757648468018,-0.19053781032562256,0.07032083719968796,-0.06476277112960815,-0.2607034742832184,0.0,0.0,-1.2063329219818115,0.003838537260890007,-1.3575060367584229,1.297762393951416,0.36405614018440247,-0.03970155864953995,0.26123046875,-1.2129327058792114,-0.1738392412662506,1.319629430770874,1.2316484451293945,-0.37968963384628296,0.012973888777196407,-0.12909552454948425
5.016390800476074,0.9860165119171143,0.8374881744384766,0.059728145599365234,0.04355393350124359,-0.7043310403823853,0.7060123682022095,-0.9271104335784912,0.15281350910663605,-0.048827458173036575,1.0595135688781738,-0.2853327989578247,0.029281005263328552,-0.9186034202575684,-0.17067082226276398,0.09556785225868225,1.0562680959701538,-0.1879080981016159,0.07360093295574188,-0.060145750641822815,-0.2327958196401596,0.0,0.0,-1.241680383682251,-0.007768684532493353,-1.361162543296814,1.3190940618515015,0.3558136522769928,-0.034906625747680664,0.2634124755859375,-1.2543001174926758,-0.13481642305850983,1.3239604234695435,1.2566800117492676,-0.36898958683013916,0.017809979617595673,-0.12987938523292542
5.01549768447876,0.9889448881149292,0.8270232677459717,0.061841513961553574,0.04483512043952942,-0.7042495012283325,0.7058315277099609,-0.9758291244506836,0.1542179435491562,-0.05529714375734329,1.109493613243103,-0.2869473695755005,0.027149587869644165,-0.9618582725524902,-0.16968567669391632,0.10588589310646057,1.0946907997131348,-0.18815147876739502,0.07778298854827881,-0.05542059987783432,-0.2064029425382614,0.0,0.0,-1.2688533067703247,-0.015049852430820465,-1.3624529838562012,1.3332459926605225,0.3475545644760132,-0.030416183173656464,0.2671314477920532,-1.2859899997711182,-0.10395196080207825,1.3237074613571167,1.2764651775360107,-0.3595508635044098,0.022363044321537018,-0.1323494166135788
5.014431476593018,0.9917175769805908,0.814361035823822,0.06592613458633423,0.047786612063646317,-0.7044318914413452,0.7050857543945312,-1.03766667842865,0.15426209568977356,-0.061787575483322144,1.166551113128662,-0.2906010150909424,0.024668356403708458,-1.0162575244903564,-0.16891580820083618,0.1187683641910553,1.1385796070098877,-0.18947431445121765,0.08287668228149414,-0.052906498312950134,-0.18560372292995453,0.0,0.0,-1.2941129207611084,-0.022117912769317627,-1.3615821599960327,1.3454614877700806,0.3376345932483673,-0.025368498638272285,0.2720627188682556,-1.3153572082519531,-0.08043725043535233,1.3226721286773682,1.2934139966964722,-0.35028427839279175,0.02725788578391075,-0.13593097031116486
5.013463020324707,0.9945220947265625,0.8009759783744812,0.06941273808479309,0.05048857256770134,-0.7052133083343506,0.703780472278595,-1.098365306854248,0.15392984449863434,-0.06933548301458359,1.2218977212905884,-0.2962137758731842,0.02076709270477295,-1.0700442790985107,-0.1684541553258896,0.13187268376350403,1.1818084716796875,-0.19109152257442474,0.0891941636800766,-0.05255831032991409,-0.16608262062072754,0.0,0.0,-1.3156018257141113,-0.02484307438135147,-1.361966609954834,1.3529173135757446,0.3317284882068634,-0.020925678312778473,0.277099072933197,-1.3401896953582764,-0.06417407095432281,1.3236244916915894,1.3030853271484375,-0.3448980450630188,0.03042161464691162,-0.14033664762973785
5.012697219848633,0.9972226619720459,0.7866988182067871,0.07269936800003052,0.05317363515496254,-0.7065304517745972,0.7019274234771729,-1.1565122604370117,0.1537618637084961,-0.07673927396535873,1.2748686075210571,-0.3039586544036865,0.016984380781650543,-1.123996615409851,-0.16916103661060333,0.14441333711147308,1.2263731956481934,-0.19452933967113495,0.09510484337806702,-0.052440911531448364,-0.14902947843074799,0.0,0.0,-1.332942247390747,-0.021314837038517,-1.3627262115478516,1.3506860733032227,0.3282930850982666,-0.018065374344587326,0.2839148938655853,-1.3623225688934326,-0.05747435986995697,1.3240232467651367,1.3061611652374268,-0.3410720229148865,0.032305747270584106,-0.1459488570690155
5.012399673461914,0.9997652173042297,0.7729995846748352,0.07504276186227798,0.05551520735025406,-0.708634614944458,0.6993737816810608,-1.2062773704528809,0.154567688703537,-0.08416436612606049,1.3211307525634766,-0.3135523200035095,0.013491768389940262,-1.1723568439483643,-0.17054088413715363,0.15466439723968506,1.2672548294067383,-0.19796884059906006,0.10001668334007263,-0.05552808195352554,-0.1337566077709198,0.0,0.0,-1.3467540740966797,-0.009472634643316269,-1.3616572618484497,1.3366774320602417,0.3252891004085541,-0.016406655311584473,0.2934894859790802,-1.3782727718353271,-0.061759401112794876,1.3230167627334595,1.2961918115615845,-0.3380993902683258,0.03216788172721863,-0.1566135734319687
5.012465476989746,1.0019971132278442,0.760228157043457,0.07637076824903488,0.05700523778796196,-0.7113356590270996,0.6963616013526917,-1.2475316524505615,0.1561630219221115,-0.09156228601932526,1.3619024753570557,-0.3212781846523285,0.008309860713779926,-1.2137922048568726,-0.17266008257865906,0.16252431273460388,1.3051226139068604,-0.20128220319747925,0.10199075192213058,-0.06001005321741104,-0.12180393934249878,0.0,0.0,-1.3586641550064087,0.005741033237427473,-1.356858730316162,1.3187124729156494,0.31962287425994873,-0.014819403178989887,0.30377790331840515,-1.3906371593475342,-0.07068397849798203,1.3200170993804932,1.2788589000701904,-0.33426380157470703,0.03178824484348297,-0.16981637477874756
5.012723922729492,1.0039880275726318,0.7471732497215271,0.07812745869159698,0.05879099667072296,-0.7139540910720825,0.6933319568634033,-1.289679765701294,0.15867948532104492,-0.09777725487947464,1.4000482559204102,-0.325903058052063,0.001458844169974327,-1.2569106817245483,-0.1749766767024994,0.1691283881664276,1.342970609664917,-0.20399557054042816,0.10297330468893051,-0.06283991038799286,-0.11237937211990356,0.0,0.0,-1.3704465627670288,0.019358767196536064,-1.348785400390625,1.296448826789856,0.31187301874160767,-0.013426361605525017,0.31500402092933655,-1.401298999786377,-0.07939097285270691,1.3142544031143188,1.2614072561264038,-0.33091846108436584,0.033246561884880066,-0.183394193649292
5.013193130493164,1.0060983896255493,0.7330280542373657,0.08015947043895721,0.06058797240257263,-0.7165061831474304,0.6903060078620911,-1.3351315259933472,0.16127163171768188,-0.10335640609264374,1.4381945133209229,-0.3292948007583618,-0.005643525160849094,-1.3038872480392456,-0.17716099321842194,0.1756022870540619,1.3826892375946045,-0.20522603392601013,0.10302405059337616,-0.06478199362754822,-0.10204990208148956,0.0,0.0,-1.3780207633972168,0.03789227083325386,-1.3400529623031616,1.2602572441101074,0.3050989508628845,-0.014186288230121136,0.3303770422935486,-1.4098029136657715,-0.09333104640245438,1.3083438873291016,1.233606219291687,-0.3288939893245697,0.03219614550471306,-0.19904428720474243
5.013907432556152,1.008436918258667,0.7187625169754028,0.0820179358124733,0.061885684728622437,-0.7191357612609863,0.6872314214706421,-1.3804758787155151,0.16404373943805695,-0.10918037593364716,1.4739668369293213,-0.3301607370376587,-0.014885248616337776,-1.3508694171905518,-0.17941662669181824,0.18161940574645996,1.4207940101623535,-0.20375925302505493,0.10395579040050507,-0.06594628840684891,-0.09030579775571823,0.0,0.0,-1.382218360900879,0.05679895728826523,-1.3305968046188354,1.2249529361724854,0.29857558012008667,-0.014168506488204002,0.34397172927856445,-1.4151062965393066,-0.1110871434211731,1.3018248081207275,1.2088453769683838,-0.32504433393478394,0.031675174832344055,-0.21161606907844543
5.0146989822387695,1.010929822921753,0.7031919956207275,0.08449887484312057,0.06327706575393677,-0.7219192385673523,0.6838776469230652,-1.4304569959640503,0.16703739762306213,-0.114908367395401,1.5110321044921875,-0.3306087255477905,-0.023919420316815376,-1.403212308883667,-0.18100374937057495,0.187906414270401,1.4609289169311523,-0.2016344666481018,0.10583977401256561,-0.06716927886009216,-0.07925926148891449,0.0,0.0,-1.3850023746490479,0.07184725999832153,-1.323845386505127,1.2020409107208252,0.2923230826854706,-0.012543253600597382,0.3520660698413849,-1.4202196598052979,-0.12812688946723938,1.2975283861160278,1.1932957172393799,-0.32052138447761536,0.0326138511300087,-0.2181583046913147
5.015427112579346,1.0135486125946045,0.6864722371101379,0.08678890764713287,0.06445535272359848,-0.7247775793075562,0.6804488897323608,-1.484192967414856,0.16981148719787598,-0.12141233682632446,1.5506722927093506,-0.3319915533065796,-0.03294239565730095,-1.4582040309906006,-0.18040567636489868,0.19427771866321564,1.5029397010803223,-0.20001284778118134,0.10770297050476074,-0.06862290948629379,-0.06690585613250732,0.0,0.0,-1.3858590126037598,0.08658166229724884,-1.3167643547058105,1.1833760738372803,0.2846768796443939,-0.012556500732898712,0.3587071895599365,-1.4244651794433594,-0.14770498871803284,1.2950365543365479,1.1749258041381836,-0.31301748752593994,0.0312640443444252,-0.2227565348148346
5.016005992889404,1.0161213874816895,0.6692473888397217,0.08885283023118973,0.06538888812065125,-0.7271524667739868,0.6775535345077515,-1.5398643016815186,0.17218348383903503,-0.12859055399894714,1.5908600091934204,-0.3333607316017151,-0.04188244789838791,-1.5140949487686157,-0.1784009039402008,0.199942946434021,1.5447402000427246,-0.1975610852241516,0.11044548451900482,-0.06943923234939575,-0.05500146374106407,0.0,0.0,-1.3866939544677734,0.0987960696220398,-1.3110239505767822,1.1707913875579834,0.2761085033416748,-0.01258157193660736,0.3627382516860962,-1.4281964302062988,-0.1659955233335495,1.2941309213638306,1.1610167026519775,-0.30336934328079224,0.03062617778778076,-0.2255309671163559
5.016392707824707,1.018477201461792,0.6514924764633179,0.0907391905784607,0.06590849161148071,-0.728981077671051,0.6752845048904419,-1.5963141918182373,0.17475029826164246,-0.13522014021873474,1.631561040878296,-0.3357800245285034,-0.048952460289001465,-1.5710300207138062,-0.1753522753715515,0.20499879121780396,1.5862433910369873,-0.19606268405914307,0.1122608482837677,-0.06943191587924957,-0.043140560388565063,0.0,0.0,-1.3878971338272095,0.10761747509241104,-1.3057576417922974,1.1610771417617798,0.2669951319694519,-0.012924609705805779,0.3658798933029175,-1.4308500289916992,-0.18027004599571228,1.2914612293243408,1.1487865447998047,-0.2917569577693939,0.029816899448633194,-0.228994220495224
5.016542434692383,1.0205172300338745,0.6335553526878357,0.09196589887142181,0.06582041829824448,-0.7303390502929688,0.6736577749252319,-1.6509246826171875,0.17771777510643005,-0.1418706178665161,1.671737790107727,-0.33985745906829834,-0.054875582456588745,-1.6268362998962402,-0.1715257614850998,0.2089971899986267,1.6263960599899292,-0.19490662217140198,0.11338825523853302,-0.07021787017583847,-0.03249333053827286,0.0,0.0,-1.3907432556152344,0.11535808444023132,-1.2999083995819092,1.1525092124938965,0.257412314414978,-0.013568642549216747,0.37006622552871704,-1.4322030544281006,-0.1931072622537613,1.2884336709976196,1.133512020111084,-0.27961623668670654,0.028008155524730682,-0.235536128282547
5.016470432281494,1.0223007202148438,0.6161884665489197,0.09221389144659042,0.0647810846567154,-0.7313867211341858,0.6725871562957764,-1.7000070810317993,0.18016457557678223,-0.14822183549404144,1.7100064754486084,-0.34528040885925293,-0.05962140113115311,-1.677635908126831,-0.16669979691505432,0.21269699931144714,1.6653419733047485,-0.19522342085838318,0.11400170624256134,-0.07043585181236267,-0.021362733095884323,0.0,0.0,-1.3933663368225098,0.12194567918777466,-1.294219732284546,1.1444518566131592,0.24829405546188354,-0.013629378750920296,0.37423211336135864,-1.4317017793655396,-0.20387312769889832,1.283758282661438,1.1196534633636475,-0.26783162355422974,0.026987552642822266,-0.24274842441082
5.016305923461914,1.0239566564559937,0.6006000638008118,0.09271813929080963,0.06419093906879425,-0.7320844531059265,0.6718147993087769,-1.743975043296814,0.1819208860397339,-0.15467387437820435,1.742223858833313,-0.34910184144973755,-0.06417739391326904,-1.7237554788589478,-0.16189944744110107,0.21610888838768005,1.6986610889434814,-0.1956366002559662,0.11489935219287872,-0.07033397257328033,-0.012728733010590076,0.0,0.0,-1.3960707187652588,0.12638193368911743,-1.2857952117919922,1.1396431922912598,0.23871761560440063,-0.012323860079050064,0.3793178200721741,-1.4312562942504883,-0.21205416321754456,1.276017427444458,1.1111408472061157,-0.25583508610725403,0.027330752462148666,-0.2509053945541382
5.0160675048828125,1.0255448818206787,0.5878057479858398,0.09252654761075974,0.06315740942955017,-0.7326115965843201,0.671364426612854,-1.7782707214355469,0.1835029423236847,-0.16034507751464844,1.7661731243133545,-0.3511268198490143,-0.06748856604099274,-1.7602719068527222,-0.15771526098251343,0.2182689905166626,1.7244476079940796,-0.19501060247421265,0.11571724712848663,-0.07029927521944046,-0.004651906434446573,0.0,0.0,-1.39762544631958,0.13089963793754578,-1.2776817083358765,1.1374082565307617,0.22979873418807983,-0.010451875627040863,0.38296929001808167,-1.429430365562439,-0.2198653668165207,1.2692935466766357,1.1053032875061035,-0.24496978521347046,0.027334246784448624,-0.25666865706443787
5.015760898590088,1.027021884918213,0.577836275100708,0.0920773595571518,0.0619792677462101,-0.7329491972923279,0.6711674928665161,-1.8037843704223633,0.18481707572937012,-0.16465777158737183,1.7822407484054565,-0.35112977027893066,-0.06950397044420242,-1.787921667098999,-0.15339696407318115,0.22012987732887268,1.7433898448944092,-0.19411234557628632,0.11641141772270203,-0.07014283537864685,0.001802822109311819,0.0,0.0,-1.398964762687683,0.13648593425750732,-1.271018624305725,1.1374034881591797,0.22196543216705322,-0.008367362432181835,0.3855710029602051,-1.4267600774765015,-0.2276548147201538,1.264545202255249,1.100364089012146,-0.235559344291687,0.0262772087007761,-0.2598586082458496
5.015422821044922,1.0283432006835938,0.5707842111587524,0.09157484024763107,0.060935765504837036,-0.7332279086112976,0.6710273623466492,-1.821103811264038,0.18602032959461212,-0.16732732951641083,1.7896997928619385,-0.349161297082901,-0.06987908482551575,-1.8075757026672363,-0.14985787868499756,0.22083665430545807,1.754286289215088,-0.19210314750671387,0.1169145405292511,-0.06937158107757568,0.006207526661455631,0.0,0.0,-1.4002971649169922,0.1403137743473053,-1.2657686471939087,1.1405423879623413,0.21457591652870178,-0.005996480118483305,0.3866767883300781,-1.424072504043579,-0.2331613302230835,1.26163911819458,1.099822759628296,-0.2273169308900833,0.025600513443350792,-0.2602035105228424
5.015103340148926,1.0294976234436035,0.5670924782752991,0.09122492372989655,0.06003492325544357,-0.7337588667869568,0.6705756783485413,-1.8291957378387451,0.18807584047317505,-0.16726616024971008,1.7870488166809082,-0.3451586067676544,-0.06834545731544495,-1.8185429573059082,-0.1469900757074356,0.2202659696340561,1.7558977603912354,-0.18850970268249512,0.11621390283107758,-0.07006053626537323,0.008636154234409332,0.0,0.0,-1.4020981788635254,0.14345279335975647,-1.261497974395752,1.1447423696517944,0.20816071331501007,-0.004069617483764887,0.388652503490448,-1.4202312231063843,-0.23832890391349792,1.2606009244918823,1.0969054698944092,-0.22166012227535248,0.023028744384646416,-0.2612796425819397
5.014796257019043,1.0304702520370483,0.566935658454895,0.09106668084859848,0.05919274687767029,-0.7343815565109253,0.6699901223182678,-1.8269686698913574,0.1911294162273407,-0.16345693171024323,1.772796630859375,-0.33858588337898254,-0.06423323601484299,-1.820612907409668,-0.14473047852516174,0.21833188831806183,1.7471598386764526,-0.18334560096263885,0.11320638656616211,-0.07092155516147614,0.009637060575187206,0.0,0.0,-1.4028007984161377,0.14706255495548248,-1.2576475143432617,1.1448521614074707,0.20321854948997498,-0.0031513641588389874,0.39365488290786743,-1.41513991355896,-0.2437562644481659,1.258227825164795,1.0904300212860107,-0.2177434116601944,0.018995383754372597,-0.26393067836761475
5.0145087242126465,1.0312354564666748,0.5705402493476868,0.0909956693649292,0.058338712900877,-0.7349491715431213,0.6694521307945251,-1.8151123523712158,0.19505900144577026,-0.15520283579826355,1.7476661205291748,-0.32983922958374023,-0.0576682984828949,-1.8130767345428467,-0.14338769018650055,0.2137870192527771,1.7282500267028809,-0.17798838019371033,0.10801628232002258,-0.07171241194009781,0.00824684090912342,0.0,0.0,-1.4027366638183594,0.15029790997505188,-1.2534029483795166,1.1433196067810059,0.198958158493042,-0.0015919278375804424,0.40041714906692505,-1.4089986085891724,-0.2474139779806137,1.2549552917480469,1.0817010402679443,-0.21479502320289612,0.014633698388934135,-0.267328143119812
5.01425838470459,1.0317916870117188,0.5782581567764282,0.09076914191246033,0.057150665670633316,-0.7354907989501953,0.6689902544021606,-1.7930705547332764,0.1999633014202118,-0.14140355587005615,1.7117027044296265,-0.3210916817188263,-0.04768684133887291,-1.7946559190750122,-0.14384572207927704,0.2052949070930481,1.6981453895568848,-0.17417465150356293,0.10110890865325928,-0.07298804074525833,0.003558233380317688,0.0,0.0,-1.401118516921997,0.1533847153186798,-1.2494988441467285,1.1418232917785645,0.19573962688446045,0.0005721048219129443,0.4083327353000641,-1.402535080909729,-0.2495596706867218,1.2521414756774902,1.072509765625,-0.21334639191627502,0.010747196152806282,-0.27159786224365234
5.014064788818359,1.0321846008300781,0.5919970870018005,0.08963001519441605,0.05476977676153183,-0.7362238764762878,0.6685366630554199,-1.754868507385254,0.20530188083648682,-0.12045267969369888,1.661123514175415,-0.3146212100982666,-0.033480558544397354,-1.7582042217254639,-0.14655759930610657,0.19249431788921356,1.6513206958770752,-0.17568916082382202,0.09270467609167099,-0.07528972625732422,-0.0034050247631967068,0.0,0.0,-1.3949958086013794,0.15796762704849243,-1.2456209659576416,1.1384098529815674,0.1946219503879547,0.0025070493575185537,0.41803932189941406,-1.3931615352630615,-0.25085222721099854,1.2496870756149292,1.0605576038360596,-0.21406817436218262,0.006136651616543531,-0.2762208580970764
5.0138726234436035,1.032313585281372,0.6112484931945801,0.0875096470117569,0.05117522552609444,-0.737170934677124,0.668058454990387,-1.696765422821045,0.20979684591293335,-0.09312175214290619,1.5959104299545288,-0.3104163110256195,-0.016305968165397644,-1.703974723815918,-0.1504640430212021,0.17746587097644806,1.5914465188980103,-0.18170711398124695,0.08423476666212082,-0.0785459652543068,-0.012856276705861092,0.0,0.0,-1.3835959434509277,0.1618485003709793,-1.2415204048156738,1.134420394897461,0.1940445452928543,0.004027490504086018,0.4275014102458954,-1.3782563209533691,-0.24953261017799377,1.2446587085723877,1.0489323139190674,-0.21535319089889526,0.0021231514401733875,-0.28053462505340576
5.013535976409912,1.031835913658142,0.6343958377838135,0.08506946265697479,0.04759985953569412,-0.7377774715423584,0.6679684519767761,-1.622532844543457,0.21023818850517273,-0.06416264921426773,1.5192548036575317,-0.3062202036380768,-0.0007028281688690186,-1.6372474431991577,-0.15406931936740875,0.16265127062797546,1.526860237121582,-0.19009287655353546,0.07751605659723282,-0.08131404966115952,-0.026103127747774124,0.0,0.0,-1.368809700012207,0.1611846387386322,-1.23922598361969,1.1347671747207642,0.19414576888084412,0.005115243140608072,0.43318450450897217,-1.3594001531600952,-0.24108482897281647,1.2401102781295776,1.0409148931503296,-0.21843844652175903,-0.0006040468579158187,-0.2820291221141815
5.012989521026611,1.0300503969192505,0.6595416069030762,0.08364124596118927,0.04558983072638512,-0.7377186417579651,0.6683538556098938,-1.5415823459625244,0.20493076741695404,-0.03782489523291588,1.4386816024780273,-0.30168622732162476,0.012766717933118343,-1.5658390522003174,-0.15539203584194183,0.15200068056583405,1.4632591009140015,-0.1965688169002533,0.07450182735919952,-0.08627016097307205,-0.042364105582237244,0.0,0.0,-1.3529152870178223,0.1607832908630371,-1.2394107580184937,1.1296238899230957,0.19750243425369263,0.0032058069482445717,0.4375472068786621,-1.3365347385406494,-0.2340136170387268,1.2344197034835815,1.0280201435089111,-0.2231057584285736,-0.004598591011017561,-0.2839715778827667
5.012238502502441,1.0260536670684814,0.6870673298835754,0.08287490159273148,0.04515571892261505,-0.736888587474823,0.6693936586380005,-1.4565938711166382,0.1952437162399292,-0.017152059823274612,1.360112190246582,-0.2969774603843689,0.022653525695204735,-1.4876160621643066,-0.15608558058738708,0.14440569281578064,1.398643136024475,-0.20248153805732727,0.07566310465335846,-0.09144673496484756,-0.06354402005672455,0.0,0.0,-1.3380262851715088,0.15362101793289185,-1.2455816268920898,1.136321783065796,0.2037745714187622,0.0014499486424028873,0.433742493391037,-1.3171474933624268,-0.2223549485206604,1.235036849975586,1.0320465564727783,-0.23062163591384888,-0.004724958911538124,-0.2788301110267639
5.011290550231934,1.0196913480758667,0.7141484022140503,0.0822652205824852,0.045362599194049835,-0.7359551787376404,0.6704809069633484,-1.3737866878509521,0.1838930994272232,-0.0018713697791099548,1.2917336225509644,-0.2921663820743561,0.029453139752149582,-1.4081263542175293,-0.1558215618133545,0.13961905241012573,1.3388569355010986,-0.20814546942710876,0.07762885838747025,-0.09746727347373962,-0.08577141165733337,0.0,0.0,-1.324853777885437,0.1421661674976349,-1.250434398651123,1.1528384685516357,0.20982007682323456,-0.001593742286786437,0.42559850215911865,-1.3016973733901978,-0.20992416143417358,1.2351653575897217,1.0451908111572266,-0.2376534640789032,-0.0039826733991503716,-0.27240902185440063
5.010169982910156,1.0114489793777466,0.7408543825149536,0.08011544495820999,0.0440232940018177,-0.735205888748169,0.6716514825820923,-1.2881278991699219,0.17219996452331543,0.009699182584881783,1.2317969799041748,-0.2902594208717346,0.03474735841155052,-1.3219561576843262,-0.15574689209461212,0.13623328506946564,1.281661868095398,-0.2155143767595291,0.08052654564380646,-0.10260728001594543,-0.10625074803829193,0.0,0.0,-1.3102736473083496,0.13447602093219757,-1.2572681903839111,1.1691858768463135,0.21959269046783447,-0.00645549176260829,0.4135928750038147,-1.2870752811431885,-0.20304420590400696,1.237723708152771,1.05655038356781,-0.2474420666694641,-0.004976287484169006,-0.26217663288116455
5.008961200714111,1.0018075704574585,0.7659529447555542,0.07619711011648178,0.04130804166197777,-0.735110342502594,0.6723841428756714,-1.2023273706436157,0.16180038452148438,0.01810828596353531,1.1800181865692139,-0.2899817228317261,0.03888380527496338,-1.23193359375,-0.15498597919940948,0.13415583968162537,1.2266156673431396,-0.22321629524230957,0.08439075946807861,-0.10808900743722916,-0.12601441144943237,0.0,0.0,-1.2961957454681396,0.1288684755563736,-1.2640541791915894,1.1837358474731445,0.22954988479614258,-0.012200526893138885,0.39914315938949585,-1.2731952667236328,-0.200800821185112,1.242100715637207,1.0634499788284302,-0.25816816091537476,-0.006599825341254473,-0.2495303452014923
5.007715225219727,0.9915435314178467,0.7874730825424194,0.07048481702804565,0.0368468314409256,-0.7352695465087891,0.6730920672416687,-1.1177456378936768,0.1521528959274292,0.02331136353313923,1.136044979095459,-0.29023128747940063,0.04118110239505768,-1.1436972618103027,-0.1537630259990692,0.13425932824611664,1.179067850112915,-0.2316896915435791,0.08734381198883057,-0.11075206100940704,-0.1395544856786728,0.0,0.0,-1.2765579223632812,0.11648042500019073,-1.264643907546997,1.1984920501708984,0.23704743385314941,-0.01716209016740322,0.38477659225463867,-1.258996844291687,-0.19300362467765808,1.2422540187835693,1.073925495147705,-0.2689494788646698,-0.006550179794430733,-0.23708081245422363
5.006464958190918,0.9813560247421265,0.8052491545677185,0.06442046910524368,0.03208800032734871,-0.7354524731636047,0.6737433075904846,-1.0413349866867065,0.14349766075611115,0.026447445154190063,1.100459098815918,-0.29139983654022217,0.043158046901226044,-1.0628464221954346,-0.15236389636993408,0.13586854934692383,1.1380223035812378,-0.23878389596939087,0.09009110182523727,-0.11249153316020966,-0.1506587266921997,0.0,0.0,-1.255505084991455,0.10665719956159592,-1.2629246711730957,1.207168698310852,0.24438923597335815,-0.02200896665453911,0.37153366208076477,-1.2441731691360474,-0.18777912855148315,1.243312120437622,1.0763623714447021,-0.28168922662734985,-0.007761293090879917,-0.22433480620384216
5.005269527435303,0.9716709852218628,0.8187037706375122,0.05891821160912514,0.02810833789408207,-0.7350894808769226,0.6748200058937073,-0.9776201248168945,0.135923832654953,0.026708997786045074,1.0740387439727783,-0.29368826746940613,0.04463221877813339,-0.9954065084457397,-0.15000152587890625,0.13859903812408447,1.1061301231384277,-0.24397209286689758,0.09088754653930664,-0.11415430158376694,-0.16194790601730347,0.0,0.0,-1.2378177642822266,0.09850835800170898,-1.2618144750595093,1.2066048383712769,0.25195762515068054,-0.02656988799571991,0.3602396845817566,-1.2299339771270752,-0.18768158555030823,1.245375156402588,1.0697495937347412,-0.29484888911247253,-0.008888274431228638,-0.2131810188293457
5.00417947769165,0.9626682996749878,0.8296535611152649,0.0534081868827343,0.02454657107591629,-0.7339887619018555,0.6766133308410645,-0.921545147895813,0.13009746372699738,0.025802258402109146,1.0496797561645508,-0.29656797647476196,0.04491054266691208,-0.9365385174751282,-0.14673714339733124,0.14119869470596313,1.0765596628189087,-0.2462514042854309,0.09139098972082138,-0.11848072707653046,-0.17006227374076843,0.0,0.0,-1.221108317375183,0.09021133929491043,-1.2577869892120361,1.2083734273910522,0.25896915793418884,-0.029790453612804413,0.34968313574790955,-1.2140533924102783,-0.19080469012260437,1.244951605796814,1.0599446296691895,-0.30793386697769165,-0.009375445544719696,-0.20446044206619263
5.003123760223389,0.9545289278030396,0.8380975723266602,0.04950101673603058,0.022513940930366516,-0.7320395708084106,0.679088294506073,-0.8786709308624268,0.12568488717079163,0.024338148534297943,1.0291324853897095,-0.29995590448379517,0.045074041932821274,-0.8917936086654663,-0.14297278225421906,0.14397165179252625,1.0505179166793823,-0.24489998817443848,0.09112749993801117,-0.1266079545021057,-0.17959564924240112,0.0,0.0,-1.2085113525390625,0.08708568662405014,-1.2540704011917114,1.2061747312545776,0.26501309871673584,-0.0330650769174099,0.3407464325428009,-1.2011258602142334,-0.2013651430606842,1.2475255727767944,1.0325394868850708,-0.3209311366081238,-0.011930808424949646,-0.1970258206129074
5.002134323120117,0.9475356340408325,0.8465155363082886,0.04493218660354614,0.019570276141166687,-0.7292163968086243,0.6825258135795593,-0.834317684173584,0.12108398973941803,0.02308596670627594,1.0006933212280273,-0.30018267035484314,0.04240429401397705,-0.846900463104248,-0.1403709053993225,0.1459501087665558,1.0197502374649048,-0.24055126309394836,0.09263664484024048,-0.132536381483078,-0.18724438548088074,0.0,0.0,-1.1949931383132935,0.07910239696502686,-1.2531920671463013,1.2127599716186523,0.27182865142822266,-0.03596148639917374,0.32727184891700745,-1.1943023204803467,-0.20764291286468506,1.2557694911956787,1.0223450660705566,-0.3356441557407379,-0.012289862148463726,-0.18371613323688507
5.001231670379639,0.9417219758033752,0.8533491492271423,0.042575251311063766,0.018886856734752655,-0.7259846925735474,0.6861318945884705,-0.80323725938797,0.1178678423166275,0.02220049500465393,0.9728078842163086,-0.29730308055877686,0.03889721632003784,-0.8157169818878174,-0.13734480738639832,0.14706730842590332,0.9918174743652344,-0.23393261432647705,0.09216457605361938,-0.13799725472927094,-0.19618386030197144,0.0,0.0,-1.187054991722107,0.064999058842659,-1.253090739250183,1.2237826585769653,0.27615123987197876,-0.03802269697189331,0.3148280680179596,-1.1942775249481201,-0.20806369185447693,1.26547372341156,1.024285078048706,-0.3486008048057556,-0.009940635412931442,-0.17400933802127838
5.0003767013549805,0.9369966983795166,0.8594604134559631,0.04079275205731392,0.018698398023843765,-0.7229002714157104,0.689493715763092,-0.7791638374328613,0.11605197191238403,0.021606141701340675,0.9465951919555664,-0.2925119400024414,0.034781575202941895,-0.7918661832809448,-0.1345033049583435,0.14669135212898254,0.9658432006835938,-0.22440113127231598,0.08929354697465897,-0.14325575530529022,-0.2026505321264267,0.0,0.0,-1.1826850175857544,0.04953959584236145,-1.2531709671020508,1.2411186695098877,0.2796751856803894,-0.039276283234357834,0.3029751777648926,-1.1977112293243408,-0.20731109380722046,1.2750951051712036,1.0306718349456787,-0.3585506081581116,-0.007446673233062029,-0.1668635606765747
4.999492645263672,0.9331842660903931,0.8640480041503906,0.03899979218840599,0.01903565227985382,-0.7200497984886169,0.6925640106201172,-0.7619950771331787,0.11659470945596695,0.01986577920615673,0.9256032705307007,-0.2887219190597534,0.031020870432257652,-0.7733398675918579,-0.1304563581943512,0.14492399990558624,0.9429818391799927,-0.21473070979118347,0.0847974643111229,-0.1463088095188141,-0.20859257876873016,0.0,0.0,-1.1807748079299927,0.042242664843797684,-1.2512272596359253,1.252377986907959,0.282611221075058,-0.04119401052594185,0.295534610748291,-1.205885410308838,-0.2113240659236908,1.2817552089691162,1.0290510654449463,-0.3639337420463562,-0.006542562507092953,-0.16404882073402405
4.998518943786621,0.9301015138626099,0.867642879486084,0.03738261014223099,0.019565697759389877,-0.717093825340271,0.6956983208656311,-0.7494997382164001,0.11904123425483704,0.019269824028015137,0.9074047803878784,-0.28559401631355286,0.027405431494116783,-0.7592020034790039,-0.12603816390037537,0.14229777455329895,0.9214603900909424,-0.20535358786582947,0.07894846051931381,-0.14786610007286072,-0.21310266852378845,0.0,0.0,-1.180681824684143,0.03229140117764473,-1.2479877471923828,1.2652320861816406,0.2839910089969635,-0.04148504137992859,0.2899667024612427,-1.2180907726287842,-0.2130814492702484,1.2842330932617188,1.038209319114685,-0.36490464210510254,-0.002526688389480114,-0.1643793135881424
4.997415065765381,0.9276397824287415,0.8704730272293091,0.03598937392234802,0.019803207367658615,-0.7136545181274414,0.6992924213409424,-0.7401098012924194,0.12253917753696442,0.020760376006364822,0.8928269743919373,-0.28407907485961914,0.025467071682214737,-0.7482846975326538,-0.12313571572303772,0.13875456154346466,0.9034945368766785,-0.19717316329479218,0.07202862948179245,-0.1500188261270523,-0.21428672969341278,0.0,0.0,-1.1804680824279785,0.02317715808749199,-1.2425566911697388,1.2740100622177124,0.2845456600189209,-0.04122568666934967,0.28812533617019653,-1.2300446033477783,-0.21642786264419556,1.2840332984924316,1.0463685989379883,-0.36453190445899963,0.0012193656293675303,-0.16821475327014923
4.996237277984619,0.9256700873374939,0.8732916712760925,0.035441480576992035,0.02063271589577198,-0.7102751731872559,0.7027285099029541,-0.7343025803565979,0.12672197818756104,0.0230729877948761,0.8791438937187195,-0.2826119661331177,0.023633765056729317,-0.7409927248954773,-0.12142820656299591,0.1337493360042572,0.885936975479126,-0.1878466159105301,0.06500939279794693,-0.15240739285945892,-0.215713232755661,0.0,0.0,-1.182424783706665,0.01691431738436222,-1.2374122142791748,1.2776765823364258,0.2843354046344757,-0.04054897278547287,0.28911662101745605,-1.243111491203308,-0.22365906834602356,1.2832446098327637,1.049869418144226,-0.36175796389579773,0.004480684641748667,-0.1737385392189026
4.9950690269470215,0.9242171049118042,0.875591516494751,0.03471533581614494,0.020862624049186707,-0.706960141658783,0.7060927152633667,-0.7291698455810547,0.13054847717285156,0.025543347001075745,0.8684877157211304,-0.28353098034858704,0.022841857746243477,-0.734748363494873,-0.12070119380950928,0.12883470952510834,0.8706198334693909,-0.17962944507598877,0.06012319028377533,-0.15664833784103394,-0.21532794833183289,0.0,0.0,-1.1827988624572754,0.015827320516109467,-1.2321100234985352,1.279675006866455,0.28435611724853516,-0.04000229015946388,0.29014676809310913,-1.2537623643875122,-0.23723898828029633,1.2830241918563843,1.0423961877822876,-0.3582497835159302,0.0048781028017401695,-0.1777721345424652
4.993966102600098,0.923086941242218,0.8771230578422546,0.03490399941802025,0.02186364307999611,-0.7040173411369324,0.7089875340461731,-0.7294825315475464,0.1351856291294098,0.028024353086948395,0.8624551892280579,-0.28529226779937744,0.02290527895092964,-0.7335050106048584,-0.12046675384044647,0.12357904016971588,0.85909104347229,-0.1719539910554886,0.05559701845049858,-0.16154107451438904,-0.21532148122787476,0.0,0.0,-1.1864656209945679,0.016805633902549744,-1.2281522750854492,1.2806336879730225,0.283046692609787,-0.03905927389860153,0.29235225915908813,-1.2603589296340942,-0.25219249725341797,1.282771110534668,1.0325860977172852,-0.35447344183921814,0.005725554656237364,-0.1825414001941681
4.992994785308838,0.922214925289154,0.8778723478317261,0.0354074127972126,0.022830726578831673,-0.7016433477401733,0.7112817764282227,-0.7330013513565063,0.1400889903306961,0.030853725969791412,0.860396146774292,-0.28659188747406006,0.023898214101791382,-0.7348207235336304,-0.12084592133760452,0.1191353052854538,0.852641761302948,-0.16661515831947327,0.05112086981534958,-0.16661177575588226,-0.21477766335010529,0.0,0.0,-1.1909101009368896,0.01460864208638668,-1.2272396087646484,1.2852238416671753,0.28318148851394653,-0.03746950626373291,0.2939709424972534,-1.2654099464416504,-0.2634056806564331,1.2849531173706055,1.0284461975097656,-0.3532556891441345,0.007182121276855469,-0.18575811386108398
4.992162704467773,0.9215936660766602,0.8784892559051514,0.03539745509624481,0.022327514365315437,-0.7000027298927307,0.712912917137146,-0.7342113256454468,0.1440107822418213,0.0357288233935833,0.8596081137657166,-0.28837117552757263,0.026091832667589188,-0.7335721254348755,-0.1229606419801712,0.11658325046300888,0.8478999137878418,-0.16305886209011078,0.048448555171489716,-0.17322614789009094,-0.2122436761856079,0.0,0.0,-1.192331314086914,0.011750455014407635,-1.2272608280181885,1.2893054485321045,0.285302996635437,-0.03594399243593216,0.29562318325042725,-1.2673494815826416,-0.2780205011367798,1.2854244709014893,1.0224796533584595,-0.3526245951652527,0.007370837032794952,-0.18825778365135193
4.991450786590576,0.9210898280143738,0.8789052963256836,0.03602058067917824,0.02171669900417328,-0.6990854144096375,0.7138000726699829,-0.7368675470352173,0.1470145285129547,0.04198818653821945,0.8608664870262146,-0.29096707701683044,0.03052542358636856,-0.7330752611160278,-0.12682190537452698,0.11479862034320831,0.8458009958267212,-0.1612570583820343,0.04612429812550545,-0.18027286231517792,-0.2104281187057495,0.0,0.0,-1.1928330659866333,0.008713843300938606,-1.2270803451538086,1.2966744899749756,0.28624311089515686,-0.034008756279945374,0.29675793647766113,-1.2691242694854736,-0.29026052355766296,1.2893414497375488,1.0164742469787598,-0.3532387614250183,0.007065633311867714,-0.18888606131076813
4.990983486175537,0.9207711219787598,0.8784725666046143,0.03727463632822037,0.0205447468906641,-0.6986587643623352,0.7141879796981812,-0.7410495281219482,0.14739717543125153,0.04890773817896843,0.865653395652771,-0.29572978615760803,0.03730543702840805,-0.7351096868515015,-0.13299202919006348,0.11501237750053406,0.8504021763801575,-0.161390483379364,0.04468728229403496,-0.19133852422237396,-0.20904996991157532,0.0,0.0,-1.1915396451950073,0.013960165902972221,-1.226035237312317,1.3016399145126343,0.2893192172050476,-0.03290030360221863,0.29903391003608704,-1.2689330577850342,-0.31454551219940186,1.2932730913162231,1.0004847049713135,-0.3529536724090576,0.003869616659358144,-0.19014254212379456
4.990753173828125,0.9205648899078369,0.8781865835189819,0.039328765124082565,0.019984573125839233,-0.6987844705581665,0.7139706611633301,-0.7458259463310242,0.146879643201828,0.05590217560529709,0.8698228597640991,-0.3006632924079895,0.04441715404391289,-0.7382665872573853,-0.13982294499874115,0.11555057764053345,0.8542957305908203,-0.16013222932815552,0.04480232298374176,-0.20104217529296875,-0.20945997536182404,0.0,0.0,-1.1914172172546387,0.021571073681116104,-1.2272367477416992,1.2981669902801514,0.29164329171180725,-0.03304557874798775,0.3010220229625702,-1.2671871185302734,-0.3393978476524353,1.2997312545776367,0.9785809516906738,-0.3532041609287262,1.1883676052093506e-06,-0.18901416659355164
4.99085807800293,0.9205426573753357,0.877363383769989,0.04244411736726761,0.020305005833506584,-0.6991996169090271,0.7133765816688538,-0.7546061277389526,0.1452351063489914,0.0639302134513855,0.8767639398574829,-0.30643588304519653,0.05280888080596924,-0.7460769414901733,-0.14636516571044922,0.11813292652368546,0.8606680631637573,-0.1591341197490692,0.046147216111421585,-0.2101004421710968,-0.20920494198799133,0.0,0.0,-1.1912152767181396,0.027356863021850586,-1.227715253829956,1.2930456399917603,0.2925349473953247,-0.03299833834171295,0.3026593327522278,-1.2629077434539795,-0.3587697148323059,1.3031284809112549,0.9634758234024048,-0.35354191064834595,-0.002005620626732707,-0.18808549642562866
4.991369724273682,0.9207109808921814,0.8749725818634033,0.04723037779331207,0.021490367129445076,-0.7002177834510803,0.7120410799980164,-0.7700342535972595,0.14045481383800507,0.06992574781179428,0.8891148567199707,-0.31359076499938965,0.06215754896402359,-0.7632074356079102,-0.15312130749225616,0.12501679360866547,0.8750417232513428,-0.15771815180778503,0.04970424622297287,-0.22098594903945923,-0.21008652448654175,0.0,0.0,-1.1936168670654297,0.03812748193740845,-1.2300341129302979,1.2791284322738647,0.2928731441497803,-0.03377535939216614,0.3058490455150604,-1.2559689283370972,-0.38193875551223755,1.3082079887390137,0.9376403093338013,-0.35387036204338074,-0.006246291566640139,-0.18736934661865234
4.992490768432617,0.9208674430847168,0.8715115785598755,0.052818216383457184,0.023753896355628967,-0.7030618786811829,0.708766520023346,-0.7904495596885681,0.13575780391693115,0.074170783162117,0.9061892032623291,-0.32382410764694214,0.07304726541042328,-0.7864294648170471,-0.1602349877357483,0.1315772980451584,0.8932067155838013,-0.1550593078136444,0.05474679172039032,-0.2320040762424469,-0.2136613130569458,0.0,0.0,-1.2006757259368896,0.05541877821087837,-1.23469877243042,1.2594892978668213,0.2923349142074585,-0.03567426651716232,0.3116905689239502,-1.2494685649871826,-0.4047400951385498,1.3153916597366333,0.9068830013275146,-0.35370567440986633,-0.011441085487604141,-0.1896074414253235
4.994223117828369,0.9209868907928467,0.8647327423095703,0.05843012407422066,0.026898592710494995,-0.7081759572029114,0.7030996680259705,-0.8194127082824707,0.13359591364860535,0.07702893763780594,0.9384202361106873,-0.33924293518066406,0.08751580119132996,-0.8218989372253418,-0.16636323928833008,0.1359654664993286,0.9268721342086792,-0.15280874073505402,0.05888029932975769,-0.24250930547714233,-0.21548312902450562,0.0,0.0,-1.2107042074203491,0.074994295835495,-1.2392756938934326,1.2394638061523438,0.2914600372314453,-0.03730262815952301,0.3206336498260498,-1.2416858673095703,-0.42244207859039307,1.3233675956726074,0.8775072693824768,-0.35440951585769653,-0.016850847750902176,-0.19537292420864105
4.996213912963867,0.921099066734314,0.8549344539642334,0.0642511323094368,0.03097425028681755,-0.7151923775672913,0.6952785849571228,-0.8554656505584717,0.13445508480072021,0.07838979363441467,0.9837877750396729,-0.358676016330719,0.10277222096920013,-0.8703195452690125,-0.17022019624710083,0.13609579205513,0.9726285934448242,-0.15080475807189941,0.05988694727420807,-0.24976003170013428,-0.21502059698104858,0.0,0.0,-1.2250921726226807,0.09456774592399597,-1.2445347309112549,1.2167788743972778,0.2905486524105072,-0.038400545716285706,0.3339114785194397,-1.2308082580566406,-0.43225404620170593,1.3288722038269043,0.8506247997283936,-0.3562491536140442,-0.021649088710546494,-0.20646139979362488
4.998196601867676,0.921777069568634,0.8452184200286865,0.06929704546928406,0.034948576241731644,-0.7241665720939636,0.6852440237998962,-0.8912761807441711,0.13764196634292603,0.07737419009208679,1.0313845872879028,-0.3779623508453369,0.11437227576971054,-0.9194396734237671,-0.17063136398792267,0.1307889074087143,1.0139350891113281,-0.15080809593200684,0.05719975754618645,-0.24872608482837677,-0.2105870246887207,0.0,0.0,-1.2363461256027222,0.11148475855588913,-1.2498087882995605,1.194202184677124,0.2921767830848694,-0.0384187176823616,0.3483862578868866,-1.2180641889572144,-0.43314218521118164,1.3335975408554077,0.8337797522544861,-0.3603093922138214,-0.024704689159989357,-0.21650639176368713
5.000060081481934,0.9234843254089355,0.836030125617981,0.07546742260456085,0.039557650685310364,-0.7340540289878845,0.673724353313446,-0.9310211539268494,0.13998404145240784,0.07351595163345337,1.0747148990631104,-0.39176303148269653,0.12165020406246185,-0.9708251357078552,-0.16822181642055511,0.12674777209758759,1.0482761859893799,-0.1501573920249939,0.0572873093187809,-0.24486079812049866,-0.20873203873634338,0.0,0.0,-1.2481282949447632,0.1324726641178131,-1.2610684633255005,1.1743524074554443,0.29694420099258423,-0.03880318999290466,0.3609203100204468,-1.2079267501831055,-0.44244223833084106,1.343063473701477,0.8224256038665771,-0.3636569678783417,-0.02812395989894867,-0.22229188680648804
5.001852989196777,0.9262732267379761,0.826337993144989,0.08283782005310059,0.04534012824296951,-0.7439627647399902,0.6615145206451416,-0.9810841083526611,0.14241915941238403,0.0652976930141449,1.1189165115356445,-0.3990001082420349,0.12495681643486023,-1.0265374183654785,-0.16270606219768524,0.12600162625312805,1.0805386304855347,-0.14848002791404724,0.059838421642780304,-0.23752179741859436,-0.20917215943336487,0.0,0.0,-1.2627031803131104,0.14763712882995605,-1.277219295501709,1.1644301414489746,0.3042171001434326,-0.03730504959821701,0.37195003032684326,-1.2054320573806763,-0.4486183226108551,1.358926773071289,0.82030189037323,-0.36693185567855835,-0.02918180078268051,-0.22737565636634827
5.003951072692871,0.9302091598510742,0.8161766529083252,0.09102298319339752,0.051528219133615494,-0.7536084055900574,0.6489483118057251,-1.0415641069412231,0.14462295174598694,0.05397576838731766,1.16559636592865,-0.39850038290023804,0.12441743910312653,-1.0846911668777466,-0.15533792972564697,0.1283784806728363,1.1108100414276123,-0.1464649885892868,0.06236548349261284,-0.22499847412109375,-0.20491346716880798,0.0,0.0,-1.277410626411438,0.15087632834911346,-1.2869163751602173,1.165508508682251,0.3085130453109741,-0.03304630517959595,0.3840920925140381,-1.2060699462890625,-0.43852877616882324,1.3634341955184937,0.834829568862915,-0.36761054396629333,-0.024255836382508278,-0.23897486925125122
5.006340026855469,0.9352507591247559,0.8054680228233337,0.09942574054002762,0.05749272182583809,-0.7627356052398682,0.6364303231239319,-1.1085772514343262,0.14624598622322083,0.039474353194236755,1.2111995220184326,-0.3918403387069702,0.11824402213096619,-1.1429189443588257,-0.14680959284305573,0.13423892855644226,1.1408071517944336,-0.14440858364105225,0.06637576222419739,-0.21031823754310608,-0.19726774096488953,0.0,0.0,-1.2935519218444824,0.14961764216423035,-1.2944157123565674,1.1670528650283813,0.3116549551486969,-0.02879759669303894,0.3971700966358185,-1.2068735361099243,-0.42384302616119385,1.3600081205368042,0.8601084351539612,-0.36671707034111023,-0.016554314643144608,-0.2543916404247284
5.008715629577637,0.9410444498062134,0.7935351133346558,0.10814357548952103,0.06324566155672073,-0.7710009813308716,0.6243897080421448,-1.1815619468688965,0.14768582582473755,0.02200678177177906,1.2546502351760864,-0.38142263889312744,0.10812008380889893,-1.2039902210235596,-0.13711288571357727,0.1415967345237732,1.1735783815383911,-0.14221954345703125,0.07034330815076828,-0.19657447934150696,-0.1888422667980194,0.0,0.0,-1.310667872428894,0.1496139019727707,-1.3042656183242798,1.1692426204681396,0.31633225083351135,-0.024262746796011925,0.40846580266952515,-1.2110234498977661,-0.4120451807975769,1.358741044998169,0.8850836753845215,-0.3644883632659912,-0.009401323273777962,-0.269997775554657
5.011085033416748,0.9471700191497803,0.77961665391922,0.11623542755842209,0.06815588474273682,-0.778150737285614,0.61345374584198,-1.2583858966827393,0.14767217636108398,0.0020363936200737953,1.2986600399017334,-0.36845529079437256,0.09547853469848633,-1.267516851425171,-0.12717485427856445,0.14989754557609558,1.2125582695007324,-0.14079293608665466,0.073292076587677,-0.1815113127231598,-0.17725573480129242,0.0,0.0,-1.3249807357788086,0.1449589878320694,-1.3094455003738403,1.1729199886322021,0.31903406977653503,-0.018937446177005768,0.4179680347442627,-1.2187319993972778,-0.39570942521095276,1.3539128303527832,0.9162782430648804,-0.3594858944416046,-0.00042555946856737137,-0.2851598560810089
5.013455867767334,0.9532045125961304,0.7638209462165833,0.12349120527505875,0.07196290791034698,-0.784411609172821,0.6035474538803101,-1.335627794265747,0.14603842794895172,-0.01913454942405224,1.3443603515625,-0.3580039143562317,0.0828518271446228,-1.3327076435089111,-0.11675870418548584,0.15858368575572968,1.2572088241577148,-0.14001980423927307,0.07597348093986511,-0.17064757645130157,-0.1647452414035797,0.0,0.0,-1.3397871255874634,0.14325504004955292,-1.31698739528656,1.171374797821045,0.32353678345680237,-0.014315228909254074,0.4264872670173645,-1.2260189056396484,-0.3867896795272827,1.351806402206421,0.9373278617858887,-0.3531966507434845,0.004796935711055994,-0.2994975745677948
5.015912055969238,0.9588037133216858,0.7458983063697815,0.12909555435180664,0.0744008868932724,-0.7898918986320496,0.5948693752288818,-1.4087951183319092,0.1434708535671234,-0.03915178030729294,1.3909482955932617,-0.35065245628356934,0.07181549072265625,-1.3982062339782715,-0.10598669946193695,0.16733592748641968,1.3083908557891846,-0.14036321640014648,0.07699976861476898,-0.16181837022304535,-0.14869779348373413,0.0,0.0,-1.3503522872924805,0.14139972627162933,-1.3226789236068726,1.1629579067230225,0.3271615505218506,-0.010307112708687782,0.43345651030540466,-1.233628749847412,-0.38139259815216064,1.347951054573059,0.952133059501648,-0.34457722306251526,0.008348810486495495,-0.31318292021751404
5.018350601196289,0.9638234376907349,0.7275410890579224,0.13452985882759094,0.07666464895009995,-0.7943407893180847,0.5874070525169373,-1.4779253005981445,0.13947072625160217,-0.056978680193424225,1.4337739944458008,-0.34520280361175537,0.06267064809799194,-1.4632647037506104,-0.09456440061330795,0.17609646916389465,1.3584845066070557,-0.13899636268615723,0.07831202447414398,-0.15688103437423706,-0.13466444611549377,0.0,0.0,-1.3598926067352295,0.14287734031677246,-1.3309972286224365,1.1519722938537598,0.33313626050949097,-0.006324879825115204,0.4398385286331177,-1.2420254945755005,-0.3822750151157379,1.346629023551941,0.9599976539611816,-0.33710598945617676,0.010007725097239017,-0.32569199800491333
5.020620346069336,0.9681099653244019,0.7090781331062317,0.13811670243740082,0.07729183882474899,-0.7983521223068237,0.5810195207595825,-1.5388027429580688,0.13435019552707672,-0.07233719527721405,1.474128246307373,-0.3428366780281067,0.05419444665312767,-1.5227875709533691,-0.08166753500699997,0.18533214926719666,1.4081482887268066,-0.1376396268606186,0.08012519776821136,-0.15402662754058838,-0.11986741423606873,0.0,0.0,-1.3687629699707031,0.1476600468158722,-1.3394852876663208,1.1372919082641602,0.33844467997550964,-0.0028211865574121475,0.4439202547073364,-1.248229742050171,-0.39034563302993774,1.3450331687927246,0.9610913991928101,-0.3270895481109619,0.00990309938788414,-0.33647140860557556
5.022720813751221,0.9718894362449646,0.6907737851142883,0.14142334461212158,0.07760020345449448,-0.8017325401306152,0.5755020380020142,-1.5969903469085693,0.12907928228378296,-0.08565916121006012,1.5115134716033936,-0.341435045003891,0.04574635624885559,-1.5807673931121826,-0.06883157789707184,0.19358858466148376,1.4542008638381958,-0.13470610976219177,0.08421790599822998,-0.15353690087795258,-0.10836891084909439,0.0,0.0,-1.3798894882202148,0.1548672914505005,-1.3509371280670166,1.1244666576385498,0.3444601595401764,0.0006971495458856225,0.4476841390132904,-1.2525181770324707,-0.40206360816955566,1.345108985900879,0.9594637155532837,-0.3185897171497345,0.0093192458152771,-0.34715163707733154
5.0244951248168945,0.9751659631729126,0.673311173915863,0.14193464815616608,0.0762045606970787,-0.8050686717033386,0.5708869695663452,-1.6453359127044678,0.124887615442276,-0.09704111516475677,1.5452059507369995,-0.3401435315608978,0.03706732019782066,-1.6300772428512573,-0.057392723858356476,0.19899648427963257,1.4954639673233032,-0.13166813552379608,0.0877566933631897,-0.15191170573234558,-0.09474049508571625,0.0,0.0,-1.388385534286499,0.15709184110164642,-1.3572943210601807,1.1107738018035889,0.3475008010864258,0.0036181709729135036,0.44998228549957275,-1.2554502487182617,-0.40914979577064514,1.3426356315612793,0.9593122005462646,-0.3092731237411499,0.009830405935645103,-0.3572750687599182
5.026005744934082,0.9780611991882324,0.6564590334892273,0.14252543449401855,0.07500313222408295,-0.8078812956809998,0.5669116973876953,-1.6927344799041748,0.12198573350906372,-0.10629256069660187,1.5754446983337402,-0.3377015292644501,0.02877543307840824,-1.6780492067337036,-0.046830758452415466,0.20344999432563782,1.5310709476470947,-0.12833774089813232,0.0923304334282875,-0.1515006124973297,-0.08437145501375198,0.0,0.0,-1.3982124328613281,0.15916302800178528,-1.363718032836914,1.104582667350769,0.35065096616744995,0.00757775641977787,0.45280805230140686,-1.2584455013275146,-0.4148727059364319,1.33953058719635,0.9652010202407837,-0.30142244696617126,0.011948289349675179,-0.367950975894928
5.027148246765137,0.9806009531021118,0.6399260759353638,0.14065983891487122,0.07237370312213898,-0.8108436465263367,0.5634798407554626,-1.732231855392456,0.11996479332447052,-0.11489050090312958,1.6060317754745483,-0.33809855580329895,0.020830200985074043,-1.7192747592926025,-0.03695612773299217,0.2060541808605194,1.5651029348373413,-0.12653502821922302,0.09638866037130356,-0.151556134223938,-0.07196453958749771,0.0,0.0,-1.405123233795166,0.1636841595172882,-1.369701862335205,1.0961787700653076,0.35304439067840576,0.009069429710507393,0.4544059634208679,-1.2598649263381958,-0.42474764585494995,1.3379387855529785,0.9660789966583252,-0.2921323776245117,0.010614696890115738,-0.3767012357711792
5.028028964996338,0.9828689098358154,0.6240700483322144,0.14001347124576569,0.07043255120515823,-0.8135090470314026,0.5600343942642212,-1.7710905075073242,0.1183241456747055,-0.12278690934181213,1.6348681449890137,-0.338617742061615,0.012290754355490208,-1.760798454284668,-0.02750292792916298,0.20880502462387085,1.5962351560592651,-0.1233285591006279,0.1020975410938263,-0.15250323712825775,-0.06446496397256851,0.0,0.0,-1.4158682823181152,0.16890810430049896,-1.37801194190979,1.0963374376296997,0.3549133837223053,0.01244058646261692,0.4542616605758667,-1.2610093355178833,-0.435030460357666,1.3362590074539185,0.9706522226333618,-0.2819083034992218,0.010453563183546066,-0.3842434287071228
5.028768062591553,0.9849821329116821,0.6100244522094727,0.1395864337682724,0.06862249970436096,-0.8162205815315247,0.5564085841178894,-1.8052016496658325,0.11810283362865448,-0.1290368288755417,1.659536361694336,-0.33916473388671875,0.005341163836419582,-1.797797679901123,-0.020106621086597443,0.21014076471328735,1.6220721006393433,-0.1193845272064209,0.10748341679573059,-0.15397842228412628,-0.05708056315779686,0.0,0.0,-1.4260380268096924,0.17484068870544434,-1.3860092163085938,1.097081184387207,0.3564121127128601,0.014439651742577553,0.45431774854660034,-1.2604260444641113,-0.4472343325614929,1.3321818113327026,0.9762866497039795,-0.2708074450492859,0.009834769181907177,-0.3918653130531311
5.029430389404297,0.9869401454925537,0.5979501605033875,0.13878053426742554,0.0669059157371521,-0.8190433382987976,0.5526586174964905,-1.8326772451400757,0.11945970356464386,-0.1335877776145935,1.679901123046875,-0.339467316865921,0.0003443795721977949,-1.8287301063537598,-0.014980711974203587,0.2094813883304596,1.643287181854248,-0.11687284708023071,0.11134755611419678,-0.15512429177761078,-0.050445474684238434,0.0,0.0,-1.434698462486267,0.18309389054775238,-1.3923115730285645,1.0999653339385986,0.35740765929222107,0.016017165035009384,0.4548996388912201,-1.2591612339019775,-0.46126317977905273,1.3283615112304688,0.9808504581451416,-0.2610151767730713,0.007712895516306162,-0.39881929755210876
5.029969692230225,0.9887394309043884,0.5879328846931458,0.13793088495731354,0.06529709696769714,-0.8218345642089844,0.5489073991775513,-1.8532437086105347,0.12103776633739471,-0.1365906149148941,1.6964740753173828,-0.34010010957717896,-0.003076887456700206,-1.853796124458313,-0.01043225359171629,0.2087010145187378,1.6601428985595703,-0.11602099239826202,0.11286772787570953,-0.15582379698753357,-0.04483143240213394,0.0,0.0,-1.4417295455932617,0.18984755873680115,-1.3961117267608643,1.103230357170105,0.3579378128051758,0.017468146979808807,0.4558428227901459,-1.2578763961791992,-0.47323477268218994,1.3234916925430298,0.9824762940406799,-0.25191956758499146,0.004436294082552195,-0.40469086170196533
5.030426502227783,0.9904218912124634,0.5808448791503906,0.13724777102470398,0.06388848274946213,-0.8245998024940491,0.5450838804244995,-1.8659570217132568,0.12301459908485413,-0.13779374957084656,1.7066147327423096,-0.3398171067237854,-0.005443839356303215,-1.8710559606552124,-0.006666108034551144,0.20870673656463623,1.670774221420288,-0.11541950702667236,0.11331181973218918,-0.15614359080791473,-0.03871654346585274,0.0,0.0,-1.4466221332550049,0.1959763467311859,-1.3987417221069336,1.1058512926101685,0.3592934310436249,0.01887029968202114,0.4571000337600708,-1.254904866218567,-0.48435667157173157,1.317572832107544,0.9835706949234009,-0.24500273168087006,0.0012818570248782635,-0.4087563753128052
5.030788898468018,0.9919883012771606,0.5772976875305176,0.13660623133182526,0.06268247216939926,-0.8271375894546509,0.5415284633636475,-1.8695237636566162,0.12596732378005981,-0.13707587122917175,1.7087204456329346,-0.33844631910324097,-0.006742018740624189,-1.8789304494857788,-0.004212395753711462,0.2089684158563614,1.6735146045684814,-0.11426545679569244,0.11258270591497421,-0.157191663980484,-0.034533433616161346,0.0,0.0,-1.451567530632019,0.20277968049049377,-1.400583028793335,1.106821060180664,0.3614436089992523,0.02044614404439926,0.4596942663192749,-1.2503072023391724,-0.4963160753250122,1.311991810798645,0.9799855947494507,-0.2410096526145935,-0.0028831488452851772,-0.4125979244709015
5.031060695648193,0.9934513568878174,0.5776433348655701,0.13563978672027588,0.06127803027629852,-0.8293068408966064,0.5386064648628235,-1.8624680042266846,0.12930798530578613,-0.13355539739131927,1.703918218612671,-0.337149977684021,-0.005976265762001276,-1.8755829334259033,-0.003129752120003104,0.2094860076904297,1.6691033840179443,-0.11473509669303894,0.11144296079874039,-0.15850882232189178,-0.02915971353650093,0.0,0.0,-1.452728033065796,0.2097087800502777,-1.4019801616668701,1.101085901260376,0.3659462332725525,0.02112102136015892,0.46426665782928467,-1.242354393005371,-0.5088697075843811,1.3043618202209473,0.9692778587341309,-0.24000781774520874,-0.008686215616762638,-0.41508054733276367
5.031076908111572,0.9946881532669067,0.5816038250923157,0.13451772928237915,0.06001818925142288,-0.8308525681495667,0.5366439819335938,-1.8454811573028564,0.133280947804451,-0.12716224789619446,1.691188931465149,-0.3346436023712158,-0.003979464061558247,-1.8622255325317383,-0.0027856689412146807,0.2110559344291687,1.656806230545044,-0.11451728641986847,0.10968726128339767,-0.16052787005901337,-0.026655836030840874,0.0,0.0,-1.4536659717559814,0.21508917212486267,-1.40329110622406,1.0940452814102173,0.3713289797306061,0.022011544555425644,0.4692734479904175,-1.2326326370239258,-0.5224153995513916,1.2960864305496216,0.9614332914352417,-0.24207264184951782,-0.012480055913329124,-0.41559839248657227
5.030884265899658,0.9957780838012695,0.5886608362197876,0.13328857719898224,0.05895422026515007,-0.8320489525794983,0.5352131724357605,-1.820800542831421,0.1371176838874817,-0.11891098320484161,1.6718140840530396,-0.33270901441574097,-0.0013169462326914072,-1.8406422138214111,-0.003595991525799036,0.21213242411613464,1.637617588043213,-0.11493487656116486,0.10849355161190033,-0.16365742683410645,-0.028523419052362442,0.0,0.0,-1.4556611776351929,0.22248512506484985,-1.4069777727127075,1.0850231647491455,0.37745511531829834,0.022139402106404305,0.47402605414390564,-1.2221636772155762,-0.5402252078056335,1.2904880046844482,0.9514105319976807,-0.24645043909549713,-0.01703505776822567,-0.414068341255188
5.0304741859436035,0.9966645836830139,0.5984991192817688,0.13196143507957458,0.058155305683612823,-0.8329922556877136,0.5341610312461853,-1.7890379428863525,0.14050951600074768,-0.10905981063842773,1.6459815502166748,-0.3301876485347748,0.002046670764684677,-1.8115942478179932,-0.0060049546882510185,0.21315515041351318,1.6122322082519531,-0.11526843905448914,0.10753001272678375,-0.1662299782037735,-0.03458593040704727,0.0,0.0,-1.4575834274291992,0.22542089223861694,-1.4115737676620483,1.0786280632019043,0.38313788175582886,0.022085051983594894,0.47688525915145874,-1.2145593166351318,-0.553962230682373,1.286729097366333,0.9478434324264526,-0.2519361674785614,-0.019257687032222748,-0.40980207920074463
5.029923915863037,0.9973584413528442,0.6116397380828857,0.13078053295612335,0.05786093696951866,-0.833775520324707,0.5332606434822083,-1.750687837600708,0.14328643679618835,-0.09764502942562103,1.61399507522583,-0.3287110924720764,0.007906206883490086,-1.7745022773742676,-0.010695976205170155,0.21208727359771729,1.5802232027053833,-0.11796366423368454,0.10551516711711884,-0.16792671382427216,-0.04454170912504196,0.0,0.0,-1.4566887617111206,0.22509914636611938,-1.4158124923706055,1.0726341009140015,0.38831627368927,0.020957572385668755,0.4786742329597473,-1.2127418518066406,-0.5616342425346375,1.2859121561050415,0.9445558190345764,-0.25780361890792847,-0.021897587925195694,-0.4041076600551605
5.029215335845947,0.9977785348892212,0.6285240054130554,0.12962116301059723,0.0580490380525589,-0.8342611193656921,0.5327636003494263,-1.7042121887207031,0.14563176035881042,-0.08489842712879181,1.5734446048736572,-0.3273756206035614,0.014230436645448208,-1.7277801036834717,-0.017727423459291458,0.20865844190120697,1.540698528289795,-0.12296753376722336,0.1033545583486557,-0.16896429657936096,-0.05749146640300751,0.0,0.0,-1.453986644744873,0.22342029213905334,-1.4198145866394043,1.0712779760360718,0.39317595958709717,0.019100576639175415,0.4783911108970642,-1.2153042554855347,-0.5633318424224854,1.2883586883544922,0.9452798366546631,-0.2645840644836426,-0.02355220355093479,-0.3963814079761505
5.028404235839844,0.997642993927002,0.6489670276641846,0.12823958694934845,0.058766890317201614,-0.8345159888267517,0.5326200723648071,-1.6492764949798584,0.14677825570106506,-0.07203327864408493,1.5243350267410278,-0.3262391686439514,0.021502092480659485,-1.6710715293884277,-0.026258517056703568,0.20272083580493927,1.4933513402938843,-0.13068071007728577,0.10212086141109467,-0.16972751915454865,-0.0733020007610321,0.0,0.0,-1.4505003690719604,0.2243681102991104,-1.4234929084777832,1.072357416152954,0.3960588276386261,0.01578064262866974,0.4767058491706848,-1.2212250232696533,-0.5603855848312378,1.2941327095031738,0.9446876049041748,-0.27063998579978943,-0.026012785732746124,-0.38665369153022766
5.027504920959473,0.9965848922729492,0.6722712516784668,0.12623290717601776,0.05934847146272659,-0.8347693681716919,0.5326378345489502,-1.58392333984375,0.14679262042045593,-0.05909201502799988,1.4657654762268066,-0.32444626092910767,0.028477638959884644,-1.6043109893798828,-0.03542538732290268,0.19653579592704773,1.4390360116958618,-0.1386318802833557,0.10245023667812347,-0.17217059433460236,-0.08707984536886215,0.0,0.0,-1.4440093040466309,0.22358454763889313,-1.423371434211731,1.0782504081726074,0.39700841903686523,0.011781759560108185,0.47277188301086426,-1.2257153987884521,-0.5518412590026855,1.2971309423446655,0.9461630582809448,-0.27624911069869995,-0.027801165357232094,-0.3755330741405487
5.026344299316406,0.9942956566810608,0.6971432566642761,0.12310648709535599,0.05878528580069542,-0.8352038860321045,0.5327509045600891,-1.508581280708313,0.1453830450773239,-0.04579642415046692,1.400998592376709,-0.3236473500728607,0.03555044159293175,-1.528901219367981,-0.044968120753765106,0.19143587350845337,1.3806602954864502,-0.14679193496704102,0.10442833602428436,-0.17719748616218567,-0.09918363392353058,0.0,0.0,-1.434253454208374,0.22679680585861206,-1.4231128692626953,1.0893235206604004,0.3988315761089325,0.006425419822335243,0.46491456031799316,-1.2255111932754517,-0.5476745367050171,1.299108624458313,0.9418462514877319,-0.2832874059677124,-0.032023295760154724,-0.3614029586315155
5.024866580963135,0.9906248450279236,0.7234605550765991,0.1183924451470375,0.05693453922867775,-0.8356234431266785,0.5333621501922607,-1.4219856262207031,0.14229027926921844,-0.031425900757312775,1.3292773962020874,-0.3243894577026367,0.0438334196805954,-1.4438188076019287,-0.054930344223976135,0.1869245022535324,1.316359281539917,-0.153902068734169,0.10832314193248749,-0.1846606731414795,-0.10930846631526947,0.0,0.0,-1.4193034172058105,0.23553025722503662,-1.4215593338012695,1.0976009368896484,0.40154600143432617,-0.0014987154863774776,0.45323437452316284,-1.2168669700622559,-0.553363561630249,1.2965953350067139,0.9296543598175049,-0.29092326760292053,-0.03801913559436798,-0.34388408064842224
5.02315092086792,0.985564112663269,0.7491413354873657,0.11214278638362885,0.05400432273745537,-0.8363996744155884,0.5338006019592285,-1.330693006515503,0.13751333951950073,-0.01752755045890808,1.2577755451202393,-0.3259044289588928,0.05103595554828644,-1.354090929031372,-0.06420469284057617,0.18369068205356598,1.2513518333435059,-0.15945026278495789,0.11297842860221863,-0.19231444597244263,-0.11984977126121521,0.0,0.0,-1.3999050855636597,0.24430310726165771,-1.4170677661895752,1.0941370725631714,0.4038100242614746,-0.011322200298309326,0.4400888681411743,-1.2017908096313477,-0.5643044114112854,1.2908642292022705,0.9129743576049805,-0.29969722032546997,-0.04335888475179672,-0.32378458976745605
5.021084308624268,0.9793143272399902,0.7737376093864441,0.10573264211416245,0.05086763575673103,-0.8375273942947388,0.533648669719696,-1.2424702644348145,0.1318369358778,-0.004662870429456234,1.1904877424240112,-0.32560890913009644,0.05637550726532936,-1.2659857273101807,-0.0721827894449234,0.18216511607170105,1.1868834495544434,-0.1619177907705307,0.11780112981796265,-0.19728940725326538,-0.13182613253593445,0.0,0.0,-1.3754942417144775,0.24880996346473694,-1.4071078300476074,1.0854527950286865,0.40383851528167725,-0.019980192184448242,0.4275467097759247,-1.1865476369857788,-0.571237325668335,1.2859680652618408,0.8833866119384766,-0.3089826703071594,-0.04892503842711449,-0.30454301834106445
5.018693447113037,0.9720842838287354,0.7946906685829163,0.09929350763559341,0.04781566560268402,-0.8385114073753357,0.5336226224899292,-1.1626856327056885,0.12622448801994324,0.006889320909976959,1.1350178718566895,-0.326486736536026,0.061518050730228424,-1.1838562488555908,-0.07895685732364655,0.18369612097740173,1.1296796798706055,-0.16343313455581665,0.12175334990024567,-0.2017364650964737,-0.1475037783384323,0.0,0.0,-1.352675199508667,0.25511646270751953,-1.3977311849594116,1.074053406715393,0.40399956703186035,-0.028289124369621277,0.41494429111480713,-1.1714016199111938,-0.5879793167114258,1.2824771404266357,0.8450460433959961,-0.31737664341926575,-0.054877378046512604,-0.28610748052597046
5.016047477722168,0.9641921520233154,0.8130996227264404,0.0925905779004097,0.04484958201646805,-0.839404821395874,0.5336806178092957,-1.08792245388031,0.12155255675315857,0.017696602270007133,1.0846326351165771,-0.328064888715744,0.0643465518951416,-1.1058285236358643,-0.08571594953536987,0.1849423199892044,1.0757601261138916,-0.1637011021375656,0.12473951280117035,-0.20561417937278748,-0.1616804152727127,0.0,0.0,-1.327676773071289,0.2517993748188019,-1.3873684406280518,1.051856517791748,0.40402281284332275,-0.03624703735113144,0.4026474356651306,-1.1556382179260254,-0.6028740406036377,1.2763038873672485,0.8016441464424133,-0.3248857259750366,-0.05902048945426941,-0.2692708373069763
5.012909889221191,0.9557017683982849,0.8279706239700317,0.08665651828050613,0.042577799409627914,-0.8392751812934875,0.5350653529167175,-1.0237998962402344,0.1179896891117096,0.0284277331084013,1.0442471504211426,-0.32995176315307617,0.06800736486911774,-1.037786841392517,-0.09183221310377121,0.18726740777492523,1.029327154159546,-0.1623293161392212,0.12743784487247467,-0.20854562520980835,-0.176996111869812,0.0,0.0,-1.3073246479034424,0.24347805976867676,-1.3832199573516846,1.0294172763824463,0.40553030371665955,-0.04353046417236328,0.38894644379615784,-1.1404635906219482,-0.6176832914352417,1.2769643068313599,0.7615885734558105,-0.3350236117839813,-0.06181836128234863,-0.25089365243911743
5.009506702423096,0.9469103813171387,0.8407442569732666,0.07994434982538223,0.03948191553354263,-0.8375177979469299,0.5390862822532654,-0.9626293182373047,0.11336253583431244,0.04003327339887619,1.0075386762619019,-0.3326609134674072,0.06996504962444305,-0.976202666759491,-0.09950369596481323,0.18814554810523987,0.9924336671829224,-0.1619926244020462,0.12714534997940063,-0.21379010379314423,-0.18339386582374573,0.0,0.0,-1.2876479625701904,0.22638532519340515,-1.3718290328979492,1.011777639389038,0.40496909618377686,-0.047976139932870865,0.3770374655723572,-1.1126657724380493,-0.6309692859649658,1.258272647857666,0.728022575378418,-0.3416251540184021,-0.06228601187467575,-0.23837518692016602
5.005805492401123,0.9378714561462402,0.8514348268508911,0.07385648787021637,0.03677050396800041,-0.8344765901565552,0.5448321104049683,-0.9089526534080505,0.1095675528049469,0.05127283185720444,0.9743354320526123,-0.3344600200653076,0.06901811808347702,-0.9230721592903137,-0.10802134871482849,0.18595363199710846,0.962971568107605,-0.16125088930130005,0.12405088543891907,-0.2197548896074295,-0.18867962062358856,0.0,0.0,-1.2683441638946533,0.19872847199440002,-1.3607840538024902,0.9948068857192993,0.4028424918651581,-0.05129833146929741,0.3655751049518585,-1.0801230669021606,-0.6386722326278687,1.2303504943847656,0.7082051634788513,-0.34552863240242004,-0.05927450209856033,-0.23113620281219482
5.001693248748779,0.9288004040718079,0.8603264093399048,0.06880088895559311,0.03486308827996254,-0.8304260969161987,0.5517640113830566,-0.8636082410812378,0.1076776385307312,0.062166400253772736,0.9444438219070435,-0.3355414867401123,0.06851392984390259,-0.877653956413269,-0.11606555432081223,0.1797015368938446,0.9368017911911011,-0.16032499074935913,0.11774890869855881,-0.22880974411964417,-0.19751298427581787,0.0,0.0,-1.252798080444336,0.1684754341840744,-1.3514617681503296,0.9846025705337524,0.39869654178619385,-0.05293070152401924,0.3549649715423584,-1.0492582321166992,-0.6436728239059448,1.2071019411087036,0.6724731922149658,-0.34675878286361694,-0.05854702740907669,-0.22539708018302917
4.997316360473633,0.9199613332748413,0.8676740527153015,0.06344946473836899,0.03243955224752426,-0.8250037431716919,0.5606163144111633,-0.8220493793487549,0.10612797737121582,0.0720154345035553,0.9180681705474854,-0.3360304534435272,0.06665616482496262,-0.837144672870636,-0.12340725213289261,0.17049792408943176,0.9164948463439941,-0.1601266711950302,0.10949158668518066,-0.23827040195465088,-0.2074640989303589,0.0,0.0,-1.2384692430496216,0.13985978066921234,-1.3405944108963013,0.9868342280387878,0.39394450187683105,-0.052625954151153564,0.34541285037994385,-1.022462248802185,-0.6493950486183167,1.184822678565979,0.6392916440963745,-0.3459257483482361,-0.05745203047990799,-0.22111468017101288
4.99275541305542,0.911443829536438,0.8738239407539368,0.05831160768866539,0.029672250151634216,-0.8180104494094849,0.5714702606201172,-0.784153163433075,0.10454785823822021,0.0811648964881897,0.8943052291870117,-0.3366219997406006,0.06472982466220856,-0.8012040853500366,-0.12996229529380798,0.1609094738960266,0.8990472555160522,-0.15892136096954346,0.10315519571304321,-0.24926644563674927,-0.21899959444999695,0.0,0.0,-1.2252092361450195,0.11319977790117264,-1.3313851356506348,0.9935446977615356,0.3885800838470459,-0.052441563457250595,0.3352755606174469,-1.003517508506775,-0.6601336002349854,1.1722588539123535,0.6211584806442261,-0.3450797498226166,-0.055236659944057465,-0.21388059854507446
4.988248825073242,0.903541088104248,0.8786986470222473,0.05367922782897949,0.02725604735314846,-0.8099243640899658,0.5834365487098694,-0.7520884275436401,0.1043764278292656,0.09069184213876724,0.8748617768287659,-0.3375718593597412,0.06412936747074127,-0.7711029052734375,-0.1351519525051117,0.15044589340686798,0.8844699859619141,-0.15812288224697113,0.09529426693916321,-0.2638002634048462,-0.22918185591697693,0.0,0.0,-1.2135956287384033,0.08375990390777588,-1.3135017156600952,1.0121175050735474,0.37763553857803345,-0.04910186305642128,0.331399142742157,-0.9906619191169739,-0.6621809005737305,1.1613984107971191,0.5977277755737305,-0.3420282304286957,-0.05362039804458618,-0.21229341626167297
4.984152793884277,0.8965660929679871,0.8821874856948853,0.0496671088039875,0.02557855285704136,-0.8016689419746399,0.5951519012451172,-0.7282065153121948,0.10600273311138153,0.10012951493263245,0.8605667352676392,-0.33848482370376587,0.06289356201887131,-0.7497173547744751,-0.13750186562538147,0.13876943290233612,0.8747266530990601,-0.15715059638023376,0.08546184003353119,-0.2759236693382263,-0.23499470949172974,0.0,0.0,-1.2006206512451172,0.06041186302900314,-1.291266918182373,1.0271121263504028,0.3659009635448456,-0.045143384486436844,0.33156973123550415,-0.9796051979064941,-0.659346342086792,1.1472663879394531,0.5855866074562073,-0.3384206295013428,-0.04961952567100525,-0.215378075838089
4.980442047119141,0.8905371427536011,0.8849397301673889,0.04613528400659561,0.024275576695799828,-0.7942975163459778,0.605288028717041,-0.709094762802124,0.10844530165195465,0.10753757506608963,0.8487585783004761,-0.33846965432167053,0.06052042171359062,-0.7326793074607849,-0.13786794245243073,0.12734170258045197,0.8659693002700806,-0.15575852990150452,0.07623236626386642,-0.2842422127723694,-0.2408788800239563,0.0,0.0,-1.1891344785690308,0.03951741009950638,-1.2715364694595337,1.0439121723175049,0.3527912497520447,-0.04105008766055107,0.3320980966091156,-0.9738109111785889,-0.6474315524101257,1.142301082611084,0.5878500938415527,-0.3357534408569336,-0.04450307786464691,-0.21602818369865417
4.977254867553711,0.8854444622993469,0.8870121240615845,0.04305800050497055,0.022495266050100327,-0.7877588272094727,0.6140651106834412,-0.6925634741783142,0.11031726747751236,0.11502894759178162,0.8391910195350647,-0.33962514996528625,0.06033657491207123,-0.7171342372894287,-0.13982069492340088,0.11781921237707138,0.8567745089530945,-0.1541844755411148,0.07107444107532501,-0.29401975870132446,-0.24532866477966309,0.0,0.0,-1.1811280250549316,0.024836281314492226,-1.2525690793991089,1.058255672454834,0.33755066990852356,-0.038426030427217484,0.3336927890777588,-0.968274712562561,-0.6328480839729309,1.1366592645645142,0.5727788209915161,-0.33194297552108765,-0.04299052804708481,-0.21792136132717133
4.974847793579102,0.8812627792358398,0.8882213234901428,0.040496017783880234,0.020625710487365723,-0.7823692560195923,0.6211546063423157,-0.6798576712608337,0.11322204023599625,0.12493951618671417,0.8336508274078369,-0.3430556356906891,0.06285157799720764,-0.7054160237312317,-0.14453288912773132,0.10894698649644852,0.850817084312439,-0.15253545343875885,0.06804169714450836,-0.30646640062332153,-0.24738366901874542,0.0,0.0,-1.1750465631484985,0.012781346216797829,-1.2355763912200928,1.0661298036575317,0.3234933912754059,-0.03694155067205429,0.3360060453414917,-0.961463212966919,-0.6197118163108826,1.1308860778808594,0.5526390671730042,-0.32855844497680664,-0.04257424920797348,-0.22002986073493958
4.973290920257568,0.877907395362854,0.8887312412261963,0.03880973905324936,0.019236210733652115,-0.779696524143219,0.6246575713157654,-0.6723984479904175,0.116569384932518,0.13502149283885956,0.831331729888916,-0.3475155830383301,0.0661095678806305,-0.6983539462089539,-0.1502285897731781,0.101907879114151,0.8473128080368042,-0.1512184888124466,0.06575731188058853,-0.31852608919143677,-0.24887749552726746,0.0,0.0,-1.1707943677902222,0.005067694000899792,-1.2193660736083984,1.0729913711547852,0.3094695508480072,-0.0357898473739624,0.33941274881362915,-0.9546930193901062,-0.6047670841217041,1.124169111251831,0.5284569263458252,-0.32497239112854004,-0.0431392528116703,-0.2240084409713745
4.972431659698486,0.8753329515457153,0.8884112238883972,0.03844533860683441,0.01907029189169407,-0.7795458436012268,0.624873161315918,-0.6728994846343994,0.12089794874191284,0.14353454113006592,0.8326712250709534,-0.3521963953971863,0.0694502666592598,-0.6973671913146973,-0.1572396159172058,0.09645016491413116,0.8479260802268982,-0.15084323287010193,0.0642102062702179,-0.3262214660644531,-0.24944697320461273,0.0,0.0,-1.1655974388122559,0.004535646177828312,-1.2102832794189453,1.0712924003601074,0.3010714650154114,-0.035973984748125076,0.3414265811443329,-0.9485098123550415,-0.597559928894043,1.119977355003357,0.5041525363922119,-0.3208605647087097,-0.04456628859043121,-0.22580024600028992
4.972103118896484,0.8735966682434082,0.8877703547477722,0.039183035492897034,0.019475704059004784,-0.7814940810203552,0.6223763823509216,-0.677386462688446,0.1261909455060959,0.15380844473838806,0.8347790241241455,-0.35676002502441406,0.07395269721746445,-0.7000682353973389,-0.16662906110286713,0.09022333472967148,0.8490744829177856,-0.14911608397960663,0.06389138102531433,-0.33228743076324463,-0.24836662411689758,0.0,0.0,-1.1578965187072754,0.006059375591576099,-1.20359468460083,1.054321527481079,0.29463744163513184,-0.037766337394714355,0.34304842352867126,-0.9404876232147217,-0.5958271026611328,1.1152931451797485,0.47249239683151245,-0.3154846131801605,-0.048136577010154724,-0.22573702037334442
4.972295761108398,0.8727891445159912,0.8860755562782288,0.0418209470808506,0.02178003452718258,-0.7866060733795166,0.6156522035598755,-0.6921808123588562,0.13376888632774353,0.1626904159784317,0.842168390750885,-0.36077332496643066,0.08051640540361404,-0.7095082998275757,-0.17631229758262634,0.08356641978025436,0.8539683222770691,-0.14914652705192566,0.06254026293754578,-0.3321495056152344,-0.2501220405101776,0.0,0.0,-1.1517653465270996,0.011185169219970703,-1.2018486261367798,1.0341140031814575,0.2900881767272949,-0.03967970609664917,0.3458206057548523,-0.9343287944793701,-0.5945469737052917,1.1158063411712646,0.4467226266860962,-0.311267226934433,-0.05130153149366379,-0.22497272491455078
4.973278045654297,0.8729007840156555,0.8832054138183594,0.04637419432401657,0.02551376260817051,-0.7950113415718079,0.6042810082435608,-0.7170133590698242,0.14369675517082214,0.17235255241394043,0.8546859622001648,-0.3619951009750366,0.09140054881572723,-0.7264101505279541,-0.18637526035308838,0.07595839351415634,0.8636263608932495,-0.14857560396194458,0.059553951025009155,-0.32799696922302246,-0.2549203038215637,0.0,0.0,-1.1508519649505615,0.019125819206237793,-1.2038617134094238,1.020362138748169,0.2869168519973755,-0.03995037078857422,0.3499302864074707,-0.9337234497070312,-0.5903275012969971,1.1225050687789917,0.4377586841583252,-0.30874696373939514,-0.051271338015794754,-0.22657278180122375
4.975064754486084,0.8741748332977295,0.8792198896408081,0.05300721526145935,0.029771242290735245,-0.8067715167999268,0.5877274870872498,-0.7504298090934753,0.15367922186851501,0.1801135540008545,0.8704439401626587,-0.36145225167274475,0.10174160450696945,-0.7509229183197021,-0.19594860076904297,0.06767626106739044,0.8774644136428833,-0.1486273854970932,0.05563519895076752,-0.31929200887680054,-0.2605080008506775,0.0,0.0,-1.155032753944397,0.029122037813067436,-1.211208462715149,1.0125672817230225,0.2869231700897217,-0.039707593619823456,0.3547482490539551,-0.9388539791107178,-0.5816314220428467,1.1323249340057373,0.4410439133644104,-0.30593857169151306,-0.05019107460975647,-0.23231488466262817
4.977813720703125,0.8766379952430725,0.8732141852378845,0.06118987500667572,0.03479868173599243,-0.8197625279426575,0.5683609843254089,-0.795531153678894,0.1638426035642624,0.18342232704162598,0.8946164846420288,-0.36077171564102173,0.11375405639410019,-0.7882952690124512,-0.20288927853107452,0.06170137971639633,0.9006381034851074,-0.1466638743877411,0.05376183241605759,-0.30545538663864136,-0.2622709572315216,0.0,0.0,-1.1603786945343018,0.03586078807711601,-1.2198829650878906,1.006021499633789,0.28780651092529297,-0.03891507908701897,0.3613637685775757,-0.9474848508834839,-0.5622373223304749,1.144381046295166,0.46606647968292236,-0.3034338057041168,-0.04571070894598961,-0.2422916293144226
4.981499671936035,0.8802604675292969,0.8636829257011414,0.07148764282464981,0.04191972687840462,-0.8326876759529114,0.5475066900253296,-0.85976243019104,0.17494705319404602,0.1782098412513733,0.9353623986244202,-0.36165404319763184,0.12940748035907745,-0.8441613912582397,-0.20373636484146118,0.0605551116168499,0.9382513761520386,-0.14287257194519043,0.05201635882258415,-0.2892645597457886,-0.26318877935409546,0.0,0.0,-1.1672654151916504,0.034686312079429626,-1.232682228088379,1.0072689056396484,0.29156598448753357,-0.035883545875549316,0.36990103125572205,-0.9665852785110474,-0.5385003089904785,1.1683496236801147,0.5149332284927368,-0.3018040657043457,-0.038094762712717056,-0.2539997398853302
4.985957145690918,0.8844901323318481,0.8504441976547241,0.08160688728094101,0.04970157891511917,-0.8438778519630432,0.5279585123062134,-0.9366594552993774,0.18339823186397552,0.16349731385707855,0.9936624765396118,-0.3672623932361603,0.14900386333465576,-0.9201065301895142,-0.19714920222759247,0.06500715017318726,0.9936966896057129,-0.13205911219120026,0.05382893234491348,-0.2742905020713806,-0.26073479652404785,0.0,0.0,-1.177799940109253,0.03747301548719406,-1.242725133895874,1.007163643836975,0.29652321338653564,-0.031540647149086,0.38566723465919495,-0.9896612763404846,-0.5181587934494019,1.1938844919204712,0.5713253021240234,-0.2988722622394562,-0.03137170523405075,-0.2719200849533081
4.990780353546143,0.8885108828544617,0.8358266949653625,0.09023547172546387,0.05695311352610588,-0.8546074628829956,0.5081928968429565,-1.0136468410491943,0.19069412350654602,0.14479826390743256,1.055961012840271,-0.3774157762527466,0.1648874282836914,-0.9987373352050781,-0.18588246405124664,0.06565991789102554,1.0431592464447021,-0.12130856513977051,0.05383012443780899,-0.25592899322509766,-0.2563368082046509,0.0,0.0,-1.1901955604553223,0.04421957582235336,-1.2498458623886108,1.01485276222229,0.30319881439208984,-0.02578010968863964,0.4042990505695343,-1.0174700021743774,-0.49855566024780273,1.21744704246521,0.6486966609954834,-0.2965697944164276,-0.021396169438958168,-0.29117774963378906
4.995088577270508,0.8925631046295166,0.8226755261421204,0.0960177406668663,0.062097467482089996,-0.8634876012802124,0.49123674631118774,-1.0779402256011963,0.19392909109592438,0.12604235112667084,1.1073274612426758,-0.38630974292755127,0.1734108179807663,-1.066094160079956,-0.17307201027870178,0.06388726830482483,1.0807424783706665,-0.11408303678035736,0.05012601986527443,-0.23056341707706451,-0.24591675400733948,0.0,0.0,-1.1988152265548706,0.051508381962776184,-1.2506290674209595,1.0268176794052124,0.30847659707069397,-0.019509145990014076,0.42244207859039307,-1.0438363552093506,-0.4718407988548279,1.225494384765625,0.736361026763916,-0.29229816794395447,-0.010762173682451248,-0.3115759491920471
4.99867582321167,0.8964505195617676,0.8076686859130859,0.10206479579210281,0.06628214567899704,-0.871566116809845,0.47493359446525574,-1.1454229354858398,0.19292262196540833,0.10276298224925995,1.1622239351272583,-0.3935525715351105,0.17596971988677979,-1.12989342212677,-0.15676724910736084,0.06602761149406433,1.11824369430542,-0.11125487089157104,0.04987410083413124,-0.20758076012134552,-0.23865368962287903,0.0,0.0,-1.2157185077667236,0.06254181265830994,-1.25911283493042,1.042410969734192,0.31525906920433044,-0.015175683423876762,0.4370626211166382,-1.0701205730438232,-0.45267271995544434,1.238366723060608,0.8157298564910889,-0.29012322425842285,-0.0015651271678507328,-0.3280430734157562
5.00230598449707,0.9000732898712158,0.7890975475311279,0.10805925726890564,0.0691661685705185,-0.8791987299919128,0.45885586738586426,-1.220068097114563,0.18649286031723022,0.07449788600206375,1.2263951301574707,-0.3994196951389313,0.177080899477005,-1.1977211236953735,-0.13664551079273224,0.07444334775209427,1.1656676530838013,-0.1123310923576355,0.05118974298238754,-0.18863028287887573,-0.2286067008972168,0.0,0.0,-1.2350711822509766,0.07230626046657562,-1.2713664770126343,1.054938554763794,0.3256791830062866,-0.010598361492156982,0.45111435651779175,-1.0945680141448975,-0.4384121894836426,1.2497727870941162,0.8824955821037292,-0.28739163279533386,0.006797519978135824,-0.34432104229927063
5.006275653839111,0.9036445021629333,0.7728276252746582,0.11385339498519897,0.0703258290886879,-0.8860631585121155,0.44382840394973755,-1.2900218963623047,0.17508547008037567,0.04775511845946312,1.285172462463379,-0.4027908742427826,0.17476332187652588,-1.2611033916473389,-0.11564289033412933,0.0845256894826889,1.20876944065094,-0.11575354635715485,0.05316696688532829,-0.17219822108745575,-0.2138625979423523,0.0,0.0,-1.252100944519043,0.08660407364368439,-1.2846887111663818,1.057530164718628,0.3389767110347748,-0.0064690001308918,0.4648743271827698,-1.1131932735443115,-0.43081602454185486,1.255261778831482,0.9297530651092529,-0.2851918637752533,0.011401104740798473,-0.36038875579833984
5.0103349685668945,0.9071104526519775,0.7580025792121887,0.11952674388885498,0.0703747570514679,-0.8921068906784058,0.4300069510936737,-1.3529212474822998,0.16156020760536194,0.024104386568069458,1.3356486558914185,-0.4025577902793884,0.1693779081106186,-1.3220949172973633,-0.09566614776849747,0.09433060139417648,1.2483799457550049,-0.11661883443593979,0.05625476688146591,-0.15944257378578186,-0.20046448707580566,0.0,0.0,-1.2705295085906982,0.10323388874530792,-1.3008253574371338,1.0546396970748901,0.35257688164711,-0.0028512354474514723,0.47594356536865234,-1.128798246383667,-0.428347110748291,1.261289358139038,0.9625898599624634,-0.28431540727615356,0.013925769366323948,-0.3736342787742615
5.014497756958008,0.9104084968566895,0.7435433268547058,0.12453475594520569,0.06950360536575317,-0.8977383971214294,0.41680458188056946,-1.4094089269638062,0.1455056369304657,0.0014448296278715134,1.379884958267212,-0.39942020177841187,0.16005121171474457,-1.377768874168396,-0.07589834183454514,0.10453233122825623,1.287084937095642,-0.11860787868499756,0.05942900478839874,-0.14899584650993347,-0.185400128364563,0.0,0.0,-1.2854690551757812,0.1175142377614975,-1.3143670558929443,1.0595877170562744,0.3643289804458618,0.0018293169559910893,0.48340293765068054,-1.1422398090362549,-0.4245002865791321,1.2663459777832031,0.9858282804489136,-0.28413236141204834,0.015113052912056446,-0.38474127650260925
5.018564701080322,0.9133794903755188,0.7281556725502014,0.12944599986076355,0.06807015836238861,-0.9029862284660339,0.4040123522281647,-1.4642062187194824,0.12925833463668823,-0.018894996494054794,1.4225094318389893,-0.39406999945640564,0.14793145656585693,-1.4339224100112915,-0.056634582579135895,0.11401458084583282,1.3283522129058838,-0.12040120363235474,0.06134321168065071,-0.14177089929580688,-0.17008917033672333,0.0,0.0,-1.2989181280136108,0.12434736639261246,-1.3244051933288574,1.0683828592300415,0.37353265285491943,0.0070514194667339325,0.48889756202697754,-1.1544657945632935,-0.4170779883861542,1.2703239917755127,1.0025780200958252,-0.28297123312950134,0.016859348863363266,-0.3957456350326538
5.022356033325195,0.9159669876098633,0.710956335067749,0.13322359323501587,0.06631649285554886,-0.9071382880210876,0.39364153146743774,-1.5183385610580444,0.11411580443382263,-0.03704899176955223,1.4683377742767334,-0.3895024061203003,0.134820818901062,-1.4915876388549805,-0.036848705261945724,0.12134569883346558,1.3749958276748657,-0.12327292561531067,0.06207290664315224,-0.13729093968868256,-0.1552775502204895,0.0,0.0,-1.311306118965149,0.12791219353675842,-1.335136890411377,1.0802112817764282,0.38159194588661194,0.011167195625603199,0.4889487624168396,-1.1679041385650635,-0.41009554266929626,1.2778973579406738,1.013386845588684,-0.2792573571205139,0.01830318197607994,-0.40380293130874634
5.025940895080566,0.9181902408599854,0.6940860748291016,0.13724488019943237,0.06490303575992584,-0.9104982018470764,0.3846355974674225,-1.5712308883666992,0.09887509047985077,-0.0530756376683712,1.5085866451263428,-0.3815997540950775,0.12040551006793976,-1.547928810119629,-0.018705349415540695,0.12872743606567383,1.416081190109253,-0.12126030027866364,0.06443005800247192,-0.13500048220157623,-0.1406140774488449,0.0,0.0,-1.3232731819152832,0.12709590792655945,-1.3417787551879883,1.094314694404602,0.3854373097419739,0.015639901161193848,0.48892146348953247,-1.1805686950683594,-0.4016560912132263,1.279333233833313,1.0258853435516357,-0.27368831634521484,0.02056616172194481,-0.4126790165901184
5.029216766357422,0.9200279712677002,0.6760655641555786,0.13895085453987122,0.062486015260219574,-0.9145669341087341,0.3746405243873596,-1.6180272102355957,0.08673569560050964,-0.06619541347026825,1.5487889051437378,-0.37545204162597656,0.10656209290027618,-1.6018850803375244,-0.0024067768827080727,0.13451938331127167,1.456536054611206,-0.11767299473285675,0.06921934336423874,-0.13304874300956726,-0.1251913160085678,0.0,0.0,-1.3336654901504517,0.1275947242975235,-1.350752592086792,1.1073665618896484,0.38851994276046753,0.017878830432891846,0.4869396686553955,-1.193160057067871,-0.39481642842292786,1.2834473848342896,1.0393447875976562,-0.26794055104255676,0.02168618142604828,-0.41714048385620117
5.032299518585205,0.9216853380203247,0.6583037376403809,0.1410638988018036,0.06019774451851845,-0.9198334217071533,0.36108678579330444,-1.66093111038208,0.07939275354146957,-0.07730460166931152,1.5827610492706299,-0.3694300949573517,0.09349867701530457,-1.653649091720581,0.00968743022531271,0.1431872844696045,1.4932055473327637,-0.11131849884986877,0.0750422552227974,-0.1326916664838791,-0.11456555128097534,0.0,0.0,-1.343226671218872,0.12830625474452972,-1.3583413362503052,1.11915922164917,0.3880629539489746,0.02064637653529644,0.48400789499282837,-1.2105352878570557,-0.39153552055358887,1.2820897102355957,1.0571033954620361,-0.2578372359275818,0.02457190491259098,-0.41999551653862
5.035138130187988,0.923043966293335,0.6418847441673279,0.1427445262670517,0.05809125304222107,-0.9228329062461853,0.3530281186103821,-1.701285481452942,0.07078079879283905,-0.08627888560295105,1.6183815002441406,-0.36588054895401,0.0807642936706543,-1.7017583847045898,0.02378532662987709,0.14460371434688568,1.5292387008666992,-0.10763834416866302,0.07795640826225281,-0.1279883235692978,-0.10028515011072159,0.0,0.0,-1.353448748588562,0.13017603754997253,-1.3672409057617188,1.1291391849517822,0.3886142373085022,0.02158009260892868,0.4794105887413025,-1.2227458953857422,-0.38265299797058105,1.289787769317627,1.065993070602417,-0.2532261312007904,0.02364189736545086,-0.4195398986339569
5.037656784057617,0.924407958984375,0.6266605854034424,0.1449020802974701,0.05674825981259346,-0.9254906177520752,0.34532609581947327,-1.7398706674575806,0.06418967992067337,-0.09334461390972137,1.649754285812378,-0.3626013994216919,0.06983160972595215,-1.7473468780517578,0.0330260768532753,0.14418795704841614,1.559865951538086,-0.10515419393777847,0.08006880432367325,-0.1236950010061264,-0.08929027616977692,0.0,0.0,-1.3649733066558838,0.1324825882911682,-1.3764228820800781,1.1382158994674683,0.39046308398246765,0.023246752098202705,0.47511470317840576,-1.234919786453247,-0.37388935685157776,1.296769618988037,1.0731903314590454,-0.25122010707855225,0.023016169667243958,-0.41833585500717163
5.0397796630859375,0.9257762432098389,0.6144029498100281,0.14576633274555206,0.055419959127902985,-0.9283702373504639,0.33735668659210205,-1.7719712257385254,0.060238100588321686,-0.09743580222129822,1.6751917600631714,-0.3600844442844391,0.06227245181798935,-1.7860605716705322,0.038712915033102036,0.1423748880624771,1.584378957748413,-0.1040276363492012,0.08082544803619385,-0.119713693857193,-0.07896916568279266,0.0,0.0,-1.3740644454956055,0.13505052030086517,-1.3846211433410645,1.145542025566101,0.39360982179641724,0.024737708270549774,0.470203161239624,-1.247372031211853,-0.36433595418930054,1.3012075424194336,1.0781440734863281,-0.24950948357582092,0.022126860916614532,-0.41556450724601746
5.041540145874023,0.9270353317260742,0.6055322289466858,0.145626038312912,0.05415100231766701,-0.9312421679496765,0.3296189606189728,-1.7952501773834229,0.056813888251781464,-0.10127052664756775,1.6949564218521118,-0.35751402378082275,0.05472675710916519,-1.8153538703918457,0.04327632486820221,0.14052096009254456,1.6015856266021729,-0.10195806622505188,0.08219420164823532,-0.11638101935386658,-0.06908819079399109,0.0,0.0,-1.380375862121582,0.1367342174053192,-1.3922476768493652,1.150503158569336,0.39767545461654663,0.025863170623779297,0.465356707572937,-1.2605563402175903,-0.3549262583255768,1.3080170154571533,1.0826747417449951,-0.2509327232837677,0.02172345481812954,-0.41033104062080383
5.0431108474731445,0.9282222986221313,0.5999853610992432,0.14599758386611938,0.05316902697086334,-0.9338587522506714,0.32212668657302856,-1.8100186586380005,0.05432179570198059,-0.1036882996559143,1.7090327739715576,-0.3549673557281494,0.046278215944767,-1.8349223136901855,0.04626066982746124,0.13842007517814636,1.6131062507629395,-0.10163284093141556,0.084227055311203,-0.11348311603069305,-0.05929885432124138,0.0,0.0,-1.3854268789291382,0.13880573213100433,-1.3991365432739258,1.155024528503418,0.40341895818710327,0.027084603905677795,0.4614759385585785,-1.2722508907318115,-0.3467213213443756,1.3149187564849854,1.0872915983200073,-0.2544548511505127,0.021477021276950836,-0.4051688015460968
5.044499397277832,0.9294846057891846,0.5972558259963989,0.1451307237148285,0.05241921916604042,-0.9363090991973877,0.31545931100845337,-1.8158360719680786,0.05418330058455467,-0.10444623976945877,1.7165803909301758,-0.35186338424682617,0.03862801939249039,-1.8454132080078125,0.0473611056804657,0.13644948601722717,1.6182676553726196,-0.1013420969247818,0.08702485263347626,-0.1113104596734047,-0.050174202769994736,0.0,0.0,-1.3892862796783447,0.14208360016345978,-1.403756856918335,1.1600315570831299,0.40764641761779785,0.02795948088169098,0.45728886127471924,-1.282027244567871,-0.3407774567604065,1.3191750049591064,1.0934317111968994,-0.2575733959674835,0.02122804895043373,-0.3987094759941101
5.045813083648682,0.9308311939239502,0.5971715450286865,0.1435370296239853,0.05178559198975563,-0.9388607740402222,0.30863550305366516,-1.8141423463821411,0.055682823061943054,-0.10311155021190643,1.7171778678894043,-0.34887734055519104,0.033074140548706055,-1.8477208614349365,0.045596905052661896,0.1333245038986206,1.6173250675201416,-0.10247986018657684,0.0890003889799118,-0.10868363082408905,-0.04185111075639725,0.0,0.0,-1.3905572891235352,0.14560985565185547,-1.4065032005310059,1.1624712944030762,0.41098785400390625,0.02785416506230831,0.45376256108283997,-1.2905998229980469,-0.33545956015586853,1.3206849098205566,1.0995800495147705,-0.26065191626548767,0.020229171961545944,-0.39149636030197144
5.046954154968262,0.9322359561920166,0.5993677973747253,0.1411767303943634,0.0510493740439415,-0.9415367841720581,0.30161505937576294,-1.8055092096328735,0.0587971955537796,-0.10049990564584732,1.7111597061157227,-0.3447459638118744,0.02741134539246559,-1.8423147201538086,0.04256417229771614,0.13073909282684326,1.609572410583496,-0.10246707499027252,0.09068623185157776,-0.10727690160274506,-0.03566832095384598,0.0,0.0,-1.3918262720108032,0.15020327270030975,-1.4073562622070312,1.1633485555648804,0.41354748606681824,0.02784043177962303,0.4520232081413269,-1.2971092462539673,-0.3328091502189636,1.3199107646942139,1.103887677192688,-0.2629774808883667,0.018654238432645798,-0.3857344388961792
5.047867774963379,0.9336764812469482,0.6033958196640015,0.13842253386974335,0.05029842630028725,-0.9440883994102478,0.2949683964252472,-1.7917321920394897,0.06372691690921783,-0.09583574533462524,1.699691653251648,-0.34100180864334106,0.023705989122390747,-1.8295422792434692,0.038232870399951935,0.1291828155517578,1.595990777015686,-0.10262879729270935,0.0924079567193985,-0.10614196211099625,-0.032152242958545685,0.0,0.0,-1.3923935890197754,0.15507261455059052,-1.4069019556045532,1.1619793176651,0.4146882891654968,0.02701861783862114,0.45181283354759216,-1.303226351737976,-0.3328979015350342,1.3170310258865356,1.1080219745635986,-0.26422637701034546,0.017146971076726913,-0.3810334801673889
5.048562526702881,0.9350757002830505,0.6091867089271545,0.13574224710464478,0.049689896404743195,-0.9462438225746155,0.28935718536376953,-1.7733542919158936,0.07004457712173462,-0.08838950097560883,1.6845488548278809,-0.3388611078262329,0.023551758378744125,-1.8112361431121826,0.034566424787044525,0.12902367115020752,1.5781505107879639,-0.10396089404821396,0.09356449544429779,-0.10614244639873505,-0.030781883746385574,0.0,0.0,-1.3927297592163086,0.15979689359664917,-1.4057598114013672,1.1583205461502075,0.4152606129646301,0.025968249887228012,0.45391613245010376,-1.3080250024795532,-0.33551159501075745,1.3132468461990356,1.1097973585128784,-0.2650960087776184,0.014698570594191551,-0.37764012813568115
5.049097537994385,0.9363422989845276,0.6169777512550354,0.13312935829162598,0.04916776716709137,-0.9479472637176514,0.2850528061389923,-1.7497320175170898,0.07655906677246094,-0.07828103750944138,1.6643104553222656,-0.33860236406326294,0.027011901140213013,-1.7854700088500977,0.030449502170085907,0.12899164855480194,1.554497241973877,-0.10752303898334503,0.09494693577289581,-0.10577166080474854,-0.0318617969751358,0.0,0.0,-1.393181324005127,0.16512839496135712,-1.4056422710418701,1.1527048349380493,0.4163110852241516,0.024488627910614014,0.4570240080356598,-1.3112695217132568,-0.3391379117965698,1.3102607727050781,1.1123552322387695,-0.2675270438194275,0.012140320613980293,-0.3736240863800049
5.049482822418213,0.9374597072601318,0.6270661354064941,0.13085037469863892,0.04888876527547836,-0.9492377042770386,0.2818436026573181,-1.7208603620529175,0.08321857452392578,-0.06611508131027222,1.6371467113494873,-0.3394118547439575,0.03248275816440582,-1.7517491579055786,0.0247888695448637,0.1279647797346115,1.5249912738800049,-0.11334985494613647,0.0958111584186554,-0.10498511791229248,-0.0354122519493103,0.0,0.0,-1.393092155456543,0.17152854800224304,-1.4062273502349854,1.1456886529922485,0.4182285666465759,0.022210732102394104,0.4606374502182007,-1.3134995698928833,-0.3439473509788513,1.3086366653442383,1.1149519681930542,-0.2714729309082031,0.009165343828499317,-0.36968761682510376
5.049742698669434,0.9383420944213867,0.6399543881416321,0.1289200782775879,0.048928260803222656,-0.9501456022262573,0.2796586751937866,-1.685497522354126,0.08931352198123932,-0.052416931837797165,1.60117769241333,-0.34047070145606995,0.03990186005830765,-1.7086577415466309,0.0177069790661335,0.12641401588916779,1.4868870973587036,-0.12046977132558823,0.097388356924057,-0.10346992313861847,-0.0394766703248024,0.0,0.0,-1.3903592824935913,0.18046292662620544,-1.406724214553833,1.1368036270141602,0.4205182194709778,0.018613014370203018,0.4637796878814697,-1.313449501991272,-0.34980887174606323,1.3060765266418457,1.1179523468017578,-0.2755611836910248,0.005751884076744318,-0.3654633164405823
5.049779415130615,0.9387657642364502,0.6553831100463867,0.1270926296710968,0.04902452975511551,-0.9511039853096008,0.2772098481655121,-1.643151044845581,0.09529981017112732,-0.03762917220592499,1.5583298206329346,-0.34236621856689453,0.04848763346672058,-1.6570701599121094,0.009304223582148552,0.12485496699810028,1.4433192014694214,-0.12884074449539185,0.09849579632282257,-0.10317621380090714,-0.04398643225431442,0.0,0.0,-1.3846572637557983,0.18796738982200623,-1.403417706489563,1.125493049621582,0.4224221706390381,0.01477513276040554,0.46757233142852783,-1.3099315166473389,-0.35439905524253845,1.300589919090271,1.1158652305603027,-0.2797192335128784,0.0015953911934047937,-0.3634825348854065
5.049345016479492,0.9385042786598206,0.673278272151947,0.12505342066287994,0.049159467220306396,-0.9522241353988647,0.27425187826156616,-1.593083381652832,0.10044058412313461,-0.02390890009701252,1.509210467338562,-0.3443235456943512,0.056550972163677216,-1.597365379333496,0.0005186949856579304,0.12491758912801743,1.3945444822311401,-0.13711336255073547,0.1015172004699707,-0.10299979150295258,-0.05056013911962509,0.0,0.0,-1.377854824066162,0.19607234001159668,-1.4005861282348633,1.1194236278533936,0.4241228699684143,0.011218934319913387,0.4684467315673828,-1.3032282590866089,-0.3584415018558502,1.2952303886413574,1.11605703830719,-0.2845779359340668,-0.0013186944415792823,-0.3594398498535156
5.0483880043029785,0.9374514818191528,0.693414568901062,0.12274406105279922,0.04951560124754906,-0.953410267829895,0.2710922360420227,-1.5357706546783447,0.10545574128627777,-0.01110973209142685,1.45419180393219,-0.34604668617248535,0.0638052374124527,-1.5300629138946533,-0.009489649906754494,0.12632198631763458,1.3399757146835327,-0.14330628514289856,0.10698924213647842,-0.10225021839141846,-0.05906633287668228,0.0,0.0,-1.3700387477874756,0.20690926909446716,-1.3967595100402832,1.117621660232544,0.42389726638793945,0.006603027693927288,0.4664876461029053,-1.2926156520843506,-0.36453157663345337,1.2883632183074951,1.116363763809204,-0.2889353334903717,-0.004106409847736359,-0.35380637645721436
5.046813488006592,0.9359048008918762,0.7148913741111755,0.1198539137840271,0.04986323043704033,-0.9546353220939636,0.26799270510673523,-1.472456693649292,0.11047430336475372,0.0011357045732438564,1.3954625129699707,-0.3476233184337616,0.07017222046852112,-1.4544448852539062,-0.021184053272008896,0.1288667917251587,1.2805179357528687,-0.1484031081199646,0.11263062059879303,-0.09947006404399872,-0.06781395524740219,0.0,0.0,-1.358691692352295,0.21838873624801636,-1.3909919261932373,1.1151082515716553,0.422587126493454,0.0006413464434444904,0.4618948698043823,-1.276485562324524,-0.3720708191394806,1.2780615091323853,1.1159205436706543,-0.293690025806427,-0.006583242677152157,-0.3463752269744873
5.044535160064697,0.9341681003570557,0.7385916113853455,0.11614858359098434,0.04983670264482498,-0.9561234712600708,0.2642987370491028,-1.4033751487731934,0.11587643623352051,0.01282304897904396,1.33344566822052,-0.34832796454429626,0.07526737451553345,-1.371159553527832,-0.03398644179105759,0.13240721821784973,1.2167596817016602,-0.15185660123825073,0.11887142062187195,-0.0966530442237854,-0.07821442186832428,0.0,0.0,-1.3455696105957031,0.2330850064754486,-1.3871335983276367,1.1059421300888062,0.42301833629608154,-0.007096090354025364,0.4539947509765625,-1.2521603107452393,-0.385478675365448,1.2657827138900757,1.1078300476074219,-0.30006876587867737,-0.010248968377709389,-0.33698081970214844
5.041503429412842,0.9320821762084961,0.7620129585266113,0.11207488179206848,0.049945030361413956,-0.9578855037689209,0.25961533188819885,-1.3339906930923462,0.1222045049071312,0.023188456892967224,1.2745542526245117,-0.34817010164260864,0.07899530231952667,-1.2874958515167236,-0.04700414836406708,0.1357010006904602,1.1558728218078613,-0.1544043868780136,0.12277088314294815,-0.09390729665756226,-0.09243126213550568,0.0,0.0,-1.3316805362701416,0.24142932891845703,-1.384108543395996,1.1002686023712158,0.42438453435897827,-0.014026250690221786,0.4427892863750458,-1.224852442741394,-0.39878445863723755,1.2532480955123901,1.1019656658172607,-0.3072505593299866,-0.012066515162587166,-0.32603612542152405
5.037991523742676,0.9297617673873901,0.7829144597053528,0.10783039778470993,0.05048373341560364,-0.9598325490951538,0.25405818223953247,-1.2660831212997437,0.12935873866081238,0.03189924359321594,1.2191884517669678,-0.34762609004974365,0.0809524729847908,-1.2068290710449219,-0.05931961536407471,0.13754616677761078,1.0984833240509033,-0.15524882078170776,0.12459363043308258,-0.09082718938589096,-0.10761794447898865,0.0,0.0,-1.3134900331497192,0.24280428886413574,-1.3788491487503052,1.0898380279541016,0.4250970482826233,-0.02064426988363266,0.43149280548095703,-1.1975631713867188,-0.4072307348251343,1.2413718700408936,1.0853826999664307,-0.31506556272506714,-0.01423904299736023,-0.31638893485069275
5.034065246582031,0.9274921417236328,0.801426112651825,0.10370400547981262,0.05139417201280594,-0.9617623686790466,0.24822843074798584,-1.200354814529419,0.13783451914787292,0.03970148414373398,1.1664406061172485,-0.34564176201820374,0.07997769117355347,-1.1294636726379395,-0.07138021290302277,0.13724949955940247,1.0450248718261719,-0.1554248183965683,0.12439665198326111,-0.0863252654671669,-0.12556928396224976,0.0,0.0,-1.2943285703659058,0.2417404055595398,-1.3723114728927612,1.0835293531417847,0.42453062534332275,-0.025863973423838615,0.4200085997581482,-1.1724538803100586,-0.41291797161102295,1.2325894832611084,1.0606520175933838,-0.3236854076385498,-0.01656011864542961,-0.30650633573532104
5.030129432678223,0.9252161979675293,0.8176102638244629,0.09770901501178741,0.05198817327618599,-0.9639317393302917,0.24204497039318085,-1.1321101188659668,0.1469506025314331,0.04799486696720123,1.1147702932357788,-0.3420916795730591,0.07606299221515656,-1.0515029430389404,-0.08368787169456482,0.13557666540145874,0.994452714920044,-0.15494999289512634,0.12444758415222168,-0.08111189305782318,-0.13871125876903534,0.0,0.0,-1.2704113721847534,0.23494397103786469,-1.3581488132476807,1.079574704170227,0.41916415095329285,-0.029576633125543594,0.40877240896224976,-1.1458221673965454,-0.4130967855453491,1.2162423133850098,1.0412756204605103,-0.32915830612182617,-0.015848107635974884,-0.29644709825515747
5.0261454582214355,0.9225289821624756,0.8324692845344543,0.09074846655130386,0.052021149545907974,-0.966082751750946,0.23609872162342072,-1.062411904335022,0.1553473174571991,0.05843869224190712,1.065413475036621,-0.33876216411590576,0.07162800431251526,-0.975278377532959,-0.09840860962867737,0.13213291764259338,0.9500288963317871,-0.1553574502468109,0.1238240972161293,-0.07605621218681335,-0.15391629934310913,0.0,0.0,-1.2485506534576416,0.2260812222957611,-1.3435554504394531,1.0811878442764282,0.4105816185474396,-0.0325283482670784,0.39671772718429565,-1.119775652885437,-0.41082996129989624,1.1992371082305908,1.0271965265274048,-0.33332064747810364,-0.014398030936717987,-0.28538477420806885
5.022260665893555,0.9193211793899536,0.8478125929832458,0.08296152204275131,0.05127011984586716,-0.9682909846305847,0.23000271618366241,-0.9922701120376587,0.16257381439208984,0.07179218530654907,1.0172480344772339,-0.33586040139198303,0.065340057015419,-0.9032902717590332,-0.11541673541069031,0.12502500414848328,0.9109830856323242,-0.15664270520210266,0.12110985815525055,-0.07417801022529602,-0.16608282923698425,0.0,0.0,-1.2257499694824219,0.2157142460346222,-1.321919560432434,1.0795917510986328,0.39576834440231323,-0.034489333629608154,0.38699835538864136,-1.0906922817230225,-0.40743517875671387,1.1733078956604004,1.0061960220336914,-0.33193644881248474,-0.012896992266178131,-0.2773783206939697
5.018368721008301,0.9154274463653564,0.8607544302940369,0.07496754825115204,0.05003001168370247,-0.9700688123703003,0.22548459470272064,-0.9268993139266968,0.16761812567710876,0.08673638850450516,0.9749906063079834,-0.3339292109012604,0.0598360076546669,-0.838941752910614,-0.13210155069828033,0.11737744510173798,0.8806748390197754,-0.1575496792793274,0.1166880875825882,-0.07929171621799469,-0.1778518259525299,0.0,0.0,-1.2074544429779053,0.20432710647583008,-1.3021457195281982,1.0802316665649414,0.38066112995147705,-0.03605850040912628,0.37663033604621887,-1.0550742149353027,-0.41778963804244995,1.1404401063919067,0.9813810586929321,-0.32615339756011963,-0.011934611015021801,-0.2704511880874634
5.014458179473877,0.910969614982605,0.8716258406639099,0.06612615287303925,0.04898502305150032,-0.9713237285614014,0.2230648696422577,-0.8656198978424072,0.1725820004940033,0.10132542997598648,0.938904881477356,-0.33340102434158325,0.054552242159843445,-0.7792062759399414,-0.146547332406044,0.10782956331968307,0.8549001216888428,-0.15849143266677856,0.11239034682512283,-0.08603072166442871,-0.18957552313804626,0.0,0.0,-1.1866036653518677,0.19321517646312714,-1.2793937921524048,1.0749576091766357,0.3608156442642212,-0.036993272602558136,0.36834192276000977,-1.0227261781692505,-0.4267483949661255,1.1050974130630493,0.9544211626052856,-0.3145902752876282,-0.010686744935810566,-0.2660781741142273
5.010519981384277,0.9063353538513184,0.8807098269462585,0.0569147914648056,0.047964733093976974,-0.9724432229995728,0.22093980014324188,-0.8082629442214966,0.17745094001293182,0.11488952487707138,0.9088007211685181,-0.33340293169021606,0.049685657024383545,-0.72239089012146,-0.159971684217453,0.09627781063318253,0.8329217433929443,-0.16080616414546967,0.10874997079372406,-0.08917240798473358,-0.20380938053131104,0.0,0.0,-1.1669254302978516,0.18850786983966827,-1.2533657550811768,1.0664483308792114,0.33524370193481445,-0.03736469894647598,0.3635229468345642,-0.9980894923210144,-0.4287874698638916,1.0751149654388428,0.9220765233039856,-0.30067622661590576,-0.009443161077797413,-0.26357609033584595
5.0068182945251465,0.9021135568618774,0.8879517316818237,0.04703398793935776,0.04690926894545555,-0.9740492701530457,0.21636849641799927,-0.75445157289505,0.1842573583126068,0.12816055119037628,0.886146068572998,-0.33473825454711914,0.04401446878910065,-0.6681107878684998,-0.1734287440776825,0.08160298317670822,0.8172638416290283,-0.1667146235704422,0.10525601357221603,-0.08723730593919754,-0.21607181429862976,0.0,0.0,-1.1432099342346191,0.18224847316741943,-1.2258671522140503,1.0557900667190552,0.3090181350708008,-0.03694470226764679,0.3600480556488037,-0.9830782413482666,-0.4182913303375244,1.0550013780593872,0.9023648500442505,-0.2877961993217468,-0.006760843098163605,-0.25921809673309326
5.003575325012207,0.8982712030410767,0.8937745094299316,0.03768689185380936,0.04701130837202072,-0.9764854907989502,0.20699214935302734,-0.7067548036575317,0.1948719173669815,0.14131206274032593,0.8698449730873108,-0.33720752596855164,0.04032213240861893,-0.6183816194534302,-0.18376554548740387,0.06617021560668945,0.8034905195236206,-0.17261141538619995,0.10266292095184326,-0.08307351917028427,-0.2290154993534088,0.0,0.0,-1.1217098236083984,0.17888911068439484,-1.1975563764572144,1.046416997909546,0.28175562620162964,-0.03591691702604294,0.3580556809902191,-0.9766949415206909,-0.4025847911834717,1.046813726425171,0.8832310438156128,-0.27609938383102417,-0.004421047400683165,-0.2529149651527405
5.001078128814697,0.8946714401245117,0.8983442783355713,0.0278729647397995,0.04745251685380936,-0.9792898893356323,0.19484016299247742,-0.6624162197113037,0.20734764635562897,0.15599021315574646,0.8582930564880371,-0.3411412835121155,0.038147419691085815,-0.5732703804969788,-0.19188591837882996,0.050412386655807495,0.7915879487991333,-0.17827829718589783,0.10058464854955673,-0.07871760427951813,-0.23141449689865112,0.0,0.0,-1.0947917699813843,0.17202192544937134,-1.1598505973815918,1.0331709384918213,0.2534850835800171,-0.033368319272994995,0.3605950176715851,-0.9683092832565308,-0.37455838918685913,1.0374798774719238,0.8611120581626892,-0.26521381735801697,-0.0022783216554671526,-0.2507093548774719
4.999252796173096,0.8910696506500244,0.9014117121696472,0.01821274124085903,0.04809955880045891,-0.9818475246429443,0.18256527185440063,-0.6243566274642944,0.21997320652008057,0.1709022969007492,0.8524446487426758,-0.3474734127521515,0.03853005915880203,-0.5354108214378357,-0.19887402653694153,0.03410498797893524,0.7846062779426575,-0.1845436692237854,0.09773716330528259,-0.07066439837217331,-0.22513923048973083,0.0,0.0,-1.0595250129699707,0.16586241126060486,-1.11593496799469,1.0128626823425293,0.22814086079597473,-0.031052730977535248,0.3653649687767029,-0.9551030397415161,-0.3434111773967743,1.0293941497802734,0.8360229730606079,-0.2571271061897278,-0.0014298181049525738,-0.2482985407114029
4.998316287994385,0.887582540512085,0.9034551978111267,0.009682000614702702,0.050136249512434006,-0.9844857454299927,0.16787077486515045,-0.5950117111206055,0.23477955162525177,0.1854223906993866,0.8509023785591125,-0.354560911655426,0.04120626673102379,-0.504450798034668,-0.20304590463638306,0.015245385468006134,0.7799364328384399,-0.19164761900901794,0.0936656966805458,-0.06001688167452812,-0.21283435821533203,0.0,0.0,-1.0145853757858276,0.1606021374464035,-1.068459391593933,0.9781330823898315,0.207096129655838,-0.02958095446228981,0.3727761507034302,-0.9358009099960327,-0.31290292739868164,1.019025206565857,0.8000044226646423,-0.251644104719162,-0.0021413201466202736,-0.24732068181037903
4.998513221740723,0.8840576410293579,0.9043461680412292,0.004389107692986727,0.05287467688322067,-0.9875207543373108,0.14828263223171234,-0.5777814388275146,0.25072571635246277,0.20245498418807983,0.8536799550056458,-0.36138927936553955,0.04869267717003822,-0.48539602756500244,-0.20510387420654297,-0.004269208759069443,0.7769905924797058,-0.19779369235038757,0.09005150198936462,-0.0529572032392025,-0.19819697737693787,0.0,0.0,-0.962493360042572,0.15227365493774414,-1.0243253707885742,0.9398050308227539,0.19277238845825195,-0.02853904291987419,0.3791470527648926,-0.9103050231933594,-0.2851683795452118,1.0101817846298218,0.7595598697662354,-0.250171959400177,-0.004229296930134296,-0.24566632509231567
4.999743461608887,0.8802089691162109,0.9047486782073975,-0.00010778331488836557,0.05637324973940849,-0.9903048276901245,0.12695780396461487,-0.5654946565628052,0.26803702116012573,0.21975402534008026,0.8584582805633545,-0.36881130933761597,0.05756960064172745,-0.4704100489616394,-0.20374850928783417,-0.021882392466068268,0.771024763584137,-0.1995449662208557,0.09172666072845459,-0.04378364607691765,-0.17499808967113495,0.0,0.0,-0.8959230184555054,0.15593689680099487,-0.9764639139175415,0.9021317958831787,0.1863652467727661,-0.030557258054614067,0.37985438108444214,-0.8712210655212402,-0.2683704197406769,1.0009719133377075,0.7218329906463623,-0.2512628436088562,-0.010735729709267616,-0.23584285378456116
5.001262187957764,0.8761966228485107,0.9045052528381348,-0.0026734990533441305,0.060176413506269455,-0.9924494028091431,0.10684444010257721,-0.5603384375572205,0.28492140769958496,0.23542076349258423,0.8658883571624756,-0.37709367275238037,0.06680530309677124,-0.4624690115451813,-0.2006019949913025,-0.041207462549209595,0.767765998840332,-0.20458674430847168,0.09204871952533722,-0.03187815099954605,-0.14907756447792053,0.0,0.0,-0.8210493326187134,0.1423206627368927,-0.9394493699073792,0.8773409128189087,0.18234430253505707,-0.03312334790825844,0.37468230724334717,-0.8201003074645996,-0.24496839940547943,0.9984195828437805,0.6944528818130493,-0.25562146306037903,-0.018366463482379913,-0.22296610474586487
5.003786087036133,0.8729056119918823,0.9039018154144287,-0.004702323116362095,0.06235576421022415,-0.9940861463546753,0.08878277242183685,-0.557437539100647,0.2957504093647003,0.25059667229652405,0.8722223043441772,-0.38058435916900635,0.07762951403856277,-0.45849013328552246,-0.19603414833545685,-0.050630342215299606,0.7611516118049622,-0.2015419900417328,0.09883248805999756,-0.026564570143818855,-0.11054468899965286,0.0,0.0,-0.7370127439498901,0.1385546326637268,-0.8977749347686768,0.8801348209381104,0.18827620148658752,-0.03946658968925476,0.3574909269809723,-0.73769611120224,-0.2512715458869934,0.951306939125061,0.7123285531997681,-0.25545501708984375,-0.026187868788838387,-0.20685772597789764
5.006584167480469,0.8697642087936401,0.9035048484802246,-0.0058006225153803825,0.06507887691259384,-0.9956250786781311,0.06679593026638031,-0.5557751655578613,0.30664560198783875,0.2645989656448364,0.877494215965271,-0.38295406103134155,0.08663707971572876,-0.45713865756988525,-0.18970072269439697,-0.05842188745737076,0.7514897584915161,-0.194806307554245,0.10567361861467361,-0.02184842713177204,-0.06938886642456055,0.0,0.0,-0.644460916519165,0.13490688800811768,-0.8450824022293091,0.919647216796875,0.19753652811050415,-0.045464348047971725,0.3354782462120056,-0.6382080316543579,-0.25387468934059143,0.8806365728378296,0.779794454574585,-0.2551348805427551,-0.03127380833029747,-0.193574458360672
5.008718490600586,0.8660585284233093,0.9028053283691406,-0.003715148428454995,0.06637291610240936,-0.9968886375427246,0.04235410690307617,-0.5609167814254761,0.3097362518310547,0.275112122297287,0.8819993734359741,-0.38494545221328735,0.09439761936664581,-0.4641290307044983,-0.1880972981452942,-0.06454966962337494,0.7481428384780884,-0.19071421027183533,0.11038406193256378,-0.014856023713946342,-0.03707736358046532,0.0,0.0,-0.5514143705368042,0.11959414184093475,-0.8049799203872681,0.9800874590873718,0.2144518792629242,-0.04884747415781021,0.30560168623924255,-0.5353376865386963,-0.23733410239219666,0.8132039904594421,0.889938473701477,-0.2584236264228821,-0.029966700822114944,-0.17958050966262817
5.0099196434021,0.8622882962226868,0.9021226763725281,0.0014279016759246588,0.06696905195713043,-0.9976058602333069,0.017191948369145393,-0.5716873407363892,0.3105638027191162,0.282469779253006,0.8853611350059509,-0.38623130321502686,0.09815527498722076,-0.4775606393814087,-0.1894437074661255,-0.0710667073726654,0.7490154504776001,-0.18947747349739075,0.11244518309831619,-0.001688927412033081,-0.012012145482003689,0.0,0.0,-0.4528050720691681,0.10771595686674118,-0.7537102103233337,1.0672502517700195,0.231886625289917,-0.04778203368186951,0.27055469155311584,-0.43941378593444824,-0.21035759150981903,0.7498437166213989,1.0162556171417236,-0.26281774044036865,-0.024988608434796333,-0.1615844964981079
5.010498046875,0.8592997789382935,0.9008654952049255,0.008879952132701874,0.06774068623781204,-0.9976599216461182,-0.0026500504463911057,-0.5902417898178101,0.31275588274002075,0.28281670808792114,0.892463207244873,-0.39129459857940674,0.09834408760070801,-0.49643582105636597,-0.19214066863059998,-0.0772186890244484,0.755187451839447,-0.19443421065807343,0.11400504410266876,0.020036904141306877,0.0025720144622027874,0.0,0.0,-0.35422492027282715,0.09900557994842529,-0.7096537351608276,1.145055890083313,0.2504338324069977,-0.047635048627853394,0.2334975302219391,-0.35463616251945496,-0.17447535693645477,0.7164596319198608,1.1171915531158447,-0.2723114490509033,-0.021452831104397774,-0.1388501524925232
5.01160192489624,0.8577574491500854,0.8997137546539307,0.018722230568528175,0.06850068271160126,-0.9973030686378479,-0.018539976328611374,-0.6150909066200256,0.31678009033203125,0.2794093191623688,0.8983372449874878,-0.3938528895378113,0.09616602957248688,-0.5208806395530701,-0.19456826150417328,-0.08073416352272034,0.7581144571304321,-0.1950814425945282,0.11330412328243256,0.03381338715553284,0.0049616205506026745,0.0,0.0,-0.2681516408920288,0.09552004933357239,-0.6577578186988831,1.2141414880752563,0.2596279978752136,-0.04685185104608536,0.206782728433609,-0.2748945951461792,-0.14504922926425934,0.6792973279953003,1.1947940587997437,-0.2766602635383606,-0.018565110862255096,-0.1218409314751625
5.013067722320557,0.8574928045272827,0.8986999988555908,0.029194632545113564,0.06852475553750992,-0.9967172741889954,-0.03172861784696579,-0.6417378783226013,0.3184707760810852,0.2701376676559448,0.9022184610366821,-0.3967241644859314,0.09189561754465103,-0.5470544099807739,-0.1993158459663391,-0.07805316150188446,0.7577066421508789,-0.19028645753860474,0.11580336093902588,0.04482133686542511,-0.008134936913847923,0.0,0.0,-0.19636857509613037,0.09893623739480972,-0.6215822100639343,1.2468836307525635,0.26721206307411194,-0.04782476648688316,0.19028262794017792,-0.20685355365276337,-0.12659429013729095,0.6522549986839294,1.2379248142242432,-0.27811571955680847,-0.017035048454999924,-0.11221678555011749
5.014162540435791,0.8581416010856628,0.897785484790802,0.0388399213552475,0.068117655813694,-0.9958023428916931,-0.047212909907102585,-0.6653527617454529,0.31891804933547974,0.25762486457824707,0.9057737588882446,-0.40089303255081177,0.08858926594257355,-0.57036292552948,-0.20650732517242432,-0.07315673679113388,0.7581298351287842,-0.18358126282691956,0.11902843415737152,0.05203920602798462,-0.03398730605840683,0.0,0.0,-0.14382988214492798,0.10464639961719513,-0.6108596324920654,1.2537789344787598,0.27769216895103455,-0.04879473149776459,0.17988654971122742,-0.15061193704605103,-0.11805775761604309,0.6393392086029053,1.2538866996765137,-0.2795605957508087,-0.01658044010400772,-0.10697944462299347
5.0151472091674805,0.85947185754776,0.8969182372093201,0.04644160345196724,0.06703892350196838,-0.9946461319923401,-0.06346658617258072,-0.6832945346832275,0.3194732666015625,0.24631035327911377,0.908890962600708,-0.4055960178375244,0.08631826192140579,-0.5901595950126648,-0.215499609708786,-0.0661582499742508,0.7612751722335815,-0.17700740694999695,0.12199161946773529,0.052289754152297974,-0.06310450285673141,0.0,0.0,-0.1082436591386795,0.11015474051237106,-0.6133327484130859,1.250220775604248,0.2904535233974457,-0.0495159775018692,0.17307129502296448,-0.10162493586540222,-0.11672957241535187,0.6231081485748291,1.2616677284240723,-0.28034645318984985,-0.015551532618701458,-0.10535822063684464
5.016177654266357,0.8611690998077393,0.8961302638053894,0.051781997084617615,0.06580111384391785,-0.9936155080795288,-0.07561090588569641,-0.6955344676971436,0.31990689039230347,0.2378917783498764,0.9119631052017212,-0.4107888340950012,0.08629947900772095,-0.6053397059440613,-0.22500360012054443,-0.05859104543924332,0.7664079070091248,-0.17208608984947205,0.125250443816185,0.05083080381155014,-0.09231999516487122,0.0,0.0,-0.08227018266916275,0.1165202334523201,-0.6235015392303467,1.235316276550293,0.3035043179988861,-0.050935257226228714,0.16741429269313812,-0.0647193044424057,-0.12043073773384094,0.6088612079620361,1.2639310359954834,-0.28041601181030273,-0.014476980082690716,-0.10649240016937256
5.017144203186035,0.8626851439476013,0.8956409096717834,0.05589307099580765,0.06469172239303589,-0.9926996231079102,-0.08507940918207169,-0.7036774158477783,0.3201046586036682,0.23089921474456787,0.9140879511833191,-0.4143086075782776,0.08563397079706192,-0.6174848079681396,-0.23551738262176514,-0.050049684941768646,0.7724108695983887,-0.16956989467144012,0.1288556307554245,0.049574822187423706,-0.11975325644016266,0.0,0.0,-0.06456436961889267,0.12443897128105164,-0.634305477142334,1.2186362743377686,0.31375449895858765,-0.05237670987844467,0.1642964780330658,-0.0379539355635643,-0.12676037847995758,0.5975335240364075,1.2607080936431885,-0.27991217374801636,-0.013391591608524323,-0.11003261804580688
5.018020153045654,0.8641144633293152,0.8947076797485352,0.059353455901145935,0.06411775201559067,-0.9915068745613098,-0.09633328765630722,-0.7114399671554565,0.3198282718658447,0.22144845128059387,0.9203054904937744,-0.4175189435482025,0.08458185195922852,-0.6277636885643005,-0.24434512853622437,-0.04011588171124458,0.7833113670349121,-0.17161139845848083,0.130747452378273,0.052570730447769165,-0.1428985893726349,0.0,0.0,-0.05394139513373375,0.129239022731781,-0.6424074769020081,1.209774136543274,0.31983092427253723,-0.05333729460835457,0.16362355649471283,-0.01799989491701126,-0.13092774152755737,0.5870852470397949,1.2655240297317505,-0.28080111742019653,-0.011077869683504105,-0.11476391553878784
5.018974304199219,0.8657927513122559,0.8937468528747559,0.062054600566625595,0.06452862173318863,-0.9907991886138916,-0.10150013118982315,-0.7182531356811523,0.32118725776672363,0.21485401690006256,0.9277756214141846,-0.41987550258636475,0.0850713849067688,-0.6363019943237305,-0.2503128945827484,-0.032019831240177155,0.7936258316040039,-0.17432796955108643,0.13057686388492584,0.05486395210027695,-0.1603195071220398,0.0,0.0,-0.046660687774419785,0.13420215249061584,-0.6439142823219299,1.2060346603393555,0.3218455910682678,-0.05354209989309311,0.1665252447128296,-0.00308813713490963,-0.1366070657968521,0.5774487257003784,1.2705976963043213,-0.28215980529785156,-0.009589171037077904,-0.12117021530866623
5.019959926605225,0.8673710227012634,0.8927437663078308,0.06363369524478912,0.06682223826646805,-0.9907900094985962,-0.09909942746162415,-0.7248807549476624,0.3246228098869324,0.20872214436531067,0.937095046043396,-0.42242854833602905,0.08490768074989319,-0.643043577671051,-0.25346168875694275,-0.027708999812602997,0.8039150238037109,-0.17804890871047974,0.13008756935596466,0.05931943655014038,-0.1729673445224762,0.0,0.0,-0.0407303124666214,0.14148542284965515,-0.6389204263687134,1.2049834728240967,0.31954023241996765,-0.05383193492889404,0.17143386602401733,0.008163263089954853,-0.14170384407043457,0.5705081224441528,1.27143132686615,-0.2840658724308014,-0.009743907488882542,-0.12629279494285583
5.020909309387207,0.8692326545715332,0.8908867835998535,0.06367149949073792,0.06927107274532318,-0.9916636943817139,-0.0880373939871788,-0.7328737378120422,0.32506701350212097,0.19982269406318665,0.9502516984939575,-0.42749661207199097,0.08456318825483322,-0.6506404876708984,-0.2567204236984253,-0.022051220759749413,0.8187487125396729,-0.18521931767463684,0.13090823590755463,0.06484588980674744,-0.1815403401851654,0.0,0.0,-0.033680714666843414,0.14924904704093933,-0.6274228096008301,1.2063428163528442,0.31598785519599915,-0.05316147953271866,0.1760558784008026,0.016824832186102867,-0.14879855513572693,0.5621694326400757,1.2670905590057373,-0.2875005304813385,-0.009996198117733002,-0.13022509217262268
5.021597862243652,0.8720928430557251,0.8898244500160217,0.06319250911474228,0.07142948359251022,-0.9928080439567566,-0.07236483693122864,-0.7381737232208252,0.32195204496383667,0.18803946673870087,0.9581402540206909,-0.43148308992385864,0.08188427239656448,-0.6538881063461304,-0.26078709959983826,-0.019157378003001213,0.8295044898986816,-0.1918567419052124,0.13191735744476318,0.07108563184738159,-0.1872454583644867,0.0,0.0,-0.024567248299717903,0.15504378080368042,-0.6199240684509277,1.2051453590393066,0.3134611248970032,-0.05487391725182533,0.1784011721611023,0.02315228059887886,-0.15513908863067627,0.5613698959350586,1.2567201852798462,-0.2955578565597534,-0.011908493936061859,-0.1321120262145996
5.022083759307861,0.8767153024673462,0.888824462890625,0.06363506615161896,0.0729985237121582,-0.9934596419334412,-0.06049565225839615,-0.7439145445823669,0.3189449608325958,0.17448869347572327,0.9652872085571289,-0.434749960899353,0.07786944508552551,-0.655341386795044,-0.2651252746582031,-0.019407229498028755,0.8407796621322632,-0.2000821828842163,0.13248750567436218,0.07805763185024261,-0.19170540571212769,0.0,0.0,-0.015974709764122963,0.16109026968479156,-0.6145420670509338,1.203726053237915,0.3101206421852112,-0.058225300163030624,0.17929290235042572,0.028862182050943375,-0.163350909948349,0.5632745623588562,1.241273283958435,-0.30432167649269104,-0.015599380247294903,-0.13161785900592804
5.022932052612305,0.8836982846260071,0.888242781162262,0.06588317453861237,0.07469417154788971,-0.9935624003410339,-0.05398181453347206,-0.7525919079780579,0.31773388385772705,0.1622842252254486,0.969782292842865,-0.4346494674682617,0.07360675930976868,-0.6578177213668823,-0.2651948034763336,-0.021741045638918877,0.8484995365142822,-0.20838482677936554,0.13201762735843658,0.08674686402082443,-0.19590339064598083,0.0,0.0,-0.008942078799009323,0.16702261567115784,-0.6144033074378967,1.2049884796142578,0.30893489718437195,-0.061427805572748184,0.17813745141029358,0.03296932578086853,-0.1681441366672516,0.5681509971618652,1.2311840057373047,-0.31313401460647583,-0.01815761998295784,-0.129055917263031
5.023942947387695,0.8919945359230042,0.8884193897247314,0.0682387501001358,0.07535967230796814,-0.9933278560638428,-0.05444381386041641,-0.758092999458313,0.31906238198280334,0.15774834156036377,0.9688894748687744,-0.4319548010826111,0.07143589109182358,-0.6553866267204285,-0.26500046253204346,-0.029872510582208633,0.8491297960281372,-0.21274858713150024,0.13132458925247192,0.09656213223934174,-0.19998854398727417,0.0,0.0,0.00018185563385486603,0.16815170645713806,-0.6207932233810425,1.204699158668518,0.31152504682540894,-0.06461241841316223,0.17560023069381714,0.030905012041330338,-0.16698706150054932,0.5844287276268005,1.2227851152420044,-0.3243069350719452,-0.020853262394666672,-0.12613986432552338
5.024887561798096,0.900675892829895,0.8876902461051941,0.06910283863544464,0.07578708976507187,-0.9929704666137695,-0.05908375605940819,-0.762535035610199,0.3238827586174011,0.1574287712574005,0.9728497266769409,-0.43051183223724365,0.07192482054233551,-0.6515615582466125,-0.26356038451194763,-0.036894723773002625,0.8527359962463379,-0.2177850306034088,0.1323314607143402,0.10490071773529053,-0.20249785482883453,0.0,0.0,0.010030665434896946,0.16917824745178223,-0.6251537799835205,1.2075626850128174,0.31634506583213806,-0.06602142751216888,0.17216162383556366,0.026536941528320312,-0.16404184699058533,0.6036025881767273,1.2172701358795166,-0.33474811911582947,-0.023753831163048744,-0.12108257412910461
5.025671482086182,0.9086998701095581,0.8875306248664856,0.06812123209238052,0.07637819647789001,-0.9927912354469299,-0.062381960451602936,-0.7606754899024963,0.3296235501766205,0.16159343719482422,0.9745018482208252,-0.42758750915527344,0.0726373940706253,-0.643002986907959,-0.26421764492988586,-0.04155910015106201,0.8524093627929688,-0.21831075847148895,0.13600219786167145,0.11043387651443481,-0.20136553049087524,0.0,0.0,0.022142594680190086,0.16755768656730652,-0.621415376663208,1.2152016162872314,0.3200612962245941,-0.0659688264131546,0.17011074721813202,0.02319648116827011,-0.15799017250537872,0.6175957918167114,1.2182096242904663,-0.3433440923690796,-0.02572241611778736,-0.11756682395935059
5.026086330413818,0.9150897264480591,0.8873523473739624,0.06564222276210785,0.07711468636989594,-0.9929478168487549,-0.06163622811436653,-0.7552012205123901,0.3348284363746643,0.1680147498846054,0.9768949747085571,-0.4259275496006012,0.0751788541674614,-0.6307186484336853,-0.26787158846855164,-0.044446319341659546,0.8522789478302002,-0.21709641814231873,0.1401432603597641,0.11422023177146912,-0.197087824344635,0.0,0.0,0.0357697494328022,0.16310815513134003,-0.6103137731552124,1.2264997959136963,0.32250601053237915,-0.06562059372663498,0.16830137372016907,0.023476209491491318,-0.15344293415546417,0.6238076090812683,1.223673939704895,-0.34967121481895447,-0.027226686477661133,-0.11484674364328384
5.02606201171875,0.9198014736175537,0.8866657614707947,0.06273991614580154,0.07747897505760193,-0.9931108951568604,-0.06157537177205086,-0.7502050399780273,0.3360925316810608,0.17044484615325928,0.9819540977478027,-0.42633965611457825,0.07780996710062027,-0.6197023391723633,-0.27188780903816223,-0.0431479848921299,0.855373203754425,-0.21676097810268402,0.1442001461982727,0.11572958528995514,-0.1925744265317917,0.0,0.0,0.04757325351238251,0.15706464648246765,-0.6016726493835449,1.2329902648925781,0.3241594433784485,-0.06637188792228699,0.16647343337535858,0.028603170067071915,-0.15106770396232605,0.625862717628479,1.2269749641418457,-0.3548405170440674,-0.029260579496622086,-0.11255308985710144
5.025400161743164,0.923437774181366,0.8853806853294373,0.059373900294303894,0.07628908008337021,-0.9932946562767029,-0.06340653449296951,-0.7445576190948486,0.3299301564693451,0.16805711388587952,0.9891451001167297,-0.428270161151886,0.08178691565990448,-0.6064866185188293,-0.2761533260345459,-0.03813769295811653,0.8629060983657837,-0.21900752186775208,0.1475016176700592,0.11883632093667984,-0.18911953270435333,0.0,0.0,0.05710231885313988,0.15023240447044373,-0.596605122089386,1.2364578247070312,0.325947105884552,-0.0682828277349472,0.1639745831489563,0.03681193292140961,-0.15038415789604187,0.6252542734146118,1.2317379713058472,-0.3596841096878052,-0.031053481623530388,-0.1100081130862236
5.0243659019470215,0.9262117147445679,0.8839057683944702,0.05643774941563606,0.07442556321620941,-0.9937273263931274,-0.06149451434612274,-0.7398969531059265,0.3197828531265259,0.16029515862464905,0.9965341091156006,-0.42910486459732056,0.08524802327156067,-0.5928094387054443,-0.2819681167602539,-0.030223486945033073,0.8730928301811218,-0.22036367654800415,0.15050271153450012,0.12074388563632965,-0.18727314472198486,0.0,0.0,0.06305807828903198,0.14509859681129456,-0.5922967195510864,1.2375948429107666,0.3270184099674225,-0.06982329487800598,0.16272741556167603,0.04764949530363083,-0.15376967191696167,0.6196238398551941,1.2367022037506104,-0.3625490069389343,-0.03168676793575287,-0.10906334221363068
5.022854804992676,0.9278648495674133,0.8824846148490906,0.054452162235975266,0.07216547429561615,-0.9945105910301208,-0.05268611013889313,-0.7361505031585693,0.30764931440353394,0.14807525277137756,1.0031403303146362,-0.4290505349636078,0.08679240942001343,-0.5796725153923035,-0.29367029666900635,-0.018672414124011993,0.8851289749145508,-0.22005721926689148,0.15688997507095337,0.12302947044372559,-0.18715062737464905,0.0,0.0,0.06528162956237793,0.13933145999908447,-0.5985260009765625,1.2329363822937012,0.3308936655521393,-0.07284975051879883,0.16005919873714447,0.060231417417526245,-0.15949922800064087,0.612307608127594,1.242283582687378,-0.3653024435043335,-0.03165110945701599,-0.10822944343090057
5.0198845863342285,0.927357017993927,0.880787193775177,0.05168958753347397,0.06855271756649017,-0.9957471489906311,-0.03341154754161835,-0.7303870916366577,0.2896193861961365,0.13617125153541565,1.0096951723098755,-0.42915868759155273,0.09030960500240326,-0.5629514455795288,-0.3166388273239136,-0.0030864449217915535,0.9028832316398621,-0.2209956794977188,0.1650935858488083,0.12575075030326843,-0.1885232925415039,0.0,0.0,0.06170625984668732,0.13324421644210815,-0.6089015007019043,1.2231621742248535,0.33354079723358154,-0.07739053666591644,0.1550171673297882,0.07585160434246063,-0.16864371299743652,0.5904002785682678,1.2546759843826294,-0.3629652261734009,-0.029451223090291023,-0.10868288576602936
5.01481819152832,0.922397255897522,0.878248929977417,0.0478585846722126,0.06428193300962448,-0.9967813491821289,0.0020953998900949955,-0.7271369695663452,0.25966522097587585,0.1195652037858963,1.019034504890442,-0.4319742023944855,0.09983009099960327,-0.5420243740081787,-0.3446412682533264,0.018864432349801064,0.9365414977073669,-0.21969205141067505,0.1702401340007782,0.12361620366573334,-0.18968859314918518,0.0,0.0,0.0519503653049469,0.12515217065811157,-0.6210424304008484,1.20283043384552,0.33220863342285156,-0.08224868774414062,0.14908701181411743,0.09808956831693649,-0.1842743158340454,0.5487284064292908,1.2635573148727417,-0.35235506296157837,-0.0255015566945076,-0.11419059336185455
5.008723258972168,0.9138489961624146,0.8766888976097107,0.044318828731775284,0.061512626707553864,-0.9958806037902832,0.04973883926868439,-0.7264876365661621,0.2217002809047699,0.08972669392824173,1.0233168601989746,-0.4312550723552704,0.1028069257736206,-0.5208233594894409,-0.35687071084976196,0.045910947024822235,0.9641465544700623,-0.2187885344028473,0.1709003746509552,0.11522212624549866,-0.1933097541332245,0.0,0.0,0.037481602281332016,0.11771693825721741,-0.6408634185791016,1.180853009223938,0.33055567741394043,-0.08584694564342499,0.1442599892616272,0.12037572264671326,-0.1988065391778946,0.5141178965568542,1.2617688179016113,-0.3407464027404785,-0.022690342739224434,-0.11942179501056671
5.002317905426025,0.9051718711853027,0.8770356774330139,0.042590077966451645,0.05990312993526459,-0.9928372502326965,0.09419075399637222,-0.7255837917327881,0.1864366978406906,0.05609709024429321,1.0180658102035522,-0.42455676198005676,0.09920962154865265,-0.5146793723106384,-0.34431588649749756,0.06094121187925339,0.9789929389953613,-0.22000496089458466,0.16154861450195312,0.0998029038310051,-0.1989395171403885,0.0,0.0,0.020361848175525665,0.11215953528881073,-0.6574931144714355,1.1637492179870605,0.3267548978328705,-0.08600252121686935,0.14686645567417145,0.13788962364196777,-0.20854395627975464,0.4888725280761719,1.2530794143676758,-0.32790088653564453,-0.022161327302455902,-0.12536029517650604
4.995827674865723,0.894512414932251,0.8784802556037903,0.043045468628406525,0.060696233063936234,-0.9872839450836182,0.14047570526599884,-0.7277268767356873,0.15916049480438232,0.021654939278960228,1.008537769317627,-0.415879487991333,0.08932126313447952,-0.526870608329773,-0.3186672031879425,0.07772859930992126,0.9771521091461182,-0.22502419352531433,0.15481296181678772,0.08383779972791672,-0.20551797747612,0.0,0.0,-0.0011869920417666435,0.10825978219509125,-0.6804603338241577,1.1466472148895264,0.3259615898132324,-0.08600733429193497,0.15104152262210846,0.15207485854625702,-0.21334922313690186,0.4717821478843689,1.2409324645996094,-0.3163312077522278,-0.022540729492902756,-0.12837927043437958
4.9898881912231445,0.883932888507843,0.8801935315132141,0.04419950395822525,0.06346000730991364,-0.9783756732940674,0.19183412194252014,-0.733643651008606,0.14074894785881042,-0.017526771873235703,0.9976626634597778,-0.40525153279304504,0.07088999450206757,-0.5384635925292969,-0.29542016983032227,0.10591300576925278,0.9660454988479614,-0.24028506875038147,0.1551215499639511,0.0746069997549057,-0.21156403422355652,0.0,0.0,-0.026617808267474174,0.10828641057014465,-0.7108703255653381,1.130157709121704,0.3274022936820984,-0.08846506476402283,0.15465818345546722,0.1641993373632431,-0.21428579092025757,0.4582101106643677,1.2315267324447632,-0.3080260455608368,-0.021779371425509453,-0.12712399661540985
4.983652591705322,0.87697434425354,0.8809773921966553,0.044959478080272675,0.06604360044002533,-0.9660465717315674,0.24570481479167938,-0.7440372109413147,0.12981243431568146,-0.057088904082775116,0.9884195327758789,-0.3905923068523407,0.04776405170559883,-0.5409181714057922,-0.2810244560241699,0.1378612071275711,0.9570363759994507,-0.2630870044231415,0.16060274839401245,0.07573018223047256,-0.21791717410087585,0.0,0.0,-0.05176111310720444,0.1070428192615509,-0.7533698081970215,1.1168317794799805,0.3323359489440918,-0.09308287501335144,0.1561134159564972,0.16802014410495758,-0.21136189997196198,0.4711228609085083,1.2158483266830444,-0.3100771903991699,-0.022249262779951096,-0.1186356395483017
4.975962162017822,0.875523567199707,0.8793855905532837,0.04614781215786934,0.06752309948205948,-0.9509453773498535,0.298351913690567,-0.7651844024658203,0.12713544070720673,-0.09190649539232254,0.9848023653030396,-0.37451183795928955,0.027798116207122803,-0.5380851626396179,-0.27470287680625916,0.1648670732975006,0.957116961479187,-0.28972429037094116,0.16804522275924683,0.08093392848968506,-0.22189851105213165,0.0,0.0,-0.07323995232582092,0.10504041612148285,-0.8009189963340759,1.0945842266082764,0.33863890171051025,-0.09916763752698898,0.1557784229516983,0.16605983674526215,-0.209991455078125,0.5009187459945679,1.1800150871276855,-0.3144115209579468,-0.02584647387266159,-0.10755039751529694
4.966519832611084,0.8808559775352478,0.8751282691955566,0.04792894050478935,0.06719347089529037,-0.9327226877212524,0.35102179646492004,-0.7972358465194702,0.1258719563484192,-0.11627574265003204,0.98609459400177,-0.35628437995910645,0.020452212542295456,-0.53668212890625,-0.26733189821243286,0.17943067848682404,0.9645174741744995,-0.31711143255233765,0.16936540603637695,0.0876036137342453,-0.2253306806087494,0.0,0.0,-0.09291669726371765,0.10251612216234207,-0.8498039245605469,1.0698904991149902,0.3478679060935974,-0.10286055505275726,0.15443477034568787,0.1591738760471344,-0.21397140622138977,0.5502034425735474,1.117051124572754,-0.3204362094402313,-0.0344688855111599,-0.09118565917015076
4.956530570983887,0.8922122716903687,0.868870198726654,0.04997502267360687,0.0653303787112236,-0.9101046919822693,0.40613290667533875,-0.8357386589050293,0.11696633696556091,-0.12532217800617218,0.9920879602432251,-0.33889830112457275,0.030652683228254318,-0.5409287810325623,-0.25135597586631775,0.18004432320594788,0.9777268767356873,-0.34139877557754517,0.16724836826324463,0.0885554850101471,-0.22557073831558228,0.0,0.0,-0.10503681004047394,0.10235215723514557,-0.9006977677345276,1.0350414514541626,0.3616466522216797,-0.10718095302581787,0.14715924859046936,0.15038666129112244,-0.22975769639015198,0.6088789701461792,1.0187482833862305,-0.3241015076637268,-0.052284352481365204,-0.0667993575334549
4.94682502746582,0.9062928557395935,0.8625181913375854,0.05265174061059952,0.06170426309108734,-0.8792720437049866,0.4693623483181,-0.8723682165145874,0.09327402710914612,-0.11769213527441025,0.9957196712493896,-0.32208096981048584,0.052285581827163696,-0.5573383569717407,-0.22261950373649597,0.17241638898849487,0.9946707487106323,-0.3592575192451477,0.16087700426578522,0.07954493165016174,-0.22370094060897827,0.0,0.0,-0.1133553683757782,0.11225724965333939,-0.9474098086357117,0.9921506643295288,0.37929999828338623,-0.1125229150056839,0.13416630029678345,0.14701725542545319,-0.2560206651687622,0.6511365175247192,0.9287694692611694,-0.3235619068145752,-0.06841656565666199,-0.043930768966674805
4.939449787139893,0.9189379811286926,0.8569441437721252,0.05418912693858147,0.054282598197460175,-0.842374324798584,0.5334064364433289,-0.8938207626342773,0.059962134808301926,-0.09862595796585083,0.9943844676017761,-0.3085739016532898,0.07776883244514465,-0.5780355930328369,-0.1883821338415146,0.16277353465557098,1.0114578008651733,-0.3681729733943939,0.15327684581279755,0.06193501502275467,-0.22194717824459076,0.0,0.0,-0.11634449660778046,0.13387373089790344,-0.9786591529846191,0.943435788154602,0.39306020736694336,-0.11906340718269348,0.12023141980171204,0.14833638072013855,-0.2898249626159668,0.6661719679832458,0.8612499237060547,-0.3199937343597412,-0.08073872327804565,-0.03127232939004898
4.935853004455566,0.927721381187439,0.8520797491073608,0.05504058301448822,0.04459491744637489,-0.8075429797172546,0.5855392217636108,-0.9048538208007812,0.02903829701244831,-0.07051017135381699,0.9883241653442383,-0.2971164882183075,0.10459646582603455,-0.5898686051368713,-0.16251543164253235,0.15277612209320068,1.024240493774414,-0.3712455630302429,0.15077364444732666,0.04271523654460907,-0.22030651569366455,0.0,0.0,-0.10919392108917236,0.1653631627559662,-0.9936529397964478,0.8970996737480164,0.4019847512245178,-0.12698420882225037,0.10546627640724182,0.1499902307987213,-0.3290789723396301,0.6631649732589722,0.8157341480255127,-0.3173782527446747,-0.09049010276794434,-0.02560981549322605
4.935227870941162,0.9314365386962891,0.8513092398643494,0.055717337876558304,0.03524244949221611,-0.7800558805465698,0.6222269535064697,-0.9137610197067261,0.00583661999553442,-0.04166978597640991,0.9892253875732422,-0.2909170985221863,0.12942160665988922,-0.5952266454696655,-0.14448188245296478,0.145051971077919,1.0358717441558838,-0.3693672716617584,0.15079112350940704,0.026952363550662994,-0.21995165944099426,0.0,0.0,-0.09635280072689056,0.20646029710769653,-0.9915266036987305,0.8627351522445679,0.4095020294189453,-0.1354517638683319,0.09452211111783981,0.15316544473171234,-0.3700208365917206,0.6540720462799072,0.7871620655059814,-0.317985862493515,-0.09964936971664429,-0.02266617864370346
4.936052322387695,0.9309254884719849,0.8550385236740112,0.056510768830776215,0.027105940505862236,-0.7580288052558899,0.6492027044296265,-0.9224858283996582,-0.009195749647915363,-0.013737204484641552,0.9947965145111084,-0.28911760449409485,0.15160290896892548,-0.5994957089424133,-0.13324227929115295,0.13804075121879578,1.0484310388565063,-0.36152079701423645,0.1514415144920349,0.015316087752580643,-0.21976172924041748,0.0,0.0,-0.07774055004119873,0.24747607111930847,-0.9768446683883667,0.8522623777389526,0.4197632968425751,-0.1415521204471588,0.08788803219795227,0.1561852991580963,-0.40076953172683716,0.6386623382568359,0.7856972813606262,-0.32296574115753174,-0.10445263981819153,-0.025128088891506195
4.9371185302734375,0.9283260703086853,0.8559611439704895,0.05635179579257965,0.019258912652730942,-0.7391372919082642,0.6709170341491699,-0.9283314943313599,-0.01857936941087246,0.010252301581203938,1.006883144378662,-0.2933017909526825,0.17075753211975098,-0.6047325134277344,-0.12640319764614105,0.13287419080734253,1.0659685134887695,-0.34889042377471924,0.15048456192016602,0.0029713958501815796,-0.21453246474266052,0.0,0.0,-0.0499337874352932,0.2822658121585846,-0.9450957179069519,0.8720040321350098,0.4330372214317322,-0.14313754439353943,0.08539324253797531,0.16186824440956116,-0.4245598316192627,0.6158788204193115,0.7994706034660339,-0.3286348581314087,-0.10875707864761353,-0.028764832764863968
4.937995433807373,0.9251625537872314,0.8551443815231323,0.05539563670754433,0.012815188616514206,-0.7234145998954773,0.6880685687065125,-0.931888222694397,-0.023909660056233406,0.026088304817676544,1.0194101333618164,-0.2987939715385437,0.182104229927063,-0.6089450120925903,-0.12084105610847473,0.1286468505859375,1.084578514099121,-0.3392792344093323,0.14609745144844055,-0.0066362349316477776,-0.20659029483795166,0.0,0.0,-0.015521563589572906,0.3032017946243286,-0.8957356214523315,0.922944188117981,0.44548457860946655,-0.1393161416053772,0.08918951451778412,0.16815991699695587,-0.4394286870956421,0.5870213508605957,0.827749490737915,-0.3327534794807434,-0.11038465797901154,-0.0341731496155262
4.938401699066162,0.922274649143219,0.8539319038391113,0.054069098085165024,0.007925274781882763,-0.711558997631073,0.700498104095459,-0.9329875707626343,-0.026081174612045288,0.03483042120933533,1.0284367799758911,-0.30311182141304016,0.18690639734268188,-0.6129966974258423,-0.11704838275909424,0.12431894242763519,1.0998539924621582,-0.3308473825454712,0.13988254964351654,-0.014613194391131401,-0.20106321573257446,0.0,0.0,0.014716509729623795,0.31744134426116943,-0.8352310657501221,0.9840052127838135,0.4517255425453186,-0.13287974894046783,0.10027951002120972,0.17675282061100006,-0.4512876570224762,0.557966947555542,0.8521161079406738,-0.3340669870376587,-0.11187870800495148,-0.0402497872710228
4.938382148742676,0.9202040433883667,0.852680504322052,0.05300893634557724,0.004315062891691923,-0.7034085392951965,0.7087932825088501,-0.9318369030952454,-0.02725290134549141,0.03909683600068092,1.0297174453735352,-0.30658435821533203,0.18757963180541992,-0.6175774931907654,-0.11558616161346436,0.11951851844787598,1.1120657920837402,-0.3221898376941681,0.1341629922389984,-0.02019166573882103,-0.19687864184379578,0.0,0.0,0.0429440476000309,0.32712629437446594,-0.7693348526954651,1.041872501373291,0.4490962326526642,-0.1264379322528839,0.11438949406147003,0.18622717261314392,-0.4596587121486664,0.5288776159286499,0.8708455562591553,-0.3336365818977356,-0.1122594028711319,-0.04736998304724693
4.938318729400635,0.9190870523452759,0.8530850410461426,0.05137783661484718,0.0005026553990319371,-0.6983671188354492,0.7138931751251221,-0.9230360984802246,-0.02982516773045063,0.042149513959884644,1.018218994140625,-0.30798885226249695,0.18629086017608643,-0.6190012097358704,-0.11668258160352707,0.11193612217903137,1.1154085397720337,-0.31261348724365234,0.12918245792388916,-0.02091301418840885,-0.19373580813407898,0.0,0.0,0.07495234906673431,0.33344268798828125,-0.7003034949302673,1.0774073600769043,0.4336665868759155,-0.12351430952548981,0.1298874318599701,0.19233016669750214,-0.46331679821014404,0.5016624331474304,0.8711069822311401,-0.3290616273880005,-0.11295685917139053,-0.05729292333126068
4.93850564956665,0.9183496236801147,0.85270094871521,0.050516195595264435,-0.0020850682631134987,-0.6945109367370605,0.7177035212516785,-0.9159440994262695,-0.034862443804740906,0.04407303035259247,1.0031485557556152,-0.31002023816108704,0.18426427245140076,-0.626483678817749,-0.11943409591913223,0.10327039659023285,1.1213654279708862,-0.3014308512210846,0.12342941761016846,-0.021220847964286804,-0.19739757478237152,0.0,0.0,0.09267469495534897,0.3453773260116577,-0.6403740644454956,1.080209732055664,0.40976765751838684,-0.12216003984212875,0.15148113667964935,0.20390038192272186,-0.4622471332550049,0.4765457212924957,0.8723814487457275,-0.3260533809661865,-0.1117827445268631,-0.0706707015633583
4.9392290115356445,0.9174330234527588,0.8528072237968445,0.04930003732442856,-0.005263934377580881,-0.6910234093666077,0.7211299538612366,-0.904558539390564,-0.04194028675556183,0.04677896201610565,0.9813977479934692,-0.30814334750175476,0.18104644119739532,-0.626419186592102,-0.12434664368629456,0.0943000465631485,1.1240220069885254,-0.29138675332069397,0.11855180561542511,-0.01872890070080757,-0.2050933539867401,0.0,0.0,0.10605056583881378,0.3588484823703766,-0.5953946709632874,1.0578504800796509,0.3818954527378082,-0.12173324823379517,0.17071981728076935,0.2083057463169098,-0.4549115300178528,0.4617627263069153,0.86589515209198,-0.32351410388946533,-0.10922500491142273,-0.08616602420806885
4.940220832824707,0.9164955615997314,0.8529875874519348,0.04772457107901573,-0.007639182265847921,-0.6874727606773376,0.724600076675415,-0.8964470624923706,-0.047841235995292664,0.05078175663948059,0.9618148803710938,-0.3038851320743561,0.17662574350833893,-0.6242937445640564,-0.1275998055934906,0.08578843623399734,1.1250569820404053,-0.28621983528137207,0.11266323924064636,-0.01651974767446518,-0.2157219797372818,0.0,0.0,0.11072148382663727,0.36617690324783325,-0.5621441602706909,1.0317195653915405,0.3560284972190857,-0.12159751355648041,0.19063366949558258,0.2086939513683319,-0.4416690766811371,0.45269954204559326,0.8693467378616333,-0.3226933181285858,-0.10501493513584137,-0.10314663499593735
